<?xml version="1.0" encoding="utf-8"?>
<COLLADA version="1.4.1" xmlns="http://www.collada.org/2005/11/COLLADASchema">
  <asset>
    <created>2010-06-23T19:19:04Z</created>
    <modified>2010-06-23T19:19:04Z</modified>
    <up_axis>Y_UP</up_axis>
  </asset>
  <library_images>
    <image id="koyamado02_bmp-image" name="koyamado02_bmp">
      <init_from>file://koyamado02.bmp</init_from>
    </image>
    <image id="koyamado_bmp-image" name="koyamado_bmp">
      <init_from>file://koyamado.bmp</init_from>
    </image>
    <image id="kikaidanb06_bmp-image" name="kikaidanb06_bmp">
      <init_from>file://kikaidanb06.bmp</init_from>
    </image>
    <image id="kikaidanb05_128_bmp-image" name="kikaidanb05_128_bmp">
      <init_from>file://kikaidanb05_128.bmp</init_from>
    </image>
    <image id="kihashirab_256_bmp-image" name="kihashirab_256_bmp">
      <init_from>file://kihashirab_256.bmp</init_from>
    </image>
    <image id="kikaidanb03_128_bmp-image" name="kikaidanb03_128_bmp">
      <init_from>file://kikaidanb03_128.bmp</init_from>
    </image>
    <image id="kikaidanb02_128_bmp-image" name="kikaidanb02_128_bmp">
      <init_from>file://kikaidanb02_128.bmp</init_from>
    </image>
    <image id="kikaidanb_128_bmp-image" name="kikaidanb_128_bmp">
      <init_from>file://kikaidanb_128.bmp</init_from>
    </image>
    <image id="kikaidanb04_128_bmp-image" name="kikaidanb04_128_bmp">
      <init_from>file://kikaidanb04_128.bmp</init_from>
    </image>
  </library_images>
  <library_materials>
    <material id="m_b_koyamado01" name="m_b_koyamado01">
      <instance_effect url="#m_b_koyamado01-fx" />
    </material>
    <material id="m_b_koyamado00" name="m_b_koyamado00">
      <instance_effect url="#m_b_koyamado00-fx" />
    </material>
    <material id="m_b_koyaita1" name="m_b_koyaita1">
      <instance_effect url="#m_b_koyaita1-fx" />
    </material>
    <material id="m_b_koyahashira1" name="m_b_koyahashira1">
      <instance_effect url="#m_b_koyahashira1-fx" />
    </material>
    <material id="m_b_koyaita" name="m_b_koyaita">
      <instance_effect url="#m_b_koyaita-fx" />
    </material>
    <material id="m_b_koyahashira" name="m_b_koyahashira">
      <instance_effect url="#m_b_koyahashira-fx" />
    </material>
    <material id="m_b_koyaashi" name="m_b_koyaashi">
      <instance_effect url="#m_b_koyaashi-fx" />
    </material>
    <material id="m_b_koyakaidanhashira" name="m_b_koyakaidanhashira">
      <instance_effect url="#m_b_koyakaidanhashira-fx" />
    </material>
    <material id="m_b_koyakaidan01" name="m_b_koyakaidan01">
      <instance_effect url="#m_b_koyakaidan01-fx" />
    </material>
    <material id="m_b_koyakaidan00" name="m_b_koyakaidan00">
      <instance_effect url="#m_b_koyakaidan00-fx" />
    </material>
    <material id="m_b_koyahashi" name="m_b_koyahashi">
      <instance_effect url="#m_b_koyahashi-fx" />
    </material>
  </library_materials>
  <library_effects>
    <effect id="m_b_koyamado01-fx" name="m_b_koyamado01">
      <profile_COMMON>
        <technique sid="standard">
          <phong>
            <emission>
              <color sid="emission">0 0 0 1</color>
            </emission>
            <ambient>
              <color sid="ambient">1 1 1 1</color>
            </ambient>
            <diffuse>
              <texture texture="koyamado02_bmp-image" texcoord="CHANNEL0">
                <extra>
                  <technique profile="MAYA">
                    <wrapU sid="wrapU0">TRUE</wrapU>
                    <wrapV sid="wrapV0">TRUE</wrapV>
                    <blend_mode>NONE</blend_mode>
                  </technique>
                </extra>
              </texture>
            </diffuse>
            <specular>
              <color sid="ambient">0 0 0 1</color>
            </specular>
            <shininess>
              <float sid="shininess">1</float>
            </shininess>
            <reflective>
              <color sid="reflective">0 0 0 1</color>
            </reflective>
            <reflectivity>
              <float sid="reflectivity">0.5</float>
            </reflectivity>
            <transparent>
              <color sid="transparent">0 0 0 1</color>
            </transparent>
            <transparency>
              <float sid="transparency">1</float>
            </transparency>
          </phong>
        </technique>
      </profile_COMMON>
    </effect>
    <effect id="m_b_koyamado00-fx" name="m_b_koyamado00">
      <profile_COMMON>
        <technique sid="standard">
          <phong>
            <emission>
              <color sid="emission">0 0 0 1</color>
            </emission>
            <ambient>
              <color sid="ambient">1 1 1 1</color>
            </ambient>
            <diffuse>
              <texture texture="koyamado_bmp-image" texcoord="CHANNEL0">
                <extra>
                  <technique profile="MAYA">
                    <wrapU sid="wrapU0">TRUE</wrapU>
                    <wrapV sid="wrapV0">TRUE</wrapV>
                    <blend_mode>NONE</blend_mode>
                  </technique>
                </extra>
              </texture>
            </diffuse>
            <specular>
              <color sid="ambient">0 0 0 1</color>
            </specular>
            <shininess>
              <float sid="shininess">1</float>
            </shininess>
            <reflective>
              <color sid="reflective">0 0 0 1</color>
            </reflective>
            <reflectivity>
              <float sid="reflectivity">0.5</float>
            </reflectivity>
            <transparent>
              <color sid="transparent">0 0 0 1</color>
            </transparent>
            <transparency>
              <float sid="transparency">1</float>
            </transparency>
          </phong>
        </technique>
      </profile_COMMON>
    </effect>
    <effect id="m_b_koyaita1-fx" name="m_b_koyaita1">
      <profile_COMMON>
        <technique sid="standard">
          <phong>
            <emission>
              <color sid="emission">0 0 0 1</color>
            </emission>
            <ambient>
              <color sid="ambient">1 1 1 1</color>
            </ambient>
            <diffuse>
              <texture texture="kikaidanb06_bmp-image" texcoord="CHANNEL0">
                <extra>
                  <technique profile="MAYA">
                    <wrapU sid="wrapU0">TRUE</wrapU>
                    <wrapV sid="wrapV0">TRUE</wrapV>
                    <blend_mode>NONE</blend_mode>
                  </technique>
                </extra>
              </texture>
            </diffuse>
            <specular>
              <color sid="ambient">0 0 0 1</color>
            </specular>
            <shininess>
              <float sid="shininess">1</float>
            </shininess>
            <reflective>
              <color sid="reflective">0 0 0 1</color>
            </reflective>
            <reflectivity>
              <float sid="reflectivity">0.5</float>
            </reflectivity>
            <transparent>
              <color sid="transparent">0 0 0 1</color>
            </transparent>
            <transparency>
              <float sid="transparency">1</float>
            </transparency>
          </phong>
        </technique>
      </profile_COMMON>
    </effect>
    <effect id="m_b_koyahashira1-fx" name="m_b_koyahashira1">
      <profile_COMMON>
        <technique sid="standard">
          <phong>
            <emission>
              <color sid="emission">0 0 0 1</color>
            </emission>
            <ambient>
              <color sid="ambient">1 1 1 1</color>
            </ambient>
            <diffuse>
              <texture texture="kikaidanb05_128_bmp-image" texcoord="CHANNEL0">
                <extra>
                  <technique profile="MAYA">
                    <wrapU sid="wrapU0">TRUE</wrapU>
                    <wrapV sid="wrapV0">TRUE</wrapV>
                    <blend_mode>NONE</blend_mode>
                  </technique>
                </extra>
              </texture>
            </diffuse>
            <specular>
              <color sid="ambient">0 0 0 1</color>
            </specular>
            <shininess>
              <float sid="shininess">1</float>
            </shininess>
            <reflective>
              <color sid="reflective">0 0 0 1</color>
            </reflective>
            <reflectivity>
              <float sid="reflectivity">0.5</float>
            </reflectivity>
            <transparent>
              <color sid="transparent">0 0 0 1</color>
            </transparent>
            <transparency>
              <float sid="transparency">1</float>
            </transparency>
          </phong>
        </technique>
      </profile_COMMON>
    </effect>
    <effect id="m_b_koyaita-fx" name="m_b_koyaita">
      <profile_COMMON>
        <technique sid="standard">
          <phong>
            <emission>
              <color sid="emission">0 0 0 1</color>
            </emission>
            <ambient>
              <color sid="ambient">1 1 1 1</color>
            </ambient>
            <diffuse>
              <texture texture="kikaidanb06_bmp-image" texcoord="CHANNEL0">
                <extra>
                  <technique profile="MAYA">
                    <wrapU sid="wrapU0">TRUE</wrapU>
                    <wrapV sid="wrapV0">TRUE</wrapV>
                    <blend_mode>NONE</blend_mode>
                  </technique>
                </extra>
              </texture>
            </diffuse>
            <specular>
              <color sid="ambient">0 0 0 1</color>
            </specular>
            <shininess>
              <float sid="shininess">1</float>
            </shininess>
            <reflective>
              <color sid="reflective">0 0 0 1</color>
            </reflective>
            <reflectivity>
              <float sid="reflectivity">0.5</float>
            </reflectivity>
            <transparent>
              <color sid="transparent">0 0 0 1</color>
            </transparent>
            <transparency>
              <float sid="transparency">1</float>
            </transparency>
          </phong>
        </technique>
      </profile_COMMON>
    </effect>
    <effect id="m_b_koyahashira-fx" name="m_b_koyahashira">
      <profile_COMMON>
        <technique sid="standard">
          <phong>
            <emission>
              <color sid="emission">0 0 0 1</color>
            </emission>
            <ambient>
              <color sid="ambient">1 1 1 1</color>
            </ambient>
            <diffuse>
              <texture texture="kikaidanb05_128_bmp-image" texcoord="CHANNEL0">
                <extra>
                  <technique profile="MAYA">
                    <wrapU sid="wrapU0">TRUE</wrapU>
                    <wrapV sid="wrapV0">TRUE</wrapV>
                    <blend_mode>NONE</blend_mode>
                  </technique>
                </extra>
              </texture>
            </diffuse>
            <specular>
              <color sid="ambient">0 0 0 1</color>
            </specular>
            <shininess>
              <float sid="shininess">1</float>
            </shininess>
            <reflective>
              <color sid="reflective">0 0 0 1</color>
            </reflective>
            <reflectivity>
              <float sid="reflectivity">0.5</float>
            </reflectivity>
            <transparent>
              <color sid="transparent">0 0 0 1</color>
            </transparent>
            <transparency>
              <float sid="transparency">1</float>
            </transparency>
          </phong>
        </technique>
      </profile_COMMON>
    </effect>
    <effect id="m_b_koyaashi-fx" name="m_b_koyaashi">
      <profile_COMMON>
        <technique sid="standard">
          <phong>
            <emission>
              <color sid="emission">0 0 0 1</color>
            </emission>
            <ambient>
              <color sid="ambient">1 1 1 1</color>
            </ambient>
            <diffuse>
              <texture texture="kihashirab_256_bmp-image" texcoord="CHANNEL0">
                <extra>
                  <technique profile="MAYA">
                    <wrapU sid="wrapU0">TRUE</wrapU>
                    <wrapV sid="wrapV0">TRUE</wrapV>
                    <blend_mode>NONE</blend_mode>
                  </technique>
                </extra>
              </texture>
            </diffuse>
            <specular>
              <color sid="ambient">0 0 0 1</color>
            </specular>
            <shininess>
              <float sid="shininess">1</float>
            </shininess>
            <reflective>
              <color sid="reflective">0 0 0 1</color>
            </reflective>
            <reflectivity>
              <float sid="reflectivity">0.5</float>
            </reflectivity>
            <transparent>
              <color sid="transparent">0 0 0 1</color>
            </transparent>
            <transparency>
              <float sid="transparency">1</float>
            </transparency>
          </phong>
        </technique>
      </profile_COMMON>
    </effect>
    <effect id="m_b_koyakaidanhashira-fx" name="m_b_koyakaidanhashira">
      <profile_COMMON>
        <technique sid="standard">
          <phong>
            <emission>
              <color sid="emission">0 0 0 1</color>
            </emission>
            <ambient>
              <color sid="ambient">1 1 1 1</color>
            </ambient>
            <diffuse>
              <texture texture="kikaidanb03_128_bmp-image" texcoord="CHANNEL0">
                <extra>
                  <technique profile="MAYA">
                    <wrapU sid="wrapU0">TRUE</wrapU>
                    <wrapV sid="wrapV0">TRUE</wrapV>
                    <blend_mode>NONE</blend_mode>
                  </technique>
                </extra>
              </texture>
            </diffuse>
            <specular>
              <color sid="ambient">0 0 0 1</color>
            </specular>
            <shininess>
              <float sid="shininess">1</float>
            </shininess>
            <reflective>
              <color sid="reflective">0 0 0 1</color>
            </reflective>
            <reflectivity>
              <float sid="reflectivity">0.5</float>
            </reflectivity>
            <transparent>
              <color sid="transparent">0 0 0 1</color>
            </transparent>
            <transparency>
              <float sid="transparency">1</float>
            </transparency>
          </phong>
        </technique>
      </profile_COMMON>
    </effect>
    <effect id="m_b_koyakaidan01-fx" name="m_b_koyakaidan01">
      <profile_COMMON>
        <technique sid="standard">
          <phong>
            <emission>
              <color sid="emission">0 0 0 1</color>
            </emission>
            <ambient>
              <color sid="ambient">1 1 1 1</color>
            </ambient>
            <diffuse>
              <texture texture="kikaidanb02_128_bmp-image" texcoord="CHANNEL0">
                <extra>
                  <technique profile="MAYA">
                    <wrapU sid="wrapU0">TRUE</wrapU>
                    <wrapV sid="wrapV0">TRUE</wrapV>
                    <blend_mode>NONE</blend_mode>
                  </technique>
                </extra>
              </texture>
            </diffuse>
            <specular>
              <color sid="ambient">0 0 0 1</color>
            </specular>
            <shininess>
              <float sid="shininess">1</float>
            </shininess>
            <reflective>
              <color sid="reflective">0 0 0 1</color>
            </reflective>
            <reflectivity>
              <float sid="reflectivity">0.5</float>
            </reflectivity>
            <transparent>
              <color sid="transparent">0 0 0 1</color>
            </transparent>
            <transparency>
              <float sid="transparency">1</float>
            </transparency>
          </phong>
        </technique>
      </profile_COMMON>
    </effect>
    <effect id="m_b_koyakaidan00-fx" name="m_b_koyakaidan00">
      <profile_COMMON>
        <technique sid="standard">
          <phong>
            <emission>
              <color sid="emission">0 0 0 1</color>
            </emission>
            <ambient>
              <color sid="ambient">1 1 1 1</color>
            </ambient>
            <diffuse>
              <texture texture="kikaidanb_128_bmp-image" texcoord="CHANNEL0">
                <extra>
                  <technique profile="MAYA">
                    <wrapU sid="wrapU0">TRUE</wrapU>
                    <wrapV sid="wrapV0">TRUE</wrapV>
                    <blend_mode>NONE</blend_mode>
                  </technique>
                </extra>
              </texture>
            </diffuse>
            <specular>
              <color sid="ambient">0 0 0 1</color>
            </specular>
            <shininess>
              <float sid="shininess">1</float>
            </shininess>
            <reflective>
              <color sid="reflective">0 0 0 1</color>
            </reflective>
            <reflectivity>
              <float sid="reflectivity">0.5</float>
            </reflectivity>
            <transparent>
              <color sid="transparent">0 0 0 1</color>
            </transparent>
            <transparency>
              <float sid="transparency">1</float>
            </transparency>
          </phong>
        </technique>
      </profile_COMMON>
    </effect>
    <effect id="m_b_koyahashi-fx" name="m_b_koyahashi">
      <profile_COMMON>
        <technique sid="standard">
          <phong>
            <emission>
              <color sid="emission">0 0 0 1</color>
            </emission>
            <ambient>
              <color sid="ambient">1 1 1 1</color>
            </ambient>
            <diffuse>
              <texture texture="kikaidanb04_128_bmp-image" texcoord="CHANNEL0">
                <extra>
                  <technique profile="MAYA">
                    <wrapU sid="wrapU0">TRUE</wrapU>
                    <wrapV sid="wrapV0">TRUE</wrapV>
                    <blend_mode>NONE</blend_mode>
                  </technique>
                </extra>
              </texture>
            </diffuse>
            <specular>
              <color sid="ambient">0 0 0 1</color>
            </specular>
            <shininess>
              <float sid="shininess">1</float>
            </shininess>
            <reflective>
              <color sid="reflective">0 0 0 1</color>
            </reflective>
            <reflectivity>
              <float sid="reflectivity">0.5</float>
            </reflectivity>
            <transparent>
              <color sid="transparent">0 0 0 1</color>
            </transparent>
            <transparency>
              <float sid="transparency">1</float>
            </transparency>
          </phong>
        </technique>
      </profile_COMMON>
    </effect>
  </library_effects>
  <library_geometries>
    <geometry id="o_b_koyamadogara_g_0-lib" name="o_b_koyamadogara_g_0Mesh">
      <mesh>
        <source id="o_b_koyamadogara_g_0-lib-Position">
          <float_array id="o_b_koyamadogara_g_0-lib-Position-array" count="12">
-438.3062 54.76021 452.7592
-438.3063 54.76021 469.1427
-438.3063 37.32707 469.1427
-438.3069 37.32707 452.7692
</float_array>
          <technique_common>
            <accessor source="#o_b_koyamadogara_g_0-lib-Position-array" count="4" stride="3">
              <param name="X" type="float" />
              <param name="Y" type="float" />
              <param name="Z" type="float" />
            </accessor>
          </technique_common>
        </source>
        <source id="o_b_koyamadogara_g_0-lib-Normal0">
          <float_array id="o_b_koyamadogara_g_0-lib-Normal0-array" count="12">
1 -0.000034 0.000002
1 -0.000017 -0.000017
1 -0.000001 -0.000035
1 -0.000017 -0.000017
</float_array>
          <technique_common>
            <accessor source="#o_b_koyamadogara_g_0-lib-Normal0-array" count="4" stride="3">
              <param name="X" type="float" />
              <param name="Y" type="float" />
              <param name="Z" type="float" />
            </accessor>
          </technique_common>
        </source>
        <source id="o_b_koyamadogara_g_0-lib-UV0">
          <float_array id="o_b_koyamadogara_g_0-lib-UV0-array" count="8">
0.822962 1.962531
0.184144 1.962531
0.184144 1.00688
0.8225679 1.00688
</float_array>
          <technique_common>
            <accessor source="#o_b_koyamadogara_g_0-lib-UV0-array" count="4" stride="2">
              <param name="S" type="float" />
              <param name="T" type="float" />
            </accessor>
          </technique_common>
        </source>
        <vertices id="o_b_koyamadogara_g_0-lib-Vertex">
          <input semantic="POSITION" source="#o_b_koyamadogara_g_0-lib-Position" />
        </vertices>
        <polygons material="m_b_koyamado01" count="2">
          <input semantic="VERTEX" offset="0" source="#o_b_koyamadogara_g_0-lib-Vertex" />
          <input semantic="NORMAL" offset="1" source="#o_b_koyamadogara_g_0-lib-Normal0" />
          <input semantic="TEXCOORD" offset="2" set="0" source="#o_b_koyamadogara_g_0-lib-UV0" />
          <p>0 0 0 1 1 1 3 3 3</p>
          <p>1 1 1 2 2 2 3 3 3</p>
        </polygons>
      </mesh>
    </geometry>
    <geometry id="o_b_koyamadogara_g_1-lib" name="o_b_koyamadogara_g_1Mesh">
      <mesh>
        <source id="o_b_koyamadogara_g_1-lib-Position">
          <float_array id="o_b_koyamadogara_g_1-lib-Position-array" count="12">
-441.3177 54.75834 444.2683
-441.3177 37.40651 444.268
-457.5508 37.40651 444.268
-457.5508 54.75834 444.268
</float_array>
          <technique_common>
            <accessor source="#o_b_koyamadogara_g_1-lib-Position-array" count="4" stride="3">
              <param name="X" type="float" />
              <param name="Y" type="float" />
              <param name="Z" type="float" />
            </accessor>
          </technique_common>
        </source>
        <source id="o_b_koyamadogara_g_1-lib-Normal0">
          <float_array id="o_b_koyamadogara_g_1-lib-Normal0-array" count="12">
0.000022 0.000019 -1
0.000009999999 0.000009999999 -1
-0.000001 0 -1
0.000009999999 0.000009999999 -1
</float_array>
          <technique_common>
            <accessor source="#o_b_koyamadogara_g_1-lib-Normal0-array" count="4" stride="3">
              <param name="X" type="float" />
              <param name="Y" type="float" />
              <param name="Z" type="float" />
            </accessor>
          </technique_common>
        </source>
        <source id="o_b_koyamadogara_g_1-lib-UV0">
          <float_array id="o_b_koyamadogara_g_1-lib-UV0-array" count="8">
0.928065 1.994668
0.928065 1.004771
0.09280299 1.004771
0.09280299 1.994668
</float_array>
          <technique_common>
            <accessor source="#o_b_koyamadogara_g_1-lib-UV0-array" count="4" stride="2">
              <param name="S" type="float" />
              <param name="T" type="float" />
            </accessor>
          </technique_common>
        </source>
        <vertices id="o_b_koyamadogara_g_1-lib-Vertex">
          <input semantic="POSITION" source="#o_b_koyamadogara_g_1-lib-Position" />
        </vertices>
        <polygons material="m_b_koyamado00" count="2">
          <input semantic="VERTEX" offset="0" source="#o_b_koyamadogara_g_1-lib-Vertex" />
          <input semantic="NORMAL" offset="1" source="#o_b_koyamadogara_g_1-lib-Normal0" />
          <input semantic="TEXCOORD" offset="2" set="0" source="#o_b_koyamadogara_g_1-lib-UV0" />
          <p>0 0 0 1 1 1 3 3 3</p>
          <p>1 1 1 2 2 2 3 3 3</p>
        </polygons>
      </mesh>
    </geometry>
    <geometry id="o_b_koyayane_0-lib" name="o_b_koyayane_0Mesh">
      <mesh>
        <source id="o_b_koyayane_0-lib-Position">
          <float_array id="o_b_koyayane_0-lib-Position-array" count="264">
-487.4455 80.63034 469.1306
-458.6927 64.46409 441.131
-457.0573 81.55817 468.5561
-457.0573 80.63034 468.7612
-431.1574 65.20909 440.2013
-431.1574 81.55817 468.5561
-456.6161 81.55817 468.5561
-457.4525 65.20909 440.3099
-431.1574 80.63034 468.7612
-431.1574 64.49998 440.8619
-487.475 65.20909 498.1003
-487.475 81.55817 469.7455
-516.7694 64.99097 498.1003
-516.3248 64.28185 497.4397
-487.475 64.49998 497.4397
-457.0573 65.20909 498.1003
-457.0573 81.55817 469.7455
-487.0685 81.55817 469.7455
-487.0685 65.20909 498.1003
-457.0573 80.63034 469.5401
-457.0517 64.49998 497.4397
-431.1574 65.20909 498.1003
-431.1574 81.55817 469.7455
-456.6161 81.55817 469.7455
-456.6161 65.20909 498.1003
-431.1574 80.63034 469.5401
-431.1574 64.49998 497.4397
-457.9563 65.38896 440.5946
-486.4941 81.55817 468.6866
-458.0479 65.18752 439.3626
-486.9672 81.66085 440.0175
-486.9673 81.66085 392.7892
-458.0479 65.18752 392.6322
-458.6928 64.46409 392.6322
-487.1723 80.72707 392.7892
-487.1723 80.72707 440.0175
-486.9673 81.66085 440.4441
-516.3715 65.18752 440.1352
-487.8778 81.66085 440.0175
-487.8777 81.66085 392.7892
-516.3715 65.18752 392.6322
-515.7266 64.46409 392.6322
-487.6849 80.72707 392.7892
-487.6849 80.72707 440.0175
-515.7266 64.46409 440.1352
-516.3715 65.18752 468.4238
-487.8778 81.66085 468.5809
-487.8777 81.66085 440.4441
-516.3715 65.18752 440.6275
-515.7266 64.46409 468.4211
-429.7144 83.10342 470.3109
-488.5732 83.10342 470.3109
-486.0408 83.13808 391.9418
-458.6927 64.46409 441.131
-487.4455 80.63034 469.1306
-458.4453 65.47411 440.2749
-487.1758 81.56059 468.0245
-458.6927 64.46409 441.131
-457.0573 80.63034 468.7612
-487.4455 80.63034 469.1306
-487.475 64.49998 497.4397
-487.4455 80.63034 469.1306
-457.0573 80.63034 469.5401
-457.0517 64.49998 497.4397
-458.6927 64.46409 441.131
-487.1723 80.72707 440.0175
-487.4455 80.63034 469.1306
-487.6849 80.72707 440.0175
-515.7266 64.46409 440.1352
-515.7266 64.46409 468.4211
-487.4455 80.63034 469.1306
-516.3248 64.28185 497.4397
-517.0994 64.63348 497.8944
-487.8778 81.66086 469.0575
-516.3715 65.18752 468.8535
-429.7144 83.10342 467.9982
-429.5092 83.10342 467.9982
-429.5092 83.10342 470.3109
-429.7144 83.10342 470.3109
-486.259 83.10342 467.9982
-429.7144 83.10342 467.9982
-488.3535 83.13808 391.9418
-488.3535 83.13808 391.7366
-486.0408 83.13808 391.7366
-488.5732 83.10342 470.3109
-486.259 83.10342 467.9982
-488.3535 83.13808 391.9418
-486.0408 83.13808 391.9418
</float_array>
          <technique_common>
            <accessor source="#o_b_koyayane_0-lib-Position-array" count="88" stride="3">
              <param name="X" type="float" />
              <param name="Y" type="float" />
              <param name="Z" type="float" />
            </accessor>
          </technique_common>
        </source>
        <source id="o_b_koyayane_0-lib-Normal0">
          <float_array id="o_b_koyayane_0-lib-Normal0-array" count="264">
0.006135 -0.863259 0.504723
0.006095999 -0.863259 0.504725
-0.002219 0.86571 -0.500541
0.004064 -0.8640849 0.503329
-0.002065 0.866308 -0.499505
-0.001033 0.865894 -0.500226
0 0.8654779 -0.5009459
-0.001033 0.865894 -0.500226
0 -0.8657201 0.500528
0.003029 -0.8644961 0.502631
-0.00645 0.866293 0.499495
-0.00645 0.866293 0.499495
-0.00645 0.866293 0.499495
0.006569 -0.868838 -0.495052
0.003284 -0.8688509 -0.495063
0 0.8663111 0.499506
0 0.8663099 0.499506
0 0.8663099 0.499506
0 0.8663099 0.499506
0.003372 -0.8657171 -0.500522
0.001686 -0.8665071 -0.4991611
0 0.8663111 0.499506
0 0.8663111 0.499506
0 0.8663111 0.499505
0 0.8663111 0.499506
0 -0.865723 -0.500524
0 -0.865723 -0.500524
-0.002219 0.86571 -0.500541
-0.002219 0.86571 -0.500541
0.49496 0.868916 0
0.494961 0.868915 0
0.49496 0.868916 0
0.49496 0.868916 0
-0.495885 -0.868388 0
-0.495885 -0.868388 0
-0.49581 -0.8684279 -0.002512
0.493592 0.869666 0.006893
-0.500512 0.86573 0
-0.500512 0.86573 0
-0.500512 0.86573 0
-0.500512 0.86573 0
0.50169 -0.8650471 0
0.50169 -0.8650471 0
0.499927 -0.866064 -0.002322
0.50169 -0.8650481 0
-0.5005111 0.86573 0
-0.500512 0.86573 -0.000001
-0.5005111 0.86573 0
-0.5005111 0.86573 0
0.498091 -0.867124 -0.00073
0 1 0.000001
0 1 -0.000002
0 1 0
-0.49577 -0.868445 -0.003768
-0.495649 -0.8684911 -0.007536
0.493592 0.869666 0.006893
0.493592 0.869666 0.006893
0.006095999 -0.863259 0.504725
0.004064 -0.8640849 0.503329
0.004438 -0.8678061 -0.496882
0.003284 -0.8688509 -0.495063
0.004438 -0.8678061 -0.496882
0.003372 -0.8657171 -0.500522
0.001686 -0.8665071 -0.4991611
-0.49577 -0.868445 -0.003768
-0.49581 -0.8684279 -0.002512
0.496289 -0.868157 -0.001096
0.499927 -0.866064 -0.002322
0.50169 -0.8650481 0
0.498091 -0.867124 -0.00073
0.496289 -0.868157 -0.001096
0.496172 -0.8682111 0.004775
-0.500529 0.865711 0.00397
-0.500529 0.865711 0.00397
-0.500529 0.865711 0.00397
0 1 0.000001
0 1 0.000001
0 1 0.000001
0 1 -0.000002
0 1 -0.000002
0 1 -0.000002
0 1 0.00003
0 1 0
0 1 -0.00003
0.000443 1 0.000443
0.000222 1 0.000449
0.000222 1 0.000449
0 1 0.000456
</float_array>
          <technique_common>
            <accessor source="#o_b_koyayane_0-lib-Normal0-array" count="88" stride="3">
              <param name="X" type="float" />
              <param name="Y" type="float" />
              <param name="Z" type="float" />
            </accessor>
          </technique_common>
        </source>
        <source id="o_b_koyayane_0-lib-UV0">
          <float_array id="o_b_koyayane_0-lib-UV0-array" count="176">
2.754144 -1.003711
1.242693 -2.013219
2.754093 -2.013219
2.754092 -2.013219
1.242693 -2.013219
2.754092 -2.013219
2.754092 -1.003711
1.242693 -1.003711
2.754144 -2.013219
1.242693 -2.013219
1.242693 -2.013219
2.754092 -1.508465
1.242693 -1.003711
1.242693 -1.003711
1.242693 -2.013219
1.242693 -2.013219
2.754092 -2.013219
2.754092 -1.003711
1.242693 -1.003711
2.754144 -2.013219
1.242693 -2.013219
1.242693 -2.013219
2.754092 -2.013219
2.754092 -1.003711
1.242693 -1.003711
2.754144 -2.013219
1.242693 -2.013219
1.242693 -2.013219
2.754144 -1.003711
1.242693 -2.013219
2.754144 -2.013219
2.754144 -1.003711
1.242693 -1.003711
1.242693 -1.003711
2.754144 -1.003711
2.754144 -2.013219
2.754092 -1.003711
1.242693 -2.013219
2.754144 -2.013219
2.754144 -1.003711
1.242693 -1.003711
1.242693 -1.003711
2.754144 -1.003711
2.754144 -2.013219
1.242693 -2.013219
1.242693 -2.013219
2.754144 -2.013219
2.754144 -1.003711
1.242693 -1.003711
1.242693 -2.013219
2.416629 -3.967377
2.416625 -3.024338
2.416629 -3.967377
1.242693 -2.013219
2.754144 -2.013219
1.242693 -1.003711
2.754144 -2.013219
1.242693 -1.003711
2.754144 -1.003711
2.754144 -1.508465
1.242693 -1.003711
2.754144 -1.003711
2.754144 -1.003711
1.242693 -1.003711
1.242693 -1.003711
2.754092 -1.003711
2.754144 -2.013219
2.754144 -1.003711
1.242693 -1.003711
1.242693 -1.003711
2.754144 -1.003711
1.242693 -2.013219
1.242693 -2.013219
2.754144 -1.003711
1.242693 -1.003711
2.468879 -3.967381
2.468879 -4.004307
2.416629 -4.004303
2.416629 -3.967377
2.468878 -3.024338
2.468879 -3.967381
2.468879 -3.967381
2.468879 -4.004307
2.416629 -4.004303
2.468878 -3.024338
2.416625 -3.024338
2.468879 -3.967381
2.416629 -3.967377
</float_array>
          <technique_common>
            <accessor source="#o_b_koyayane_0-lib-UV0-array" count="88" stride="2">
              <param name="S" type="float" />
              <param name="T" type="float" />
            </accessor>
          </technique_common>
        </source>
        <vertices id="o_b_koyayane_0-lib-Vertex">
          <input semantic="POSITION" source="#o_b_koyayane_0-lib-Position" />
        </vertices>
        <polygons material="m_b_koyaita1" count="40">
          <input semantic="VERTEX" offset="0" source="#o_b_koyayane_0-lib-Vertex" />
          <input semantic="NORMAL" offset="1" source="#o_b_koyayane_0-lib-Normal0" />
          <input semantic="TEXCOORD" offset="2" set="0" source="#o_b_koyayane_0-lib-UV0" />
          <p>27 27 27 28 28 28 2 2 2</p>
          <p>1 1 1 3 3 3 0 0 0</p>
          <p>4 4 4 7 7 7 5 5 5</p>
          <p>7 7 7 6 6 6 5 5 5</p>
          <p>57 57 57 9 9 9 58 58 58</p>
          <p>9 9 9 8 8 8 58 58 58</p>
          <p>10 10 10 11 11 11 12 12 12</p>
          <p>13 13 13 59 59 59 14 14 14</p>
          <p>15 15 15 16 16 16 18 18 18</p>
          <p>16 16 16 17 17 17 18 18 18</p>
          <p>60 60 60 61 61 61 20 20 20</p>
          <p>61 61 61 19 19 19 20 20 20</p>
          <p>21 21 21 22 22 22 24 24 24</p>
          <p>22 22 22 23 23 23 24 24 24</p>
          <p>62 62 62 25 25 25 63 63 63</p>
          <p>63 63 63 25 25 25 26 26 26</p>
          <p>30 30 30 29 29 29 31 31 31</p>
          <p>29 29 29 32 32 32 31 31 31</p>
          <p>53 53 53 35 35 35 33 33 33</p>
          <p>33 33 33 35 35 35 34 34 34</p>
          <p>64 64 64 54 54 54 65 65 65</p>
          <p>37 37 37 38 38 38 40 40 40</p>
          <p>38 38 38 39 39 39 40 40 40</p>
          <p>41 41 41 42 42 42 44 44 44</p>
          <p>42 42 42 43 43 43 44 44 44</p>
          <p>46 46 46 47 47 47 45 45 45</p>
          <p>45 45 45 47 47 47 48 48 48</p>
          <p>66 66 66 49 49 49 67 67 67</p>
          <p>68 68 68 67 67 67 49 49 49</p>
          <p>69 69 69 70 70 70 71 71 71</p>
          <p>72 72 72 73 73 73 74 74 74</p>
          <p>55 55 55 36 36 36 56 56 56</p>
          <p>75 75 75 50 50 50 76 76 76</p>
          <p>50 50 50 77 77 77 76 76 76</p>
          <p>51 51 51 78 78 78 79 79 79</p>
          <p>79 79 79 78 78 78 80 80 80</p>
          <p>81 81 81 52 52 52 82 82 82</p>
          <p>52 52 52 83 83 83 82 82 82</p>
          <p>84 84 84 85 85 85 86 86 86</p>
          <p>85 85 85 87 87 87 86 86 86</p>
        </polygons>
      </mesh>
    </geometry>
    <geometry id="o_b_koyayane_1-lib" name="o_b_koyayane_1Mesh">
      <mesh>
        <source id="o_b_koyayane_1-lib-Position">
          <float_array id="o_b_koyayane_1-lib-Position-array" count="1902">
-458.5081 63.4514 440.9956
-457.0704 65.08192 439.355
-487.4674 82.27016 469.1501
-458.8029 63.59005 441.2618
-457.2863 64.45373 439.7172
-458.1245 64.85166 440.516
-457.0572 82.27016 469.1501
-457.9068 65.47986 440.1538
-457.0573 81.82894 468.3999
-430.8273 63.49425 441.1899
-430.8273 79.84638 468.7611
-430.7031 65.08192 439.355
-431.1574 65.47986 440.0452
-431.1574 81.82894 468.3999
-456.6161 81.82894 468.3999
-457.4525 65.47986 440.1538
-431.1574 79.84642 468.7611
-431.1574 63.63665 441.3596
-430.7031 64.45373 439.7172
-430.8273 81.20103 468.7614
-430.8273 64.8516 440.4073
-430.7031 65.47986 440.0452
-431.1569 65.4799 440.0451
-457.4531 65.4799 440.1538
-430.7031 64.85166 440.4074
-430.7031 81.20074 468.7614
-430.7031 81.82894 468.3999
-487.4674 63.49425 497.1117
-487.4748 65.08192 498.9466
-517.6243 64.65604 498.5769
-516.4409 63.15172 496.9713
-487.475 65.47987 498.2565
-487.4674 81.82894 469.9017
-516.7694 65.26173 498.2564
-516.1108 63.29412 496.8016
-487.4674 63.63665 496.942
-487.4748 64.45373 498.5844
-517.4393 63.73654 498.1457
-487.4748 64.8516 497.8943
-487.8778 81.66086 469.0575
-517.0994 64.63348 497.8944
-517.2236 65.26173 498.2564
-516.7699 65.26177 498.2565
-517.2236 65.26585 497.8476
-488.0279 81.93498 469.0324
-457.0607 63.49425 497.1117
-457.0704 65.08192 498.9466
-457.0704 65.47986 498.2564
-457.0573 81.82894 469.9017
-487.0685 81.82894 469.9017
-487.0685 65.47986 498.2564
-457.0517 63.63665 496.942
-457.0704 64.45373 498.5844
-457.0704 64.85166 497.8942
-487.069 65.4799 498.2565
-430.8273 63.49425 497.1117
-430.8273 79.84335 469.5403
-430.7031 65.08192 498.9466
-431.1574 65.47986 498.2564
-431.1574 81.82894 469.9017
-456.6161 81.82894 469.9017
-456.6161 65.47986 498.2564
-431.1574 79.84333 469.5403
-431.1574 63.63665 496.942
-430.7031 64.45373 498.5844
-430.8273 81.20103 469.5401
-430.8273 64.8516 497.8943
-430.7031 65.47986 498.2564
-431.1569 65.4799 498.2565
-456.6166 65.4799 498.2565
-430.7031 64.85166 497.8942
-430.7031 81.20074 469.5402
-430.7031 81.82894 469.9017
-457.8926 65.75347 440.6266
-486.3469 81.82407 468.6863
-487.1738 81.82644 468.0586
-458.2675 65.68518 440.1575
-487.1758 81.56059 468.0245
-458.4453 65.47411 440.2749
-487.4225 82.25049 440.0175
-457.1991 65.07895 392.1994
-458.9987 63.45141 392.3177
-487.1722 79.92509 392.4748
-457.8977 65.46166 439.3626
-486.8171 81.93498 440.0175
-486.8171 81.93498 392.7892
-457.8978 65.46165 392.6322
-459.1715 63.59005 392.6322
-487.1723 79.85303 392.7892
-457.5474 64.44296 392.1994
-487.1722 81.29928 392.4748
-458.246 64.8256 392.3177
-457.8978 65.46165 392.1994
-457.8977 65.46169 392.6317
-458.2461 64.82565 392.1994
-487.1722 81.29899 392.3564
-486.8171 81.93498 392.3564
-486.8171 81.93498 440.4441
-515.4207 63.45141 440.1352
-517.2204 65.07895 440.1352
-517.2203 65.07895 392.1994
-515.4207 63.45141 392.3177
-487.6848 79.92509 392.4748
-516.5217 65.46166 440.1352
-488.0279 81.93498 440.0175
-488.0279 81.93498 392.7892
-516.5216 65.46165 392.6322
-515.2479 63.59005 392.6322
-487.6848 79.85303 392.7892
-515.2479 63.59005 440.1352
-516.872 64.44296 440.1352
-516.872 64.44296 392.1994
-516.1734 64.8256 440.1352
-487.6848 81.29928 392.4748
-516.1734 64.8256 392.3177
-516.5216 65.46165 392.1994
-516.5217 65.46169 392.6317
-516.1733 64.82565 392.1994
-487.6848 81.29899 392.3564
-488.0279 81.93498 392.3564
-515.4207 63.45141 468.4207
-517.2203 65.07895 468.4207
-516.5216 65.46165 468.4207
-488.0279 81.93498 468.5777
-488.0279 81.93498 440.4441
-516.5216 65.46165 440.6275
-515.2479 63.59005 468.4211
-516.872 64.44296 468.4207
-516.1734 64.8256 468.4207
-516.5217 65.46169 440.627
-516.5216 65.46165 468.8535
-516.3715 65.18752 468.8535
-516.5217 65.46169 468.853
-487.6539 79.79665 469.6008
-429.7144 79.79664 469.6008
-429.5092 81.21852 469.6008
-429.5092 81.21852 468.7082
-486.7252 79.79665 468.7083
-429.7144 79.79664 468.7082
-429.5092 82.38475 470.3109
-429.5092 82.38475 467.9982
-429.5092 83.10342 470.3109
-429.5092 83.10342 467.9982
-429.7144 81.21852 469.6008
-429.7144 81.21852 468.7082
-429.7144 82.38475 470.3109
-429.7144 82.38475 467.9982
-429.7144 83.10342 467.9982
-487.6539 81.21852 469.6008
-486.7252 81.21852 468.7083
-488.5732 82.38475 470.3109
-486.259 82.38475 467.9982
-486.259 83.10342 467.9982
-486.7509 79.83129 391.9418
-486.7509 81.25317 391.7366
-487.6435 81.25317 391.7366
-487.6435 79.83129 391.9418
-486.0408 82.4194 391.7366
-488.3535 82.4194 391.7366
-486.0408 83.13808 391.7366
-488.3535 83.13808 391.7366
-486.7509 81.25317 391.9418
-487.6435 81.25317 391.9418
-486.0408 82.4194 391.9418
-488.3535 82.4194 391.9418
-488.3535 83.13808 391.9418
-458.5081 63.4514 440.9956
-458.1245 64.85166 440.516
-458.8029 63.59005 441.2618
-457.2863 64.45373 439.7172
-457.0704 65.08192 439.355
-457.9068 65.47986 440.1538
-458.2675 65.68518 440.1575
-486.8171 81.93498 440.4441
-486.8171 81.93498 440.0175
-430.8273 63.49425 441.1899
-430.8273 64.8516 440.4073
-430.8273 63.49425 441.1899
-430.8273 79.84638 468.7611
-430.8273 63.49425 441.1899
-431.1574 63.63665 441.3596
-458.5081 63.4514 440.9956
-431.1574 65.20909 440.2013
-431.1574 81.55817 468.5561
-431.1574 65.47986 440.0452
-457.4525 65.20909 440.3099
-431.1574 65.20909 440.2013
-457.4525 65.47986 440.1538
-431.1574 65.47986 440.0452
-431.1574 80.63034 468.7612
-431.1574 64.49998 440.8619
-431.1574 79.84642 468.7611
-431.1574 63.63665 441.3596
-458.8029 63.59005 441.2618
-431.1574 63.63665 441.3596
-458.6927 64.46409 441.131
-431.1574 64.49998 440.8619
-430.7031 65.08192 439.355
-430.7031 65.47986 440.0452
-457.0704 65.08192 439.355
-430.7031 64.45373 439.7172
-430.7031 65.08192 439.355
-458.1245 64.85166 440.516
-457.2863 64.45373 439.7172
-430.8273 64.8516 440.4073
-430.7031 64.45373 439.7172
-457.9563 65.38896 440.5946
-457.0573 81.55817 468.5561
-457.0573 81.82894 468.3999
-431.1574 65.47986 440.0452
-431.1574 81.82894 468.3999
-431.1569 65.4799 440.0451
-430.7031 65.47986 440.0452
-430.7031 65.47986 440.0452
-430.7031 81.82894 468.3999
-430.7031 64.85166 440.4074
-430.7031 64.85166 440.4074
-457.4525 65.47986 440.1538
-457.4531 65.4799 440.1538
-457.8926 65.75347 440.6266
-457.9068 65.47986 440.1538
-457.4525 65.20909 440.3099
-457.4525 65.47986 440.1538
-456.6161 81.55817 468.5561
-456.6161 81.82894 468.3999
-430.8273 81.20103 468.7614
-430.8273 64.8516 440.4073
-430.7031 81.20074 468.7614
-430.7031 64.85166 440.4074
-516.4409 63.15172 496.9713
-487.4674 63.49425 497.1117
-487.475 65.47987 498.2565
-487.475 65.20909 498.1003
-516.7694 65.26173 498.2564
-516.7694 64.99097 498.1003
-516.3248 64.28185 497.4397
-487.475 64.49998 497.4397
-516.1108 63.29412 496.8016
-487.4674 63.63665 496.942
-517.6243 64.65604 498.5769
-487.4748 65.08192 498.9466
-517.4393 63.73654 498.1457
-517.0994 64.63348 497.8944
-487.4748 64.45373 498.5844
-487.4748 64.8516 497.8943
-517.2236 65.26173 498.2564
-517.0994 64.63348 497.8944
-517.2236 65.26585 497.8476
-488.0279 81.93498 469.0324
-516.7694 65.26173 498.2564
-516.7699 65.26177 498.2565
-487.4674 81.82894 469.9017
-516.7694 65.26173 498.2564
-487.475 81.55817 469.7455
-516.7694 64.99097 498.1003
-487.4674 63.49425 497.1117
-487.4748 64.8516 497.8943
-487.4674 82.27016 469.1501
-487.4674 81.82894 469.9017
-487.4748 65.08192 498.9466
-457.0607 63.49425 497.1117
-487.4674 63.63665 496.942
-487.4674 63.49425 497.1117
-457.0573 65.20909 498.1003
-487.0685 65.20909 498.1003
-457.0704 65.47986 498.2564
-487.0685 65.47986 498.2564
-457.0517 63.63665 496.942
-487.4674 63.63665 496.942
-457.0517 64.49998 497.4397
-487.475 64.49998 497.4397
-487.4748 64.45373 498.5844
-487.4748 65.08192 498.9466
-457.0704 65.08192 498.9466
-457.0704 64.45373 498.5844
-487.4748 64.45373 498.5844
-457.0704 64.85166 497.8942
-487.4748 64.8516 497.8943
-487.475 65.20909 498.1003
-487.475 65.47987 498.2565
-487.475 81.55817 469.7455
-487.4674 81.82894 469.9017
-487.475 65.47987 498.2565
-487.475 65.47987 498.2565
-487.069 65.4799 498.2565
-487.4674 81.82894 469.9017
-487.0685 65.47986 498.2564
-487.0685 81.82894 469.9017
-487.0685 81.55817 469.7455
-487.0685 81.82894 469.9017
-487.0685 65.20909 498.1003
-487.0685 65.47986 498.2564
-430.8273 63.49425 497.1117
-430.8273 64.8516 497.8943
-457.0607 63.49425 497.1117
-457.0704 64.85166 497.8942
-457.0572 82.27016 469.1501
-457.0704 65.08192 498.9466
-430.8273 63.49425 497.1117
-430.8273 79.84335 469.5403
-430.8273 63.49425 497.1117
-457.0607 63.49425 497.1117
-431.1574 63.63665 496.942
-457.0517 63.63665 496.942
-431.1574 81.55817 469.7455
-431.1574 65.20909 498.1003
-431.1574 65.47986 498.2564
-456.6161 65.47986 498.2564
-431.1574 65.47986 498.2564
-456.6161 65.20909 498.1003
-431.1574 65.20909 498.1003
-431.1574 80.63034 469.5401
-431.1574 79.84333 469.5403
-431.1574 64.49998 497.4397
-431.1574 63.63665 496.942
-431.1574 63.63665 496.942
-457.0517 63.63665 496.942
-431.1574 64.49998 497.4397
-457.0517 64.49998 497.4397
-430.7031 65.08192 498.9466
-430.7031 65.47986 498.2564
-457.0704 64.45373 498.5844
-430.7031 64.45373 498.5844
-457.0704 65.08192 498.9466
-430.7031 65.08192 498.9466
-430.7031 64.45373 498.5844
-457.0704 64.45373 498.5844
-430.8273 64.8516 497.8943
-457.0704 64.85166 497.8942
-457.0573 65.20909 498.1003
-457.0704 65.47986 498.2564
-457.0573 81.55817 469.7455
-457.0573 81.82894 469.9017
-430.7031 65.47986 498.2564
-431.1569 65.4799 498.2565
-431.1574 81.82894 469.9017
-431.1574 65.47986 498.2564
-457.0704 65.47986 498.2564
-430.7031 65.47986 498.2564
-430.7031 64.85166 497.8942
-430.7031 81.82894 469.9017
-430.7031 64.85166 497.8942
-456.6161 81.82894 469.9017
-457.0573 81.82894 469.9017
-456.6161 65.47986 498.2564
-457.0704 65.47986 498.2564
-456.6166 65.4799 498.2565
-456.6161 81.55817 469.7455
-456.6161 81.82894 469.9017
-456.6161 65.20909 498.1003
-456.6161 65.47986 498.2564
-430.8273 81.20103 469.5401
-430.7031 81.20074 469.5402
-430.8273 64.8516 497.8943
-430.7031 64.85166 497.8942
-487.4674 82.27016 469.1501
-457.9068 65.47986 440.1538
-457.8926 65.75347 440.6266
-457.9563 65.38896 440.5946
-457.8926 65.75347 440.6266
-486.4941 81.55817 468.6866
-486.3469 81.82407 468.6863
-487.1738 81.82644 468.0586
-458.2675 65.68518 440.1575
-457.1991 65.07895 392.1994
-458.9987 63.45141 392.3177
-458.9987 63.45141 392.3177
-458.5081 63.4514 440.9956
-459.1715 63.59005 392.6322
-457.8978 65.46165 392.6322
-458.0479 65.18752 392.6322
-457.8977 65.46166 439.3626
-458.0479 65.18752 439.3626
-487.1723 80.72707 392.7892
-487.1723 79.85303 392.7892
-458.6928 64.46409 392.6322
-459.1715 63.59005 392.6322
-458.8029 63.59005 441.2618
-458.6927 64.46409 441.131
-459.1715 63.59005 392.6322
-458.6928 64.46409 392.6322
-458.246 64.8256 392.3177
-487.1722 79.92509 392.4748
-458.9987 63.45141 392.3177
-457.5474 64.44296 392.1994
-457.0704 65.08192 439.355
-457.1991 65.07895 392.1994
-458.1245 64.85166 440.516
-458.246 64.8256 392.3177
-457.2863 64.45373 439.7172
-457.5474 64.44296 392.1994
-458.2461 64.82565 392.1994
-458.2461 64.82565 392.1994
-457.8978 65.46165 392.1994
-457.8978 65.46165 392.1994
-458.2461 64.82565 392.1994
-458.246 64.8256 392.3177
-487.1722 81.29899 392.3564
-487.1722 81.29928 392.4748
-457.8978 65.46165 392.6322
-486.8171 81.93498 392.3564
-457.8978 65.46165 392.1994
-457.8977 65.46169 392.6317
-486.8171 81.93498 392.7892
-486.9673 81.66085 392.7892
-457.8978 65.46165 392.6322
-458.0479 65.18752 392.6322
-458.0479 65.18752 439.3626
-486.9672 81.66085 440.0175
-457.8977 65.46166 439.3626
-457.0704 65.08192 439.355
-457.8977 65.46166 439.3626
-457.9068 65.47986 440.1538
-457.8977 65.46166 439.3626
-517.2203 65.07895 392.1994
-515.4207 63.45141 392.3177
-515.4207 63.45141 392.3177
-515.2479 63.59005 392.6322
-515.4207 63.45141 440.1352
-516.5216 65.46165 392.6322
-516.5217 65.46166 440.1352
-516.3715 65.18752 392.6322
-516.3715 65.18752 440.1352
-487.6849 80.72707 392.7892
-515.7266 64.46409 392.6322
-487.6848 79.85303 392.7892
-515.2479 63.59005 392.6322
-515.2479 63.59005 392.6322
-515.7266 64.46409 392.6322
-515.2479 63.59005 440.1352
-515.7266 64.46409 440.1352
-487.6848 79.92509 392.4748
-516.1734 64.8256 392.3177
-515.4207 63.45141 392.3177
-516.872 64.44296 392.1994
-517.2203 65.07895 392.1994
-517.2204 65.07895 440.1352
-516.872 64.44296 392.1994
-516.1734 64.8256 392.3177
-516.872 64.44296 440.1352
-516.1734 64.8256 440.1352
-516.1733 64.82565 392.1994
-516.1733 64.82565 392.1994
-516.5216 65.46165 392.1994
-516.5216 65.46165 392.1994
-516.1733 64.82565 392.1994
-487.6848 81.29899 392.3564
-516.1734 64.8256 392.3177
-487.6848 81.29928 392.4748
-488.0279 81.93498 392.3564
-516.5216 65.46165 392.6322
-516.5216 65.46165 392.1994
-516.5217 65.46169 392.6317
-488.0279 81.93498 392.7892
-516.5216 65.46165 392.6322
-487.8777 81.66085 392.7892
-516.3715 65.18752 392.6322
-515.4207 63.45141 440.1352
-516.1734 64.8256 440.1352
-487.4225 82.25049 440.0175
-517.2204 65.07895 440.1352
-515.2479 63.59005 440.1352
-515.4207 63.45141 440.1352
-515.4207 63.45141 468.4207
-516.5216 65.46165 440.6275
-516.5216 65.46165 468.4207
-516.3715 65.18752 440.6275
-516.3715 65.18752 468.4238
-515.2479 63.59005 468.4211
-515.2479 63.59005 440.1352
-515.7266 64.46409 468.4211
-515.7266 64.46409 440.1352
-516.872 64.44296 440.1352
-517.2204 65.07895 440.1352
-517.2203 65.07895 468.4207
-516.872 64.44296 440.1352
-516.1734 64.8256 440.1352
-516.872 64.44296 468.4207
-516.1734 64.8256 468.4207
-516.3715 65.18752 440.1352
-516.5217 65.46166 440.1352
-487.8778 81.66085 440.0175
-488.0279 81.93498 440.0175
-516.5217 65.46166 440.1352
-488.0279 81.93498 440.0175
-516.5217 65.46166 440.1352
-488.0279 81.93498 440.4441
-516.5216 65.46165 440.6275
-516.5217 65.46169 440.627
-488.0279 81.93498 440.4441
-516.5216 65.46165 440.6275
-487.8777 81.66085 440.4441
-516.3715 65.18752 440.6275
-517.0994 64.63348 497.8944
-516.1734 64.8256 468.4207
-516.4409 63.15172 496.9713
-515.4207 63.45141 468.4207
-517.2236 65.26585 497.8476
-517.6243 64.65604 498.5769
-517.2236 65.26173 498.2564
-517.0994 64.63348 497.8944
-517.2236 65.26585 497.8476
-517.6243 64.65604 498.5769
-517.2203 65.07895 468.4207
-517.4393 63.73654 498.1457
-516.872 64.44296 468.4207
-516.3715 65.18752 468.4238
-516.5216 65.46165 468.4207
-487.8778 81.66085 468.5809
-516.5216 65.46165 468.4207
-517.2203 65.07895 468.4207
-488.0279 81.93498 469.0324
-488.0279 81.93498 468.5777
-516.5216 65.46165 468.8535
-516.5216 65.46165 468.4207
-516.5217 65.46169 468.853
-488.0279 81.93498 469.0324
-516.5216 65.46165 468.8535
-487.8778 81.66086 469.0575
-516.3715 65.18752 468.8535
-516.4409 63.15172 496.9713
-515.4207 63.45141 468.4207
-516.1108 63.29412 496.8016
-515.2479 63.59005 468.4211
-516.3248 64.28185 497.4397
-516.1108 63.29412 496.8016
-515.7266 64.46409 468.4211
-515.2479 63.59005 468.4211
-517.4393 63.73654 498.1457
-516.872 64.44296 468.4207
-517.0994 64.63348 497.8944
-516.1734 64.8256 468.4207
-487.4674 82.27016 469.1501
-488.0279 81.93498 468.5777
-488.0279 81.93498 469.0324
-516.5216 65.46165 468.8535
-458.2675 65.68518 440.1575
-458.4453 65.47411 440.2749
-486.9673 81.66085 440.4441
-457.8977 65.46166 439.3626
-486.8171 81.93498 440.0175
-458.2675 65.68518 440.1575
-486.8171 81.93498 440.4441
-457.4525 65.47986 440.1538
-457.8926 65.75347 440.6266
-456.6161 81.82894 468.3999
-457.0573 81.82894 468.3999
-429.7144 81.21852 468.7082
-429.5092 81.21852 468.7082
-429.5092 82.38475 467.9982
-429.5092 82.38475 470.3109
-429.5092 82.38475 467.9982
-429.5092 82.38475 467.9982
-429.7144 82.38475 467.9982
-429.5092 83.10342 467.9982
-429.7144 81.21852 469.6008
-429.5092 82.38475 470.3109
-429.5092 81.21852 469.6008
-429.7144 81.21852 468.7082
-429.7144 82.38475 467.9982
-429.7144 83.10342 470.3109
-429.7144 82.38475 470.3109
-429.5092 83.10342 470.3109
-429.5092 82.38475 470.3109
-429.7144 83.10342 467.9982
-429.7144 82.38475 467.9982
-486.259 82.38475 467.9982
-429.5092 81.21852 468.7082
-429.5092 81.21852 469.6008
-429.7144 81.21852 468.7082
-429.7144 81.21852 469.6008
-429.7144 81.21852 469.6008
-429.7144 79.79664 469.6008
-486.7252 81.21852 468.7083
-429.7144 79.79664 468.7082
-429.7144 81.21852 468.7082
-487.6539 79.79665 469.6008
-486.7252 79.79665 468.7083
-429.7144 79.79664 469.6008
-429.7144 79.79664 468.7082
-487.6539 81.21852 469.6008
-429.7144 82.38475 470.3109
-429.7144 81.21852 469.6008
-488.5732 83.10342 470.3109
-488.5732 82.38475 470.3109
-429.7144 83.10342 470.3109
-429.7144 82.38475 470.3109
-487.6435 81.25317 391.7366
-487.6435 81.25317 391.9418
-488.3535 82.4194 391.7366
-486.0408 82.4194 391.7366
-488.3535 82.4194 391.7366
-488.3535 82.4194 391.7366
-488.3535 82.4194 391.9418
-488.3535 83.13808 391.7366
-486.7509 81.25317 391.9418
-486.0408 82.4194 391.7366
-486.7509 81.25317 391.7366
-488.5732 82.38475 470.3109
-488.3535 82.4194 391.9418
-487.6539 81.21852 469.6008
-487.6435 81.25317 391.9418
-486.0408 83.13808 391.9418
-486.0408 82.4194 391.9418
-486.0408 83.13808 391.7366
-486.0408 82.4194 391.7366
-488.3535 83.13808 391.9418
-488.3535 82.4194 391.9418
-488.5732 83.10342 470.3109
-488.5732 82.38475 470.3109
-487.6435 81.25317 391.7366
-486.7509 81.25317 391.7366
-487.6435 81.25317 391.9418
-486.7509 81.25317 391.9418
-486.7252 79.79665 468.7083
-486.7509 79.83129 391.9418
-486.7252 81.21852 468.7083
-486.7509 81.25317 391.9418
-487.6539 79.79665 469.6008
-487.6539 81.21852 469.6008
-487.6435 79.83129 391.9418
-487.6435 81.25317 391.9418
-487.6539 79.79665 469.6008
-487.6435 79.83129 391.9418
-486.7252 79.79665 468.7083
-486.7509 79.83129 391.9418
-486.7252 81.21852 468.7083
-486.7509 81.25317 391.9418
-486.259 82.38475 467.9982
-486.0408 82.4194 391.9418
-486.259 82.38475 467.9982
-486.0408 82.4194 391.9418
-486.259 83.10342 467.9982
-486.0408 83.13808 391.9418
</float_array>
          <technique_common>
            <accessor source="#o_b_koyayane_1-lib-Position-array" count="634" stride="3">
              <param name="X" type="float" />
              <param name="Y" type="float" />
              <param name="Z" type="float" />
            </accessor>
          </technique_common>
        </source>
        <source id="o_b_koyayane_1-lib-Normal0">
          <float_array id="o_b_koyayane_1-lib-Normal0-array" count="1902">
0.007141 -0.325744 -0.9454311
0.010292 0.959285 -0.282254
-0.26713 0.925568 0.268262
-0.000137 -0.8870341 0.461705
0 -0.499478 -0.8663271
0.001853 -0.414526 -0.910035
-0.000027 0.8619689 -0.506961
-0.00009 0.880682 -0.473708
-0.000003 0.863721 -0.503971
1 -0.000018 0
1 -0.000004999999 0
0.00006800001 0.8663 -0.499525
-0.046896 0.9859821 -0.160125
-1 0.000045 0
0.000009 0.864311 -0.502957
0.058285 0.9001639 -0.431633
-0.00006 -0.860686 0.5091361
-0.028025 -0.846608 0.531479
1 -0.000018 0
1 0.000007999999 0
1 -0.000004999999 0
0.000126 0.8663222 -0.499485
-0.022081 0.934357 -0.355653
0.044158 0.8923311 -0.449217
1 -0.000009 0
1 0.000037 -0.000001
0.000053 0.8663111 -0.499505
0.00057 -0.499486 0.8663222
-0.00128 0.910272 0.414008
-0.008881999 0.477356 0.878665
0.002797 -0.5135661 0.8580461
-0.002198 0.8662939 0.4995299
0.000431 0.8641701 0.5032
0.003856 0.992418 -0.122849
0.012273 -0.771871 -0.635661
0.004103 -0.766096 -0.642713
-0.000362 -0.499508 0.866309
-0.002907 -0.462873 0.8864201
0.001866 -0.5088969 0.8608251
-0.591006 -0.274279 -0.7586061
0.003886 -0.5274889 0.8495529
-0.125671 0.949345 0.288011
0.000387 0.9883779 0.152018
-0.5 0.8660089 -0.005317
-0.510092 0.8599001 -0.019421
-0.000003 -0.4994639 0.866335
0.006259 0.947518 0.319642
-0.000063 0.866313 0.499502
0.024707 0.8677971 0.496304
0.034046 0.86668 0.497701
0.04997201 0.984553 0.167807
0 -0.7661 -0.642722
0 -0.499506 0.8663111
-0.000001 -0.4994639 0.866335
0.023607 0.936183 0.350718
1 -0.000011 0
1 -0.000007999999 0
-0.008148 0.940298 0.340254
-0.042733 0.850463 0.524296
-1 -0.000045 0
-0.000011 0.8643571 0.502879
0.036224 0.963971 0.26353
0.00008500001 -0.860716 -0.509085
-0.027143 -0.8156179 -0.577954
1 0.000012 0
1 -0.000004999999 0
1 -0.000007999999 0
0.000096 0.8663151 0.499498
-0.042682 0.850465 0.524297
0.028438 0.948041 0.316874
1 0.000022 0
1 0.000037 0.000001
-0.03428899 0.861584 0.506456
-0.995106 0.09574901 -0.024402
0.12638 0.909852 -0.395219
0.36229 0.918556 -0.158116
0.494747 0.8689811 0.009825999
-0.655795 0.115472 -0.7460561
-0.649968 0.130724 -0.748634
-0.4621261 -0.8868139 -0.000034
0.000018 0 -1
0.926459 -0.376351 -0.00587
-0.503156 -0.862958 -0.046225
0.443279 0.8963259 -0.010145
-0.4621261 -0.8868139 -0.000034
0.494983 0.868903 0.000011
0.259008 0.964836 0.04478601
-0.514046 -0.857513 -0.020686
-0.493443 -0.8477839 -0.194362
0.000012 0 -1
-0.005446 -0.000022 -0.9999849
0.877062 -0.480373 -0.001952
-0.002056 0.001142 -0.9999971
0.322188 0.946026 0.035075
-0.002067 0.001134 -0.9999971
-0.004123 0.002284 -0.9999889
-0.004108 0.002301 -0.9999889
-0.4621261 -0.8868139 -0.000034
-0.877054 -0.480392 0
-0.285586 0.958344 0.004191
0.000004999999 0 -1
-0.8770579 -0.480384 0
0.509034 -0.8593971 -0.04818
-0.490474 0.871456 -0.000012
-0.481418 0.876491 0.000041
-0.500502 0.8657351 0.000009
-0.232546 0.971638 0.04292
0.569302 -0.8217779 -0.024027
0.49939 -0.8444811 -0.193551
0.625806 -0.7799791 0
-0.877038 -0.480421 0
-0.000003 0 -1
-0.8770521 -0.480395 0
0.005534 -0.000022 -0.9999849
-0.8770521 -0.480396 0
0.002089 0.00114 -0.9999971
-0.289832 0.9564921 0.033466
0.002082 0.001147 -0.9999971
0.004182 0.00228 -0.9999889
0.004187 0.002267 -0.9999889
-0.876993 -0.48035 -0.012121
-0.436471 0.899419 0.023221
-0.487101 0.873346 -0.000094
0.009227 -0.006415999 -0.9999369
-0.493345 0.8693129 0.030093
-0.189983 0.980229 0.055299
0.625698 -0.780057 0.00363
-0.8770241 -0.480355 -0.009381
-0.8924589 -0.45056 -0.022634
-0.323188 0.9457951 0.031955
0.876881 0.480083 0.024474
0.9395651 0.341328 0.026691
-0.493574 0.867213 0.06577001
0 -0.000021 1
1 0.000017 0
1 -0.000055 0
1 -0.000015 0
0 0 -1
1 0 0
1 -0.000015 0
1 0.000024 0
1 0 0
1 0.000021 0
1 0 0
1 -0.000017 0
0.000025 -0.520098 0.8541061
-0.000141 -0.520088 -0.854113
-0.00005 0 -1
0 -0.000043 1
0 -0.520043 -0.85414
0.000001 -0.520054 0.854133
0 -0.52004 -0.854142
0 -0.000021 -1
0.000023 0 -1
0.000026 0 -1
0.000007999999 0 -1
0.000023 0 -1
0.000007999999 0 -1
-0.000009999999 0 -1
-0.000006 0 -1
-0.000006 0 -1
0.000023 0 -1
0.000023 0 -1
0.8541521 -0.520023 -0.000011
-0.8541361 -0.5200499 -0.000011
-1 -0.000027 0
0.9635561 -0.267332 -0.009710001
0.926459 -0.376351 -0.00587
-0.423297 -0.905985 0.003209
0.9447721 -0.327689 -0.005116
0.234971 0.9720021 -0.000682
0.456192 0.889751 -0.015218
0.49453 0.869043 -0.014306
0.105853 0.172417 0.9793199
-0.017211 0.009452001 -0.999807
0.001853 -0.414526 -0.910035
-0.003453 -0.4995111 -0.8663009
-0.05596501 -0.815814 0.575599
-0.054176 -0.8591439 0.508858
-0.05596501 -0.815814 0.575599
-0.028025 -0.846608 0.531479
-0.001726 -0.8328651 0.553473
-1 -0.00004599999 0
-1 -0.000001 0
-1 -0.000001 0
0.003581 0.49944 0.866341
0.00358 0.49944 0.866341
0.00358 0.49944 0.866341
0.00358 0.499441 0.866341
-1 -0.000023 0
-1 -0.000016 0
-1 -0.000016 0
-1 -0.000009 0
-0.003749 0.148561 0.988896
0.002069 0.329773 0.9440581
0.002069 0.329773 0.9440581
0.007815 0.499481 0.8662901
1 -0.000039 0
1 -0.000027 0
0 -0.499494 -0.8663179
0 -0.499494 -0.8663179
0 -0.49951 -0.866308
0.001781 -0.894341 0.447383
0.00089 -0.880709 0.473657
0.000011 -0.8721629 0.489215
-0.000021 -0.866316 0.499496
-0.981501 0.177737 -0.071174
-0.995106 0.09574901 -0.024402
-0.999662 0.01289 0.022592
-0.046896 0.9859821 -0.160125
-0.041536 0.8688009 -0.493416
-0.022081 0.934357 -0.355653
0.000126 0.8663222 -0.499485
1 -0.000027 0
1 0.000021 -0.000001
1 -0.000009 0
-0.000009 -0.866333 0.499467
0.058285 0.9001639 -0.431633
0.044158 0.8923311 -0.449217
0.043573 0.8832121 -0.466946
-0.00009 0.880682 -0.473708
0.999671 -0.012885 -0.022197
0.9996721 -0.012804 -0.022196
0.9996721 -0.012804 -0.022196
0.999673 -0.012724 -0.022195
-0.001706 -0.86628 0.499555
0.000011 -0.8721629 0.489215
-0.0008409999 -0.8663099 0.499506
-0.000009 -0.866333 0.499467
0.012237 -0.7776271 -0.628607
0.008181999 -0.769965 -0.638033
-0.003718 0.4995111 -0.8663
-0.003718 0.499476 -0.86632
-0.003718 0.499476 -0.86632
-0.003718 0.49944 -0.86634
-0.004098 0.542023 -0.840354
-0.001942 0.51381 -0.8579021
-0.002913 0.520916 -0.8536029
-0.000575 0.499492 -0.8663179
-0.005087 -0.425427 0.9049779
-0.001454 -0.481303 0.8765529
0.020693 -0.277036 -0.9606371
0.014596 -0.616445 -0.787263
0.007154 -0.760012 -0.64987
0.003189 -0.866302 -0.49951
-0.125671 0.949345 0.288011
-0.635644 -0.180328 -0.7506261
-0.591006 -0.274279 -0.7586061
-0.539935 -0.3652461 -0.758331
0.003856 0.992418 -0.122849
0.000387 0.9883779 0.152018
0.7460589 -0.348295 0.5675269
0.746183 -0.340364 0.572157
0.746183 -0.340364 0.572157
0.746243 -0.332405 0.576739
0.00057 -0.499486 0.8663222
0.001866 -0.5088969 0.8608251
-0.26713 0.925568 0.268262
0.000431 0.8641701 0.5032
-0.00128 0.910272 0.414008
0 -0.766096 -0.642726
0.004103 -0.766096 -0.642713
0.008181999 -0.769965 -0.638033
-0.000001 0.49945 -0.8663419
0 0.499451 -0.8663419
0 0.499451 -0.8663419
0.000001 0.499452 -0.866341
0.000001 0.499496 -0.866316
-0.000575 0.499492 -0.8663179
0.000001 0.499496 -0.866316
-0.001942 0.51381 -0.8579021
-0.000362 -0.499508 0.866309
-0.001454 -0.481303 0.8765529
0 -0.499506 0.8663099
0 -0.866308 -0.49951
0.007154 -0.760012 -0.64987
0 -0.866309 -0.499508
0.003189 -0.866302 -0.49951
-1 0.000004999999 0
-0.999925 0.010701 0.005994
-0.999925 0.010701 0.005994
-0.999699 0.021395 0.011988
-0.002198 0.8662939 0.4995299
-0.002198 0.8662939 0.4995299
0.023607 0.936183 0.350718
0.000431 0.8641701 0.5032
0.04997201 0.984553 0.167807
0.034046 0.86668 0.497701
1 -0.000087 0
1 -0.000079 0
1 -0.000079 0
1 -0.000072 0
-0.000001 -0.499515 0.866305
-0.000004 -0.499477 0.8663271
-0.000003 -0.4994639 0.866335
-0.000001 -0.4994639 0.866335
-0.000009 0.862393 0.5062389
0.006259 0.947518 0.319642
-0.054346 -0.814484 -0.577635
-0.05412401 -0.859179 -0.508805
-0.054346 -0.814484 -0.577635
0 -0.766096 -0.642726
-0.027143 -0.8156179 -0.577954
0 -0.7661 -0.642722
-1 -0.00004599999 0
-1 -0.000045 0
-1 -0.000045 0
0.000002 0.499452 -0.8663419
0.000002 0.499452 -0.8663419
0.000002 0.499452 -0.8663419
0.000002 0.499452 -0.866341
-1 -0.000001 0
-1 -0.000004999999 0
-1 -0.000004999999 0
-1 -0.000009999999 0
0.000001 0.499496 -0.866316
0.000001 0.499496 -0.866316
0.000001 0.499496 -0.866316
0.000001 0.499496 -0.866316
1 0.000029 0
1 0.00002 0
0 -0.499506 0.8663111
0 -0.499506 0.8663099
0 -0.499506 0.8663099
0 -0.499508 0.866309
-0.000066 -0.866317 -0.499495
0 -0.866308 -0.49951
-0.000394 -0.8663241 -0.499482
0 -0.866309 -0.499508
-0.999117 -0.036414 -0.020955
-0.999778 -0.018172 -0.010677
-0.999778 -0.018172 -0.010677
-1 0.000079 -0.000395
0.000096 0.8663151 0.499498
-0.042682 0.850465 0.524297
-0.000014 0.8663179 0.499493
-0.042733 0.850463 0.524296
-0.000063 0.866313 0.499502
1 0.00002 0
1 0.000022 0
1 0.000016 0.000001
-0.000128 -0.866329 -0.499474
-0.000011 0.8643571 0.502879
0.024707 0.8677971 0.496304
0.036224 0.963971 0.26353
-0.000063 0.866313 0.499502
0.028438 0.948041 0.316874
1 0.000054 0
1 0.000006 0
1 0.000006 0
1 -0.000041 0
-0.001715 -0.866346 -0.499441
-0.0009190001 -0.8663381 -0.499457
-0.000394 -0.8663241 -0.499482
-0.000128 -0.866329 -0.499474
0.233276 0.925576 -0.298147
0.247284 0.927251 -0.281168
-0.005066 0.865536 -0.5008219
0.637669 -0.177019 0.7496949
0.605706 -0.24684 0.756433
0.605706 -0.24684 0.756433
0.570143 -0.315195 0.758676
-0.6614431 0.100187 -0.743274
-0.655795 0.115472 -0.7460561
0.48008 0.877224 -0.000754
-0.562197 -0.825187 0.054783
-0.562197 -0.825187 0.054783
-0.524479 -0.85141 0.004753
-0.514046 -0.857513 -0.020686
-0.8771501 0.480217 0.000001
-0.8771009 0.480305 0.000001
-0.8771009 0.480305 0.000001
-0.8770529 0.480393 0
0.00553 0 0.9999849
0.0049 -0.001166 0.999987
0.0049 -0.001166 0.999987
0.004269 -0.002331 0.999988
-0.991985 0.126132 0.007521
-0.9511629 0.308665 0.003828
-0.9511629 0.308665 0.003828
-0.877051 0.480396 0.000001
-0.004837 0.001145 -0.999988
-0.004837 0.001145 -0.999988
-0.004228 0.002313 -0.999988
0.9141091 -0.40545 -0.003752
0.9141091 -0.40545 -0.003752
0.8770579 -0.4803781 -0.002363
-0.427666 -0.903935 0.001567
-0.475747 -0.8795811 0.001345
-0.454022 -0.890988 0.002202
-0.480248 -0.8771321 0.00145
-0.48767 -0.873028 0.00008100001
-0.002067 0.001134 -0.9999971
-0.002056 0.001142 -0.9999971
0.48769 0.873017 -0.00015
-0.48767 -0.873028 0.00008100001
-0.475747 -0.8795811 0.001345
-0.494822 -0.8689939 0.001128
-0.494843 -0.8689791 0.002159
0.259008 0.964836 0.04478601
0.492224 0.869043 0.049791
0.48769 0.873017 -0.00015
0.322188 0.946026 0.035075
0.004171 -0.002268 0.9999889
0.004142 -0.002267 0.9999889
0.004142 -0.002267 0.9999889
0.004113 -0.002267 0.9999889
-0.017302 0.009451 -0.999806
-0.017257 0.009452001 -0.999806
-0.017257 0.009452001 -0.999806
0.234971 0.9720021 -0.000682
0.443279 0.8963259 -0.010145
0.456192 0.889751 -0.015218
0.443279 0.8963259 -0.010145
-0.480426 0.877036 -0.00006800001
0.568814 -0.820988 0.049293
0.568814 -0.820988 0.049293
0.569302 -0.8217779 -0.024027
0.625743 -0.780029 0
0.87716 0.4801989 0.000001
0.877104 0.4803 0
0.877104 0.4803 0
0.8770491 0.480401 0
-0.005601 -0.000001 0.999984
-0.004954 -0.00118 0.999987
-0.004954 -0.00118 0.999987
-0.004307 -0.002359 0.999988
0.877042 0.480413 0.000001
0.877059 0.480383 0.000001
0.8770529 0.480393 0
0.877067 0.480367 0
0.0049 0.001159 -0.999987
0.0049 0.001159 -0.999987
0.004267001 0.00234 -0.999988
-0.8770471 -0.480404 0
-0.8770479 -0.480403 -0.000001
-0.87705 -0.480399 0
0.480427 -0.877034 0.000041
0.488527 -0.8725489 0.000477
0.480384 -0.8770579 0
0.480392 -0.877054 0
0.49057 -0.8714021 0.000104
0.002082 0.001147 -0.9999971
0.002089 0.00114 -0.9999971
-0.490498 0.871442 -0.000141
0.49057 -0.8714021 0.000104
0.50061 -0.8656721 0.001151
0.488527 -0.8725489 0.000477
0.500634 -0.865657 0.002174
-0.493304 0.868771 0.043457
-0.232546 0.971638 0.04292
-0.490498 0.871442 -0.000141
-0.289832 0.9564921 0.033466
-0.004147 -0.002294 0.9999889
-0.004184 -0.002293 0.9999889
-0.004184 -0.002293 0.9999889
-0.00422 -0.002293 0.999988
-0.877054 -0.480392 0
-0.8770521 -0.480395 0
-0.4621139 0.88682 0.00004
-0.285586 0.958344 0.004191
0.625806 -0.7799791 0
0.625743 -0.780029 0
0.55419 -0.832374 0.005204
0.8771279 0.480256 0
0.877123 0.480266 0
0.877123 0.480266 0
0.877118 0.480275 0
0.876928 0.48036 0.015832
0.8770529 0.480393 0
0.910457 0.413386 0.013391
0.877067 0.480367 0
-0.877038 -0.480421 0
-0.87705 -0.480399 0
-0.9216771 -0.387675 -0.01481
0.480384 -0.8770579 0
0.480392 -0.877054 0
0.623181 -0.782062 0.004948
0.48038 -0.8770479 0.004688
-0.003181 -0.001719 -0.999993
-0.003198 -0.001719 -0.999993
-0.003198 -0.001719 -0.999993
-0.003215 -0.001718 -0.999993
-0.490474 0.871456 -0.000012
-0.481418 0.876491 0.000041
-0.490474 0.871456 -0.000012
-0.493345 0.8693129 0.030093
-0.189983 0.980229 0.055299
-0.323188 0.9457951 0.031955
0.004912999 0.002678 0.999984
0.004884 0.002678 0.9999849
0.004884 0.002678 0.9999849
0.004855 0.002677 0.9999849
-0.9204771 -0.389528 -0.031459
-0.8924589 -0.45056 -0.022634
-0.8996221 -0.435348 -0.033951
-0.876993 -0.48035 -0.012121
-0.735572 0.677445 -0.00124
-0.8352159 0.549921 0.001006
-0.832674 0.553735 0.005575
0.980463 0.194658 0.028289
0.9395651 0.341328 0.026691
-0.981637 -0.190103 -0.015814
-0.9216771 -0.387675 -0.01481
-0.940455 -0.339188 -0.022245
-0.8770241 -0.480355 -0.009381
0.009256 -0.006417 -0.9999369
0.009240999 -0.006417 -0.9999369
0.009240999 -0.006417 -0.9999369
-0.487101 0.873346 -0.000094
-0.436471 0.899419 0.023221
-0.5004889 0.865743 -0.00005
-0.488643 0.871385 0.043772
-0.492957 0.867665 0.06442399
-0.487101 0.873346 -0.000094
-0.493574 0.867213 0.06577001
-0.044792 0.066672 0.996769
-0.025125 0.031873 0.9991759
-0.025125 0.031873 0.9991759
-0.005417 -0.002977 0.9999811
0.398161 -0.917304 0.004598
0.55419 -0.832374 0.005204
0.516477 -0.8562651 0.007814
0.625698 -0.780057 0.00363
0.979891 0.198379 0.021444
0.93889 0.343167 0.026857
0.910457 0.413386 0.013391
0.876928 0.48036 0.015832
0.935954 -0.351993 0.009497
0.623181 -0.782062 0.004948
0.755245 -0.6553661 0.010064
0.48038 -0.8770479 0.004688
-0.513194 0.8582729 -0.000056
-0.513194 0.8582729 -0.000056
-0.513194 0.8582729 -0.000056
-0.492957 0.867665 0.06442399
0.202811 0.340195 0.918224
0.105853 0.172417 0.9793199
0.004525 -0.002478 0.999987
0.494657 0.868972 -0.014219
0.494683 0.8690439 -0.00709
0.494683 0.8690439 -0.00709
0.494684 0.8690729 0.00004
0.000032 0.865489 -0.500927
0.000026 0.865476 -0.500951
0.000009 0.864311 -0.502957
-0.000003 0.863721 -0.503971
-0.000141 -0.520103 -0.854104
-0.000141 -0.520088 -0.854113
-0.000141 -0.5200731 -0.854122
1 -0.000021 0
1 0 0
-0.00005 0 -1
-0.00005 0 -1
-0.00005 0 -1
0 -0.520064 0.854127
0 -0.520064 0.854127
-0.000025 -0.52003 0.8541479
0 -0.52004 -0.854142
0 -0.520037 -0.854143
-0.00017 0 1
0 0 1
0 0 1
0.00017 0 1
0 0 -1
0 -0.000021 -1
0 -0.000042 -1
0 -1 0.000003
0 -1 0.000003
0 -1 0.000003
0 -1 0.000003
0 -0.000021 1
0 0 1
0 0 -1
0 0 -1
-0.000001 0 -1
0 -1 -0.000009
0 -1 -0.000001
0 -1 -0.000001
0 -1 0.000007
0.000001 -0.520047 0.854138
0.000001 -0.520047 0.854138
0 -0.52004 0.854142
0.000001 0 1
0.000001 0 1
0.000001 0 1
0.000002 0 1
-0.854158 -0.520013 -0.000011
-0.8541471 -0.520032 -0.000011
-0.8541471 -0.520032 -0.000011
-0.000006 0 -1
-0.000006 0 -1
-1 0.000027 0
-1 0 0
-1 0 0
0.854158 -0.5200139 0
0.854158 -0.5200139 0
0.854163 -0.520005 0.000011
-0.786093 -0.618103 -0.002477
-0.821586 -0.570082 -0.001414
-0.821586 -0.570082 -0.001414
-0.854149 -0.520028 -0.000347
1 0.000007 0
1 0.000007 0
1 0.000007 0
1 0.000007 0
-0.999996 -0.00005800001 -0.002803
-0.999996 -0.00005800001 -0.002803
-0.999996 -0.00005800001 -0.002803
-0.999996 -0.00005800001 -0.002803
0 -1 0.000026
0 -1 0
0 -1 0
0 -1 -0.000026
1 0.00002 -0.000335
1 0.00002 -0.000335
1 0.00002 -0.000335
1 0.00002 -0.000335
-1 0.000012 -0.000135
-1 -0.000002 -0.000135
-1 -0.000002 -0.000135
-1 -0.000015 -0.000135
-0.000429 -1 -0.000446
-0.000214 -1 -0.000449
-0.000214 -1 -0.000449
0 -1 -0.0004509999
0.9284679 -0.3714131 -0.000479
0.8943939 -0.447278 0.00087
0.8943939 -0.447278 0.00087
0.854133 -0.520049 0.002213
0.999996 0.000041 0.002868
0.999996 0.000056 0.002868
0.999996 0.000056 0.002868
0.999996 0.00007 0.002868
</float_array>
          <technique_common>
            <accessor source="#o_b_koyayane_1-lib-Normal0-array" count="634" stride="3">
              <param name="X" type="float" />
              <param name="Y" type="float" />
              <param name="Z" type="float" />
            </accessor>
          </technique_common>
        </source>
        <source id="o_b_koyayane_1-lib-UV0">
          <float_array id="o_b_koyayane_1-lib-UV0-array" count="1268">
5.346186 -5.992964
5.342395 -4.979072
6.345383 -4.991189
5.456079 -5.98339
5.456456 -4.979073
5.232286 -5.992964
5.342395 -4.979072
5.231398 -4.979474
5.231398 -4.979474
5.345962 -5.045419
5.346186 -5.992964
5.342395 -4.016134
5.230978 -4.032345
6.453753 -4.991188
5.230978 -4.962859
5.230978 -4.962859
5.456079 -5.98339
5.455848 -5.054992
5.790169 -4.185546
5.232285 -5.992964
5.232511 -5.045419
5.231301 -4.015993
5.230978 -4.032345
5.230978 -4.962859
5.998051 -4.185547
6.230523 -4.991188
6.345383 -4.991188
5.345961 -5.045419
5.342395 -4.016134
5.342395 -4.979072
5.346186 -5.992964
5.230978 -4.032345
6.453753 -4.991189
5.230978 -4.962859
5.456079 -5.98339
5.455849 -5.054992
5.456456 -4.016136
5.456456 -4.979073
5.232511 -5.045419
6.073234 -4.991337
5.232286 -5.992964
6.345384 -4.039074
5.230978 -4.962859
6.230523 -4.039074
6.230523 -4.991189
5.345961 -5.045419
5.342395 -4.016134
5.230978 -4.032345
5.231398 -4.979474
5.230978 -4.962859
5.230978 -4.962859
5.455849 -5.054992
5.456456 -4.016136
5.232511 -5.045419
5.230978 -4.962859
5.345962 -5.045419
5.346186 -5.992964
5.342395 -4.016134
5.230978 -4.032345
6.453753 -4.991188
5.230978 -4.962859
5.230978 -4.962859
5.456079 -5.98339
5.455848 -5.054992
5.790169 -4.185546
5.232285 -5.992964
5.232511 -5.045419
5.231301 -4.015993
5.230978 -4.032345
5.230978 -4.962859
5.998051 -4.185547
6.230523 -4.991188
6.345383 -4.991188
6.345384 -4.055008
6.230523 -4.991189
6.453753 -4.991189
6.453711 -4.039074
6.526011 -4.991189
6.526011 -4.039074
5.342395 -4.979072
5.790169 -4.007847
5.346186 -5.992964
5.346186 -5.992964
5.230978 -4.032345
5.231398 -4.979474
6.453753 -4.991189
5.230978 -4.962859
5.455849 -5.054992
5.456079 -5.98339
5.790169 -4.185546
5.232285 -5.992964
5.232286 -5.992964
5.998051 -4.007847
5.230978 -4.962859
5.998051 -4.185547
6.230523 -4.991189
6.345383 -4.991189
5.230978 -4.962859
5.345961 -5.045419
5.342395 -4.016134
5.790169 -4.007847
5.346186 -5.992964
5.346186 -5.992964
5.230978 -4.032345
5.231398 -4.979474
6.453753 -4.991189
5.230978 -4.962859
5.455849 -5.054992
5.456079 -5.98339
5.455849 -5.054992
5.456456 -4.016136
5.790169 -4.185546
5.232511 -5.045419
5.232285 -5.992964
5.232286 -5.992964
5.998051 -4.007847
5.230978 -4.962859
5.998051 -4.185547
6.230523 -4.991189
6.345383 -4.991189
5.345961 -5.045419
5.342395 -4.016134
5.230978 -4.032345
6.345383 -4.991189
5.230978 -4.962859
5.230978 -4.962859
5.455849 -5.054992
5.456456 -4.016136
5.232511 -5.045419
5.230978 -4.962859
5.230978 -4.962859
5.087576 -4.962859
5.230978 -4.962859
0.145704 -3.033985
1.790416 -0.008250952
0.856569 -0.1799281
0.9323069 -0.1799281
0.09320401 -3.033985
1.790416 -0.184455
0.7963179 -0.08038104
0.992558 -0.08038104
0.7963179 -0.01903701
0.992558 -0.01903701
1.996247 -0.008249044
1.996247 -0.184455
1.967933 -3.970038
1.967933 -3.970038
1.928023 -3.970038
0.228977 -3.033985
2.000093 -3.197553
1.967932 -3.197556
1.967932 -3.197556
1.928023 -3.197556
1.790416 -0.008250952
0.856569 -0.1799281
0.9323069 -0.1799281
1.790416 -0.184455
0.7963179 -0.08038104
0.992558 -0.08038104
0.7963179 -0.01903701
0.992558 -0.01903701
1.996247 -0.008249044
1.996247 -0.184455
1.967933 -3.970038
1.967933 -3.970038
1.928023 -3.970038
5.345961 -5.045419
5.232511 -5.045419
5.455849 -5.054992
5.456456 -4.016136
5.342395 -4.016134
5.230978 -4.962859
6.453753 -4.050954
6.453753 -4.991189
6.345383 -4.991189
5.345961 -5.045419
5.232511 -5.045419
5.345962 -5.045419
5.346186 -5.992964
5.345961 -5.045419
5.455849 -5.054992
5.346186 -5.992964
6.526011 -4.039074
6.526011 -4.991188
6.453669 -4.039074
5.087576 -4.962859
5.087666 -4.032347
5.230978 -4.962859
5.230978 -4.032345
5.524261 -5.98339
5.524841 -5.054991
5.456079 -5.98339
5.455848 -5.054992
5.456079 -5.98339
5.455849 -5.054992
5.524262 -5.98339
5.524842 -5.054991
5.790169 -4.007847
5.998051 -4.007847
5.342395 -4.979072
5.456456 -4.016136
5.342395 -4.016134
5.525467 -4.97464
5.456456 -4.979073
5.525467 -4.020567
5.456456 -4.016136
6.230523 -4.049931
6.230523 -4.991189
6.345383 -4.991189
6.453669 -4.039074
6.453753 -4.991188
6.453668 -4.039074
6.345385 -4.039074
6.345385 -4.039074
6.345383 -4.991188
6.230524 -4.039074
5.525467 -4.016016
6.453753 -4.039074
6.453668 -4.039074
6.345384 -4.055008
6.345384 -4.039074
6.526011 -4.039074
6.453753 -4.039074
6.526011 -4.991189
6.453753 -4.991189
6.073235 -4.991337
6.07323 -4.038795
6.230523 -4.991188
6.230524 -4.039074
5.346186 -5.992964
5.345961 -5.045419
5.230978 -4.032345
5.087666 -4.032347
5.230978 -4.962859
5.087576 -4.962859
5.524262 -5.98339
5.524842 -5.054991
5.456079 -5.98339
5.455849 -5.054992
5.342395 -4.979072
5.342395 -4.016134
5.456456 -4.979073
5.525467 -4.97464
5.456456 -4.016136
5.525467 -4.020567
5.231398 -4.979474
6.07323 -4.038795
6.230523 -4.039074
6.230523 -4.991189
6.453753 -4.039074
6.453668 -4.039074
6.453753 -4.991189
6.453753 -4.039074
6.526011 -4.991189
6.526011 -4.039074
5.346186 -5.992964
5.232286 -5.992964
5.342395 -4.979072
5.231398 -4.979474
5.342395 -4.979072
5.345961 -5.045419
5.456079 -5.98339
5.346186 -5.992964
5.087666 -4.032347
5.087576 -4.962859
5.230978 -4.032345
5.230978 -4.962859
5.455849 -5.054992
5.456079 -5.98339
5.524842 -5.054991
5.524262 -5.98339
5.456456 -4.979073
5.342395 -4.979072
5.342395 -4.016134
5.456456 -4.016136
5.456456 -4.979073
5.525467 -4.020567
5.525467 -4.97464
6.230523 -4.039074
6.345384 -4.039074
6.230523 -4.991189
6.345383 -4.991189
5.231398 -4.979474
6.345384 -4.039074
6.453668 -4.039074
6.345383 -4.991189
6.453753 -4.039074
6.453753 -4.991189
6.526011 -4.991189
6.453753 -4.991189
6.526011 -4.039074
6.453753 -4.039074
5.345961 -5.045419
5.232511 -5.045419
5.346186 -5.992964
5.232286 -5.992964
5.342395 -4.979072
5.342395 -4.979072
5.345962 -5.045419
5.346186 -5.992964
5.345961 -5.045419
5.346186 -5.992964
5.455849 -5.054992
5.456079 -5.98339
6.526011 -4.991188
6.526011 -4.039074
6.453669 -4.039074
5.230978 -4.962859
5.230978 -4.032345
5.087576 -4.962859
5.087666 -4.032347
5.524261 -5.98339
5.456079 -5.98339
5.524841 -5.054991
5.455848 -5.054992
5.455849 -5.054992
5.456079 -5.98339
5.524842 -5.054991
5.524262 -5.98339
5.790169 -4.007847
5.998051 -4.007847
5.456456 -4.979073
5.456456 -4.016136
5.342395 -4.979072
5.342395 -4.016134
5.456456 -4.016136
5.456456 -4.979073
5.525467 -4.020567
5.525467 -4.97464
6.230523 -4.039074
6.345384 -4.039074
6.230523 -4.991189
6.345383 -4.991189
6.345385 -4.039074
6.453668 -4.039074
6.453753 -4.991188
6.453669 -4.039074
5.231398 -4.979474
6.345385 -4.039074
6.230524 -4.039074
6.345383 -4.991188
5.525467 -4.016016
6.453753 -4.991189
6.345383 -4.991189
6.453753 -4.039074
6.345384 -4.039074
6.453668 -4.039074
6.526011 -4.991189
6.453753 -4.991189
6.526011 -4.039074
6.453753 -4.039074
6.073235 -4.991337
6.230523 -4.991188
6.07323 -4.038795
6.230524 -4.039074
6.345383 -4.991189
6.345384 -4.039074
6.230523 -4.039074
6.07323 -4.038795
6.230523 -4.039074
6.073234 -4.991337
6.230523 -4.991189
6.453753 -4.991189
6.453711 -4.039074
5.342395 -4.979072
5.345961 -5.045419
5.346186 -5.992964
5.345961 -5.045419
5.456079 -5.98339
5.230978 -4.962859
5.087576 -4.962859
5.230978 -4.032345
5.087666 -4.032347
5.524262 -5.98339
5.456079 -5.98339
5.524842 -5.054991
5.455849 -5.054992
5.455849 -5.054992
5.524842 -5.054991
5.456079 -5.98339
5.524262 -5.98339
5.232511 -5.045419
5.346186 -5.992964
5.345961 -5.045419
5.456456 -4.979073
5.342395 -4.016134
5.342395 -4.979072
5.525467 -4.020567
5.525467 -4.97464
5.456456 -4.016136
5.456456 -4.979073
5.525467 -4.978893
6.230523 -4.039074
6.345384 -4.039074
5.231398 -4.979474
6.230523 -4.039074
6.07323 -4.038795
6.230523 -4.991189
6.073234 -4.991337
6.453753 -4.039074
6.345383 -4.991189
6.345384 -4.039074
6.453668 -4.039074
6.453753 -4.991189
6.526011 -4.991189
6.453753 -4.039074
6.526011 -4.039074
6.230523 -4.039074
6.230523 -4.991189
6.345384 -4.039074
5.342395 -4.772449
5.231398 -4.979474
6.453711 -4.039074
6.345384 -4.039074
5.342395 -4.979072
5.345961 -5.045419
5.346186 -5.992964
5.456079 -5.98339
5.345961 -5.045419
5.230978 -4.962859
5.230978 -4.032345
5.087576 -4.962859
5.087666 -4.032347
5.524262 -5.98339
5.524842 -5.054991
5.456079 -5.98339
5.455849 -5.054992
5.456079 -5.98339
5.524262 -5.98339
5.455849 -5.054992
5.524842 -5.054991
5.346186 -5.992964
5.232511 -5.045419
5.345961 -5.045419
5.456456 -4.979073
5.342395 -4.979072
5.342395 -4.016134
5.456456 -4.979073
5.525467 -4.97464
5.456456 -4.016136
5.525467 -4.020567
5.525467 -4.978893
6.230523 -4.039074
6.345384 -4.039074
5.231398 -4.979474
6.230523 -4.039074
6.230523 -4.991189
6.07323 -4.038795
6.073234 -4.991337
6.345383 -4.991189
6.453753 -4.039074
6.345384 -4.039074
6.453668 -4.039074
6.453753 -4.991189
6.453753 -4.039074
6.526011 -4.991189
6.526011 -4.039074
5.346186 -5.992964
5.232286 -5.992964
5.342395 -4.979072
5.342395 -4.979072
5.456079 -5.98339
5.346186 -5.992964
5.345961 -5.045419
5.230978 -4.962859
5.230978 -4.032345
5.087576 -4.962859
5.087666 -4.032347
5.455849 -5.054992
5.456079 -5.98339
5.524842 -5.054991
5.524262 -5.98339
5.456456 -4.979073
5.342395 -4.979072
5.342395 -4.016134
5.456456 -4.979073
5.525467 -4.97464
5.456456 -4.016136
5.525467 -4.020567
6.230523 -4.039074
6.345384 -4.039074
6.230523 -4.991189
6.345383 -4.991189
5.231398 -4.979474
6.345383 -4.991189
6.345384 -4.039074
6.453753 -4.991189
6.453753 -4.039074
6.453668 -4.039074
6.453753 -4.991189
6.453753 -4.039074
6.526011 -4.991189
6.526011 -4.039074
5.232503 -5.075573
5.232286 -5.992964
5.345973 -5.098495
5.346186 -5.992964
5.230978 -4.051783
5.356175 -4.016134
5.32945 -4.018017
5.087663 -4.056343
5.230978 -4.051783
5.356175 -4.016134
5.342395 -4.979072
5.456456 -4.024313
5.456456 -4.979073
6.230523 -4.039074
6.345384 -4.039074
6.230523 -4.991189
5.231398 -4.979474
5.342395 -4.979072
6.453753 -4.991189
6.345383 -4.991189
6.453753 -4.039074
6.345384 -4.039074
6.453668 -4.039074
6.453753 -4.991189
6.453753 -4.039074
6.526011 -4.991189
6.526011 -4.039074
5.345973 -5.098495
5.346186 -5.992964
5.455863 -5.112337
5.456079 -5.98339
5.524816 -5.098052
5.455863 -5.112337
5.524262 -5.98339
5.456079 -5.98339
5.456456 -4.024313
5.456456 -4.979073
5.525467 -4.050929
5.525467 -4.97464
5.342395 -4.016134
5.230978 -4.032345
5.272348 -4.026326
5.230978 -4.962859
6.453753 -4.050954
6.526011 -4.054789
6.526011 -4.991189
6.345384 -4.039074
6.345383 -4.991189
6.453753 -4.050954
6.453753 -4.991189
6.453753 -4.039074
6.345384 -4.055008
6.453753 -4.991189
6.345383 -4.991189
2.000092 -3.970035
2.000092 -3.983693
1.967932 -3.9837
0.7963179 -0.08038104
0.992558 -0.08038104
1.967932 -3.9837
1.967933 -3.970038
1.928023 -3.9837
2.000092 -3.970035
1.967932 -3.9837
2.000092 -3.983693
2.000092 -3.970035
1.967933 -3.970038
1.928023 -3.970038
1.967933 -3.970038
1.928023 -3.9837
1.967932 -3.9837
1.928023 -3.970038
1.967933 -3.970038
1.967932 -3.197556
1.685818 -3.01961
1.685818 -3.998299
1.655648 -3.01961
1.655648 -3.998299
0.228977 -3.975138
0.145704 -3.975138
0.009927999 -3.033985
0.09320299 -3.975138
0.009930001 -3.975138
0.145704 -3.033985
0.09320401 -3.033985
0.145704 -3.975138
0.09320299 -3.975138
2.000093 -3.197553
1.967933 -3.970038
2.000092 -3.970035
1.928023 -3.197556
1.967932 -3.197556
1.928023 -3.970038
1.967933 -3.970038
2.000092 -3.983693
2.000092 -3.970035
1.967932 -3.9837
0.7963179 -0.08038104
0.992558 -0.08038104
1.967932 -3.9837
1.967933 -3.970038
1.928023 -3.9837
2.000092 -3.970035
1.967932 -3.9837
2.000092 -3.983693
1.967932 -3.197556
1.967933 -3.970038
2.000093 -3.197553
2.000092 -3.970035
1.928023 -3.970038
1.967933 -3.970038
1.928023 -3.9837
1.967932 -3.9837
1.928023 -3.970038
1.967933 -3.970038
1.928023 -3.197556
1.967932 -3.197556
1.685818 -3.01961
1.685818 -3.998299
1.655648 -3.01961
1.655648 -3.998299
0.145704 -3.033985
0.145704 -3.975138
0.228977 -3.033985
0.228977 -3.975138
0.09320401 -3.033985
0.009927999 -3.033985
0.09320299 -3.975138
0.009930001 -3.975138
0.09320401 -3.033985
0.09320299 -3.975138
0.145704 -3.033985
0.145704 -3.975138
2.000093 -3.197553
2.000092 -3.970035
1.967932 -3.197556
1.967933 -3.970038
1.967932 -3.197556
1.967933 -3.970038
1.928023 -3.197556
1.928023 -3.970038
</float_array>
          <technique_common>
            <accessor source="#o_b_koyayane_1-lib-UV0-array" count="634" stride="2">
              <param name="S" type="float" />
              <param name="T" type="float" />
            </accessor>
          </technique_common>
        </source>
        <vertices id="o_b_koyayane_1-lib-Vertex">
          <input semantic="POSITION" source="#o_b_koyayane_1-lib-Position" />
        </vertices>
        <polygons material="m_b_koyahashira1" count="332">
          <input semantic="VERTEX" offset="0" source="#o_b_koyayane_1-lib-Vertex" />
          <input semantic="NORMAL" offset="1" source="#o_b_koyayane_1-lib-Normal0" />
          <input semantic="TEXCOORD" offset="2" set="0" source="#o_b_koyayane_1-lib-UV0" />
          <p>19 19 19 10 10 10 20 20 20</p>
          <p>9 9 9 20 20 20 10 10 10</p>
          <p>0 0 0 5 5 5 175 175 175</p>
          <p>5 5 5 176 176 176 175 175 175</p>
          <p>11 11 11 22 22 22 21 21 21</p>
          <p>6 6 6 14 14 14 8 8 8</p>
          <p>11 11 11 1 1 1 22 22 22</p>
          <p>22 22 22 1 1 1 12 12 12</p>
          <p>23 23 23 15 15 15 1 1 1</p>
          <p>1 1 1 15 15 15 12 12 12</p>
          <p>177 177 177 178 178 178 17 17 17</p>
          <p>178 178 178 16 16 16 17 17 17</p>
          <p>179 179 179 180 180 180 181 181 181</p>
          <p>180 180 180 3 3 3 181 181 181</p>
          <p>182 182 182 183 183 183 184 184 184</p>
          <p>184 184 184 183 183 183 13 13 13</p>
          <p>185 185 185 186 186 186 187 187 187</p>
          <p>187 187 187 186 186 186 188 188 188</p>
          <p>189 189 189 190 190 190 191 191 191</p>
          <p>191 191 191 190 190 190 192 192 192</p>
          <p>193 193 193 194 194 194 195 195 195</p>
          <p>194 194 194 196 196 196 195 195 195</p>
          <p>18 18 18 197 197 197 24 24 24</p>
          <p>197 197 197 198 198 198 24 24 24</p>
          <p>4 4 4 199 199 199 200 200 200</p>
          <p>199 199 199 201 201 201 200 200 200</p>
          <p>202 202 202 203 203 203 204 204 204</p>
          <p>205 205 205 204 204 204 203 203 203</p>
          <p>206 206 206 207 207 207 73 73 73</p>
          <p>207 207 207 208 208 208 73 73 73</p>
          <p>209 209 209 210 210 210 211 211 211</p>
          <p>210 210 210 26 26 26 211 211 211</p>
          <p>211 211 211 26 26 26 212 212 212</p>
          <p>23 23 23 1 1 1 7 7 7</p>
          <p>213 213 213 214 214 214 215 215 215</p>
          <p>214 214 214 25 25 25 215 215 215</p>
          <p>204 204 204 205 205 205 216 216 216</p>
          <p>217 217 217 218 218 218 219 219 219</p>
          <p>219 219 219 218 218 218 220 220 220</p>
          <p>221 221 221 222 222 222 223 223 223</p>
          <p>223 223 223 222 222 222 224 224 224</p>
          <p>225 225 225 226 226 226 227 227 227</p>
          <p>226 226 226 228 228 228 227 227 227</p>
          <p>40 40 40 30 30 30 38 38 38</p>
          <p>30 30 30 27 27 27 38 38 38</p>
          <p>31 31 31 33 33 33 28 28 28</p>
          <p>29 29 29 28 28 28 42 42 42</p>
          <p>28 28 28 33 33 33 42 42 42</p>
          <p>229 229 229 34 34 34 230 230 230</p>
          <p>230 230 230 34 34 34 35 35 35</p>
          <p>231 231 231 232 232 232 233 233 233</p>
          <p>233 233 233 232 232 232 234 234 234</p>
          <p>235 235 235 236 236 236 237 237 237</p>
          <p>238 238 238 237 237 237 236 236 236</p>
          <p>239 239 239 37 37 37 240 240 240</p>
          <p>37 37 37 36 36 36 240 240 240</p>
          <p>241 241 241 242 242 242 243 243 243</p>
          <p>243 243 243 242 242 242 244 244 244</p>
          <p>41 41 41 2 2 2 43 43 43</p>
          <p>43 43 43 2 2 2 44 44 44</p>
          <p>42 42 42 245 245 245 29 29 29</p>
          <p>246 246 246 247 247 247 39 39 39</p>
          <p>247 247 247 248 248 248 39 39 39</p>
          <p>2 2 2 41 41 41 32 32 32</p>
          <p>32 32 32 41 41 41 249 249 249</p>
          <p>41 41 41 250 250 250 249 249 249</p>
          <p>251 251 251 252 252 252 253 253 253</p>
          <p>253 253 253 252 252 252 254 254 254</p>
          <p>45 45 45 53 53 53 255 255 255</p>
          <p>255 255 255 53 53 53 256 256 256</p>
          <p>257 257 257 258 258 258 49 49 49</p>
          <p>259 259 259 46 46 46 54 54 54</p>
          <p>54 54 54 46 46 46 50 50 50</p>
          <p>46 46 46 47 47 47 50 50 50</p>
          <p>51 51 51 260 260 260 261 261 261</p>
          <p>260 260 260 262 262 262 261 261 261</p>
          <p>263 263 263 264 264 264 265 265 265</p>
          <p>266 266 266 265 265 265 264 264 264</p>
          <p>267 267 267 268 268 268 269 269 269</p>
          <p>268 268 268 270 270 270 269 269 269</p>
          <p>271 271 271 52 52 52 272 272 272</p>
          <p>52 52 52 273 273 273 272 272 272</p>
          <p>274 274 274 275 275 275 276 276 276</p>
          <p>275 275 275 277 277 277 276 276 276</p>
          <p>278 278 278 279 279 279 280 280 280</p>
          <p>279 279 279 281 281 281 280 280 280</p>
          <p>54 54 54 282 282 282 259 259 259</p>
          <p>283 283 283 284 284 284 285 285 285</p>
          <p>286 286 286 287 287 287 284 284 284</p>
          <p>287 287 287 285 285 285 284 284 284</p>
          <p>288 288 288 289 289 289 290 290 290</p>
          <p>289 289 289 291 291 291 290 290 290</p>
          <p>65 65 65 66 66 66 56 56 56</p>
          <p>55 55 55 56 56 56 66 66 66</p>
          <p>292 292 292 293 293 293 294 294 294</p>
          <p>294 294 294 293 293 293 295 295 295</p>
          <p>57 57 57 67 67 67 68 68 68</p>
          <p>296 296 296 48 48 48 60 60 60</p>
          <p>297 297 297 57 57 57 69 69 69</p>
          <p>69 69 69 57 57 57 61 61 61</p>
          <p>68 68 68 58 58 58 57 57 57</p>
          <p>57 57 57 58 58 58 61 61 61</p>
          <p>298 298 298 63 63 63 299 299 299</p>
          <p>299 299 299 63 63 63 62 62 62</p>
          <p>300 300 300 301 301 301 302 302 302</p>
          <p>301 301 301 303 303 303 302 302 302</p>
          <p>304 304 304 305 305 305 59 59 59</p>
          <p>306 306 306 59 59 59 305 305 305</p>
          <p>307 307 307 308 308 308 309 309 309</p>
          <p>308 308 308 310 310 310 309 309 309</p>
          <p>311 311 311 312 312 312 313 313 313</p>
          <p>312 312 312 314 314 314 313 313 313</p>
          <p>315 315 315 316 316 316 317 317 317</p>
          <p>316 316 316 318 318 318 317 317 317</p>
          <p>64 64 64 70 70 70 319 319 319</p>
          <p>70 70 70 320 320 320 319 319 319</p>
          <p>321 321 321 322 322 322 323 323 323</p>
          <p>322 322 322 324 324 324 323 323 323</p>
          <p>325 325 325 326 326 326 327 327 327</p>
          <p>326 326 326 328 328 328 327 327 327</p>
          <p>329 329 329 330 330 330 331 331 331</p>
          <p>330 330 330 332 332 332 331 331 331</p>
          <p>333 333 333 72 72 72 334 334 334</p>
          <p>335 335 335 336 336 336 72 72 72</p>
          <p>334 334 334 72 72 72 336 336 336</p>
          <p>69 69 69 337 337 337 297 297 297</p>
          <p>338 338 338 339 339 339 340 340 340</p>
          <p>339 339 339 71 71 71 340 340 340</p>
          <p>327 327 327 341 341 341 325 325 325</p>
          <p>342 342 342 343 343 343 344 344 344</p>
          <p>345 345 345 346 346 346 343 343 343</p>
          <p>343 343 343 346 346 346 344 344 344</p>
          <p>347 347 347 348 348 348 349 349 349</p>
          <p>348 348 348 350 350 350 349 349 349</p>
          <p>351 351 351 352 352 352 353 353 353</p>
          <p>352 352 352 354 354 354 353 353 353</p>
          <p>355 355 355 74 74 74 356 356 356</p>
          <p>357 357 357 356 356 356 74 74 74</p>
          <p>358 358 358 359 359 359 360 360 360</p>
          <p>359 359 359 361 361 361 360 360 360</p>
          <p>355 355 355 356 356 356 75 75 75</p>
          <p>75 75 75 356 356 356 76 76 76</p>
          <p>362 362 362 363 363 363 77 77 77</p>
          <p>77 77 77 363 363 363 78 78 78</p>
          <p>80 80 80 89 89 89 92 92 92</p>
          <p>92 92 92 89 89 89 94 94 94</p>
          <p>166 166 166 81 81 81 167 167 167</p>
          <p>81 81 81 91 91 91 167 167 167</p>
          <p>364 364 364 93 93 93 170 170 170</p>
          <p>93 93 93 86 86 86 170 170 170</p>
          <p>170 170 170 86 86 86 83 83 83</p>
          <p>365 365 365 87 87 87 82 82 82</p>
          <p>82 82 82 87 87 87 88 88 88</p>
          <p>366 366 366 367 367 367 368 368 368</p>
          <p>367 367 367 168 168 168 368 368 368</p>
          <p>369 369 369 370 370 370 371 371 371</p>
          <p>371 371 371 370 370 370 372 372 372</p>
          <p>373 373 373 374 374 374 375 375 375</p>
          <p>376 376 376 375 375 375 374 374 374</p>
          <p>377 377 377 378 378 378 379 379 379</p>
          <p>379 379 379 378 378 378 380 380 380</p>
          <p>90 90 90 381 381 381 382 382 382</p>
          <p>381 381 381 383 383 383 382 382 382</p>
          <p>169 169 169 384 384 384 385 385 385</p>
          <p>384 384 384 386 386 386 385 385 385</p>
          <p>387 387 387 388 388 388 389 389 389</p>
          <p>389 389 389 388 388 388 390 390 390</p>
          <p>390 390 390 388 388 388 391 391 391</p>
          <p>392 392 392 95 95 95 393 393 393</p>
          <p>393 393 393 95 95 95 96 96 96</p>
          <p>93 93 93 364 364 364 394 394 394</p>
          <p>395 395 395 396 396 396 397 397 397</p>
          <p>396 396 396 398 398 398 397 397 397</p>
          <p>85 85 85 399 399 399 400 400 400</p>
          <p>401 401 401 400 400 400 402 402 402</p>
          <p>400 400 400 399 399 399 402 402 402</p>
          <p>403 403 403 404 404 404 405 405 405</p>
          <p>404 404 404 406 406 406 405 405 405</p>
          <p>79 79 79 84 84 84 97 97 97</p>
          <p>407 407 407 408 408 408 409 409 409</p>
          <p>409 409 409 408 408 408 174 174 174</p>
          <p>171 171 171 410 410 410 411 411 411</p>
          <p>172 172 172 412 412 412 413 413 413</p>
          <p>100 100 100 115 115 115 111 111 111</p>
          <p>115 115 115 117 117 117 111 111 111</p>
          <p>101 101 101 98 98 98 114 114 114</p>
          <p>98 98 98 112 112 112 114 114 114</p>
          <p>414 414 414 99 99 99 116 116 116</p>
          <p>116 116 116 99 99 99 106 106 106</p>
          <p>99 99 99 103 103 103 106 106 106</p>
          <p>415 415 415 102 102 102 107 107 107</p>
          <p>102 102 102 108 108 108 107 107 107</p>
          <p>416 416 416 417 417 417 418 418 418</p>
          <p>418 418 418 417 417 417 109 109 109</p>
          <p>419 419 419 420 420 420 421 421 421</p>
          <p>420 420 420 422 422 422 421 421 421</p>
          <p>423 423 423 424 424 424 425 425 425</p>
          <p>426 426 426 425 425 425 424 424 424</p>
          <p>427 427 427 428 428 428 429 429 429</p>
          <p>429 429 429 428 428 428 430 430 430</p>
          <p>113 113 113 431 431 431 432 432 432</p>
          <p>432 432 432 431 431 431 433 433 433</p>
          <p>434 434 434 110 110 110 435 435 435</p>
          <p>110 110 110 436 436 436 435 435 435</p>
          <p>437 437 437 438 438 438 439 439 439</p>
          <p>439 439 439 438 438 438 440 440 440</p>
          <p>437 437 437 441 441 441 438 438 438</p>
          <p>442 442 442 443 443 443 118 118 118</p>
          <p>443 443 443 119 119 119 118 118 118</p>
          <p>116 116 116 444 444 444 414 414 414</p>
          <p>445 445 445 446 446 446 447 447 447</p>
          <p>447 447 447 446 446 446 448 448 448</p>
          <p>105 105 105 449 449 449 450 450 450</p>
          <p>451 451 451 452 452 452 449 449 449</p>
          <p>449 449 449 452 452 452 450 450 450</p>
          <p>453 453 453 454 454 454 455 455 455</p>
          <p>455 455 455 454 454 454 456 456 456</p>
          <p>457 457 457 120 120 120 458 458 458</p>
          <p>120 120 120 128 128 128 458 458 458</p>
          <p>459 459 459 104 104 104 124 124 124</p>
          <p>460 460 460 121 121 121 129 129 129</p>
          <p>129 129 129 121 121 121 125 125 125</p>
          <p>121 121 121 122 122 122 125 125 125</p>
          <p>461 461 461 126 126 126 462 462 462</p>
          <p>463 463 463 462 462 462 126 126 126</p>
          <p>464 464 464 465 465 465 466 466 466</p>
          <p>465 465 465 467 467 467 466 466 466</p>
          <p>468 468 468 469 469 469 470 470 470</p>
          <p>469 469 469 471 471 471 470 470 470</p>
          <p>472 472 472 127 127 127 473 473 473</p>
          <p>127 127 127 474 474 474 473 473 473</p>
          <p>475 475 475 476 476 476 477 477 477</p>
          <p>477 477 477 476 476 476 478 478 478</p>
          <p>479 479 479 480 480 480 481 481 481</p>
          <p>480 480 480 482 482 482 481 481 481</p>
          <p>129 129 129 483 483 483 460 460 460</p>
          <p>484 484 484 485 485 485 486 486 486</p>
          <p>487 487 487 486 486 486 488 488 488</p>
          <p>486 486 486 485 485 485 488 488 488</p>
          <p>489 489 489 490 490 490 491 491 491</p>
          <p>491 491 491 490 490 490 492 492 492</p>
          <p>493 493 493 494 494 494 495 495 495</p>
          <p>496 496 496 495 495 495 494 494 494</p>
          <p>497 497 497 498 498 498 499 499 499</p>
          <p>500 500 500 131 131 131 501 501 501</p>
          <p>130 130 130 501 501 501 131 131 131</p>
          <p>502 502 502 503 503 503 504 504 504</p>
          <p>505 505 505 504 504 504 503 503 503</p>
          <p>506 506 506 507 507 507 508 508 508</p>
          <p>507 507 507 123 123 123 508 508 508</p>
          <p>132 132 132 509 509 509 510 510 510</p>
          <p>511 511 511 512 512 512 513 513 513</p>
          <p>514 514 514 515 515 515 512 512 512</p>
          <p>512 512 512 515 515 515 513 513 513</p>
          <p>516 516 516 517 517 517 518 518 518</p>
          <p>518 518 518 517 517 517 519 519 519</p>
          <p>520 520 520 521 521 521 522 522 522</p>
          <p>522 522 522 521 521 521 523 523 523</p>
          <p>524 524 524 525 525 525 526 526 526</p>
          <p>525 525 525 527 527 527 526 526 526</p>
          <p>528 528 528 529 529 529 530 530 530</p>
          <p>530 530 530 529 529 529 531 531 531</p>
          <p>532 532 532 533 533 533 534 534 534</p>
          <p>498 498 498 497 497 497 510 510 510</p>
          <p>497 497 497 535 535 535 510 510 510</p>
          <p>510 510 510 535 535 535 132 132 132</p>
          <p>536 536 536 173 173 173 537 537 537</p>
          <p>538 538 538 537 537 537 173 173 173</p>
          <p>539 539 539 540 540 540 541 541 541</p>
          <p>542 542 542 541 541 541 540 540 540</p>
          <p>543 543 543 544 544 544 545 545 545</p>
          <p>545 545 545 544 544 544 546 546 546</p>
          <p>134 134 134 138 138 138 143 143 143</p>
          <p>138 138 138 144 144 144 143 143 143</p>
          <p>140 140 140 139 139 139 136 136 136</p>
          <p>135 135 135 136 136 136 139 139 139</p>
          <p>547 547 547 146 146 146 548 548 548</p>
          <p>548 548 548 146 146 146 549 549 549</p>
          <p>550 550 550 551 551 551 141 141 141</p>
          <p>551 551 551 142 142 142 141 141 141</p>
          <p>552 552 552 553 553 553 554 554 554</p>
          <p>553 553 553 147 147 147 554 554 554</p>
          <p>145 145 145 555 555 555 556 556 556</p>
          <p>555 555 555 557 557 557 556 556 556</p>
          <p>149 149 149 151 151 151 558 558 558</p>
          <p>559 559 559 558 558 558 151 151 151</p>
          <p>560 560 560 561 561 561 562 562 562</p>
          <p>561 561 561 563 563 563 562 562 562</p>
          <p>564 564 564 565 565 565 152 152 152</p>
          <p>565 565 565 566 566 566 152 152 152</p>
          <p>567 567 567 568 568 568 569 569 569</p>
          <p>568 568 568 570 570 570 569 569 569</p>
          <p>148 148 148 133 133 133 571 571 571</p>
          <p>133 133 133 572 572 572 571 571 571</p>
          <p>137 137 137 573 573 573 574 574 574</p>
          <p>573 573 573 575 575 575 574 574 574</p>
          <p>576 576 576 577 577 577 578 578 578</p>
          <p>577 577 577 579 579 579 578 578 578</p>
          <p>150 150 150 580 580 580 581 581 581</p>
          <p>580 580 580 582 582 582 581 581 581</p>
          <p>583 583 583 584 584 584 585 585 585</p>
          <p>584 584 584 586 586 586 585 585 585</p>
          <p>153 153 153 156 156 156 161 161 161</p>
          <p>156 156 156 162 162 162 161 161 161</p>
          <p>158 158 158 157 157 157 155 155 155</p>
          <p>154 154 154 155 155 155 157 157 157</p>
          <p>587 587 587 588 588 588 589 589 589</p>
          <p>588 588 588 164 164 164 589 589 589</p>
          <p>590 590 590 591 591 591 159 159 159</p>
          <p>591 591 591 160 160 160 159 159 159</p>
          <p>592 592 592 593 593 593 594 594 594</p>
          <p>593 593 593 165 165 165 594 594 594</p>
          <p>163 163 163 595 595 595 596 596 596</p>
          <p>595 595 595 597 597 597 596 596 596</p>
          <p>598 598 598 599 599 599 600 600 600</p>
          <p>599 599 599 601 601 601 600 600 600</p>
          <p>602 602 602 603 603 603 604 604 604</p>
          <p>603 603 603 605 605 605 604 604 604</p>
          <p>606 606 606 607 607 607 608 608 608</p>
          <p>607 607 607 609 609 609 608 608 608</p>
          <p>610 610 610 611 611 611 612 612 612</p>
          <p>611 611 611 613 613 613 612 612 612</p>
          <p>614 614 614 615 615 615 616 616 616</p>
          <p>616 616 616 615 615 615 617 617 617</p>
          <p>618 618 618 619 619 619 620 620 620</p>
          <p>619 619 619 621 621 621 620 620 620</p>
          <p>622 622 622 623 623 623 624 624 624</p>
          <p>624 624 624 623 623 623 625 625 625</p>
          <p>626 626 626 627 627 627 628 628 628</p>
          <p>628 628 628 627 627 627 629 629 629</p>
          <p>630 630 630 631 631 631 632 632 632</p>
          <p>632 632 632 631 631 631 633 633 633</p>
        </polygons>
      </mesh>
    </geometry>
    <geometry id="o_b_koya_0-lib" name="o_b_koya_0Mesh">
      <mesh>
        <source id="o_b_koya_0-lib-Position">
          <float_array id="o_b_koya_0-lib-Position-array" count="654">
-493.4719 63.5261 400.3781
-480.4127 63.5261 400.3781
-480.4127 63.5261 400.6143
-493.4719 63.5261 400.6143
-511.0168 23.4449 403.2661
-463.9608 23.44606 403.2669
-463.9608 23.44534 423.7868
-510.9109 23.44573 423.7852
-513.5433 24.58304 493.7068
-463.9617 24.58304 493.7068
-463.9617 63.5261 493.7068
-513.5433 63.5261 493.7068
-513.5433 24.58304 400.9271
-513.5433 24.58304 423.7849
-513.5433 63.5261 423.7849
-513.5433 63.5261 400.9271
-493.4787 51.81165 400.8007
-480.4163 51.81165 400.8007
-480.4163 25.28752 400.8007
-493.4787 25.28752 400.8007
-514.033 63.5261 494.4242
-463.9617 63.5261 494.4242
-463.9617 65.13453 494.4242
-514.033 65.13453 494.4242
-438.1538 63.5261 494.4242
-438.1538 63.5261 443.5309
-438.1538 65.13453 443.5309
-438.1538 65.13453 494.4242
-514.033 63.5261 400.1412
-514.033 63.5261 423.7849
-514.033 65.13453 423.7849
-514.033 65.13453 400.1412
-460.221 63.5261 494.4242
-460.221 63.5261 493.7068
-438.6474 63.5261 493.7068
-460.221 63.5261 400.1412
-460.221 63.5261 423.7849
-463.9617 63.5261 423.7849
-463.9617 63.5261 400.9271
-514.033 63.5261 443.6378
-513.5433 63.5261 443.6378
-463.9617 24.58304 423.7849
-463.9617 24.58304 400.9271
-438.6474 63.5261 443.9004
-510.9089 23.44577 426.4065
-463.9608 23.44526 426.4077
-463.9608 23.44526 441.3273
-510.9089 23.44577 441.3273
-460.221 65.13453 426.4084
-460.221 63.5261 426.4084
-460.221 65.13453 423.7849
-463.9617 63.5261 426.4084
-463.3212 63.5261 426.4084
-463.3212 63.5261 441.3273
-463.9617 63.5261 441.3273
-513.5433 63.5261 441.3273
-513.5433 24.58304 443.917
-460.221 65.13453 441.3273
-460.221 63.5261 441.3273
-514.033 65.13453 441.3273
-514.033 63.5261 441.3273
-514.033 65.13453 443.6378
-514.033 63.5261 426.4084
-513.5433 63.5261 426.4084
-463.9608 23.44522 443.9165
-510.9109 23.44563 443.9167
-460.221 63.5261 443.5309
-460.221 63.5261 443.9004
-463.0131 63.5261 443.917
-514.033 65.13453 426.4084
-463.0132 63.5261 426.4084
-463.0132 63.5261 423.7849
-460.221 65.13453 400.1412
-460.221 65.13454 443.5309
-463.9608 23.44583 491.0436
-511.0168 23.44471 491.0449
-460.221 23.44594 403.2677
-460.2202 23.44504 423.7868
-460.2202 23.44497 441.3273
-460.2202 23.44497 426.4077
-460.2202 23.44492 443.9165
-460.221 23.44572 491.0422
-460.221 65.13453 494.4242
-460.221 24.31322 423.7849
-460.221 24.31322 426.4084
-438.6455 24.31322 426.4085
-438.6461 24.31322 423.7849
-460.221 24.31322 441.3273
-438.6483 24.31322 441.3273
-463.0263 24.31322 441.3221
-463.0151 24.31322 443.917
-460.221 24.31322 443.917
-460.221 24.58304 443.917
-440.9418 23.44494 403.2677
-440.942 23.44579 423.7852
-440.942 23.44584 426.4065
-440.942 23.44584 441.3273
-440.942 23.44569 443.9169
-440.9418 23.44476 491.0422
-463.9617 63.5263 400.1404
-463.9617 65.13453 400.1412
-463.9617 52.76508 441.3273
-463.0263 24.31322 426.4084
-463.9617 24.31322 423.7849
-463.0132 24.31322 423.7849
-463.9617 24.31322 400.9271
-463.6302 24.86382 441.3221
-463.6302 24.86382 426.4084
-463.6302 51.48754 426.4084
-463.6302 51.48754 441.3273
-438.6483 24.31322 443.917
-493.472 63.5261 400.9271
-480.4127 63.5261 400.9271
-480.4127 52.4854 400.9271
-493.472 52.4854 400.9271
-479.5707 24.58303 400.9271
-479.5707 52.4854 400.9271
-494.3143 52.4854 400.9271
-494.3143 24.58303 400.9271
-479.5705 63.5261 400.9271
-494.3142 63.5261 400.9271
-440.5025 36.67716 443.9004
-440.5025 55.52181 443.9004
-458.3659 36.67716 443.9004
-458.3659 55.52181 443.9004
-460.221 24.31322 400.994
-438.6444 24.31322 400.9938
-438.6475 55.35307 451.9461
-438.6476 55.35307 469.9557
-438.6476 36.70009 469.9557
-438.6482 36.70009 451.9567
-438.9179 65.13453 443.5309
-438.9179 65.13453 494.4242
-438.9179 79.68713 468.9777
-514.033 65.13453 400.5479
-463.9617 65.13453 400.5479
-487.127 79.68784 400.5479
-460.221 65.13453 400.5479
-438.1538 63.5261 494.4242
-514.033 63.5261 494.4242
-513.5433 63.5261 493.7068
-463.9617 63.5261 423.7849
-463.9617 63.5261 400.9271
-460.221 63.5261 423.7849
-513.5433 24.58304 441.3273
-513.5433 63.5261 443.6378
-514.033 63.5261 443.6378
-513.5433 63.5261 441.3273
-514.033 63.5261 441.3273
-513.5433 63.5261 426.4084
-513.5433 24.58304 426.4084
-514.033 63.5261 426.4084
-513.5433 63.5261 423.7849
-514.033 63.5261 423.7849
-463.9617 63.5261 423.7849
-460.221 63.5261 423.7849
-460.221 63.5261 423.7849
-460.221 63.5261 426.4084
-463.0132 63.5261 423.7849
-460.221 63.5261 400.1412
-514.033 63.5261 400.1412
-513.5433 63.5261 400.9271
-438.1538 65.13453 443.5309
-438.1538 63.5261 443.5309
-460.221 63.5261 443.5309
-513.5433 63.5261 493.7068
-513.5433 24.58304 493.7068
-514.033 65.13453 494.4242
-514.033 63.5261 494.4242
-438.1538 63.5261 443.5309
-463.0131 63.5261 441.3273
-460.221 63.5261 441.3273
-460.221 63.5261 443.5309
-460.221 65.13454 443.5309
-460.221 63.5261 493.7068
-460.221 24.58304 493.7068
-438.6474 63.5261 493.7068
-438.6474 24.58304 493.7068
-460.221 63.5261 494.4242
-438.1538 65.13453 494.4242
-438.1538 63.5261 494.4242
-463.9617 63.5261 493.7068
-463.9617 63.5261 494.4242
-460.221 63.5261 443.9004
-463.0131 63.5261 443.917
-463.0151 24.58304 443.917
-514.033 63.5261 494.4242
-513.5433 63.5261 493.7068
-514.033 65.13453 400.1412
-514.033 63.5261 400.1412
-463.9617 63.5263 400.1404
-460.221 63.5261 400.1412
-460.221 65.13453 400.1412
-463.9617 52.76508 426.4084
-463.9617 63.5261 441.3273
-463.9617 63.5261 426.4084
-463.9617 63.5261 400.9271
-463.9617 24.58304 400.9271
-513.5433 63.5261 400.9271
-513.5433 24.58304 400.9271
-479.5705 63.5261 400.9271
-479.5705 63.5261 400.3781
-494.3141 63.5261 400.3781
-494.3142 63.5261 400.9271
-438.6474 63.5261 443.9004
-438.6483 24.58304 443.917
-463.0151 24.31322 443.917
-460.221 24.31322 443.917
-463.9617 24.31322 400.9271
-463.9617 24.31322 423.7849
-438.6483 24.31322 443.917
-463.0132 24.31322 423.7849
-480.4127 63.5261 400.9271
-493.472 63.5261 400.9271
-438.6474 63.5261 493.7068
-438.6474 63.5261 443.9004
-438.6474 24.58304 493.7068
-438.6483 24.58304 443.917
</float_array>
          <technique_common>
            <accessor source="#o_b_koya_0-lib-Position-array" count="218" stride="3">
              <param name="X" type="float" />
              <param name="Y" type="float" />
              <param name="Z" type="float" />
            </accessor>
          </technique_common>
        </source>
        <source id="o_b_koya_0-lib-Normal0">
          <float_array id="o_b_koya_0-lib-Normal0-array" count="654">
0 -1 -0.000025
0 -1 -0.000098
0 -1 -0.000004
0 -1 -0.000004
0.000025 -1 0.00004
-0.000024 -1 -0.000019
-0.000044 -1 -0.000023
0.000003 -1 0.000007999999
0 0.000001 1
0 0 1
0.000002 0 1
0 0 1
-1 -0.000001 0
-1 0 0
-1 0.000001 0
-1 0 0
0.000001 0 -1
0.000001 0 -1
0.000001 0 -1
0.000001 0 -1
0.000001 0 1
0 0 1
-0.000004 0 1
0.000001 0 1
1 -0.000009999999 0
1 0 0
1 0.000009999999 0
1 0 0
-1 -0.000004999999 0
-1 0.000004 0
-1 0.000007 0
-1 0 0
0 -1 -0.000002
0 -1 -0.000002
0 -1 0.000001
-0.000026 -1 -0.000127
0 -1 0
0 -1 0
-0.000013 -1 -0.000126
0 -1 0
0 -1 0
1 0 0
1 0.000025 0
0 -1 0.000001
-0.000009999999 -1 -0.000004
-0.000038 -1 -0.000012
-0.000056 -1 -0.000007
-0.000009999999 -1 -0.000017
1 -0.000004 0
1 -0.000011 0
1 -0.000007 0
0 -1 0
0 -1 0
0 -1 0
0 -1 0
-1 0 0
-1 -0.000001 0
1 0 0
1 0.000002 0
-1 -0.000012 0
-1 -0.000017 0
-1 -0.000019 0
0 -1 0
0 -1 0
-0.000036 -1 -0.000007
0.000002 -1 -0.000021
0 -1 0.000001
0 -1 0.000002
0 -1 0.000002
-1 0.000004 0
0 -1 0
0 0 1
1 0.000017 0
0.000001 0 -1
-0.000004 -1 0.000002
0.000024 -1 -0.000019
-0.000014 -1 -0.000016
-0.000011 -1 -0.000026
-0.000016 -1 -0.000007999999
-0.000025 -1 -0.000012
-0.000023 -1 -0.000013
-0.000053 -1 0.000016
0 0 1
0 1 0
0 1 0
0 1 0
0 1 0
0 1 0
0 1 0
0 1 0
0 1 0
0 1 0
-0.001514 -0.000449 -0.999999
-0.000052 -1 0.000041
0.000009 -1 0.000006
0.000043 -1 -0.000002
0.000044 -1 -0.000018
0.00004 -1 -0.000039
-0.000004999999 -1 -0.000001
-0.000009 -1 -0.000273
-0.000006 0.000329 -1
1 -0.000002 0
0.000001 1 0
0 1 0
0 1 0
0 1 0
1 0 0
1 0.000001 0
1 0 0
1 -0.000001 0
0 1 0
0.000003 0 -1
0.000003 0 -1
0.000003 0 -1
0.000003 0 -1
0 0 -1
0 0 -1
0 0 -1
0 0 -1
0.000002 0 -1
0.000002 0 -1
0.002978 -0.0009129999 -0.9999949
0.003592 -0.000142 -0.999994
-0.002059 -0.000599 -0.9999979
-0.000003 0 -1
0 1 0
0 1 0
1 -0.000027 -0.000007
1 -0.000012 -0.000001
1 -0.000002 -0.000016
1 -0.000015 -0.000011
1 0.000001 0
1 0.000001 0
1 0.000001 0
0 0 -1
-0.000003 0 -1
-0.000003 0 -1
-0.000006 0 -1
0 -1 0.000001
0 -1 0
0 -1 0.000002
1 0 0
1 0.000001 0
1 0.000004999999 0
-1 0 0
-1 -0.000001 0
-1 -0.000016 0
0 -1 0
0 -1 0
-1 0 0
-1 0 0
-1 -0.000001 0
0 -1 0
0 -1 0
0 0 1
0 0 1
0 -1 0
0 -1 0
0 -1 0
1 0.000017 0
0.000001 -1 -0.000168
0 -1 0
0.000001 0 -1
0.000001 0 -1
0.000001 0 -1
-1 0 0
-1 0 0
-1 -0.000013 0
-1 -0.000013 0
0 -1 0.000001
0 -1 0
0 -1 0
1 -0.000002 0
1 -0.000002 0
0 0.000001 1
-0.000002 0.000001 1
0 0.000001 1
-0.000001 0.000001 1
0.000003 0 1
0 0 1
0.000001 0 1
0 -1 -0.000002
0 -1 0
-0.003027 -0.000213 -0.9999949
-0.002964 -0.000213 -0.999996
-0.000001 0 -1
0 -1 0
0 -1 0.000002
0 0 -1
-0.000007999999 0.000247 -1
0.00006800001 0.000329 -1
0.000221 0 -1
0.000111 0.000247 -1
1 0 0
1 0 0
1 0.000002 0
0.000001 0 -1
-0.000001 0 -1
0.000001 0 -1
0 0 -1
0.000006 -1 -0.000124
0.000006 -1 -0.000301
0 -1 -0.000036
0 -1 0.000004
0.000613 -0.000142 -1
0.002155 -0.000359 -0.9999979
-0.000007 0 -1
-0.000003 0 -1
1 0 0
1 -0.000075 0
-0.000001 0 -1
0 1 0
0 -1 0
0 -1 0.000013
1 -0.000006 -0.000004
1 -0.000024 0.000001
1 -0.000012 -0.000012
1 -0.000011 -0.000012
</float_array>
          <technique_common>
            <accessor source="#o_b_koya_0-lib-Normal0-array" count="218" stride="3">
              <param name="X" type="float" />
              <param name="Y" type="float" />
              <param name="Z" type="float" />
            </accessor>
          </technique_common>
        </source>
        <source id="o_b_koya_0-lib-UV0">
          <float_array id="o_b_koya_0-lib-UV0-array" count="436">
9.535102 -4.673082
9.535101 -4.42077
9.525589 -4.421356
9.52559 -4.675031
4.257115 -1.009131
4.928624 -1.009143
4.928624 -1.314893
4.258627 -1.31487
3.801865 -0.987462
5.307524 -0.987462
5.307524 -0.01525795
3.801865 -0.01525795
2.445781 -0.987462
2.868162 -0.987462
2.868162 -0.01525795
2.445781 -0.01525795
-0.000001 -4.97713
0.999999 -4.97713
0.999999 -5.97713
-0.000001 -5.97713
9.561502 -1.279153
9.561502 -2.145019
9.683174 -2.145018
9.683175 -1.279153
9.561504 -2.518134
9.561504 -3.005043
9.683174 -3.005043
9.683174 -2.518133
9.561506 -4.949291
9.561507 -5.286904
9.683179 -5.286903
9.683178 -4.949291
9.561502 -2.213694
9.535099 -2.21927
9.535099 -2.520681
9.561505 -4.014735
9.561505 -3.650051
9.535102 -3.753591
9.535101 -4.078405
9.561506 -5.656681
9.535102 -5.658117
0.013359 -0.987462
0.743382 -0.987462
9.5351 -2.996151
4.258655 -1.353927
4.928624 -1.353945
4.928624 -1.558473
4.258655 -1.558474
9.683177 -3.567882
9.561502 -3.567881
9.683175 -3.650051
9.511556 -3.667804
9.52559 -3.64817
9.525587 -2.92511
9.511552 -2.915549
3.170277 -0.01525795
3.21813 -0.987462
9.683175 -2.96098
9.561502 -2.96098
9.683178 -5.610174
9.561506 -5.610174
9.683178 -5.65668
9.561506 -5.335647
9.535102 -5.33304
4.928624 -1.597053
4.258627 -1.597057
9.561502 -2.860957
9.535099 -2.844919
9.535099 -2.792503
9.683178 -5.335647
9.535101 -3.639139
9.535103 -3.724496
9.683179 -4.014734
9.683175 -2.860958
4.928624 -2.009111
4.257116 -2.00913
4.981993 -1.009155
4.982005 -1.314893
4.982005 -1.558473
4.982005 -1.353945
4.982005 -1.597053
4.981993 -2.009091
9.683175 -2.213693
2.83539 -4.521867
2.83539 -4.585053
3.337392 -4.585053
3.337392 -4.521867
2.83539 -4.915629
3.337392 -4.915629
2.770211 -4.915504
2.768216 -5.008726
2.83539 -5.008726
8.490079 -0.987462
5.257115 -1.009154
5.257113 -1.31487
5.257113 -1.353927
5.257113 -1.558474
5.257113 -1.597059
5.257115 -2.009091
9.561521 -4.083418
9.683179 -4.083411
8.622527 -0.2861719
2.770213 -4.584649
2.748478 -4.521867
2.770517 -4.521867
2.748478 -3.997634
0.242967 -2.977557
1.246748 -2.97756
1.246748 -1.988192
0.242967 -1.988192
3.337392 -5.008726
1.7566 -0.01525795
1.28313 -0.01525795
1.28313 -0.293111
1.756602 -0.293111
1.241964 -0.987462
1.241964 -0.293111
1.788043 -0.293111
1.788043 -0.987462
1.241955 -0.01525795
1.788041 -0.01525795
7.725361 -0.686395
7.725361 -0.218484
8.418126 -0.686395
8.418126 -0.218484
2.83539 -3.997634
3.337392 -3.997634
7.409581 -0.130465
6.866529 -0.127977
6.866529 -0.7449111
7.40958 -0.7449111
6.843067 -8.962118
8.359468 -8.962118
7.601271 -7.962118
0.738827 -7.972995
2.524417 -7.972995
1.698321 -6.972995
2.657814 -7.972995
9.561504 -2.518134
9.561506 -6.141451
9.535102 -6.138863
0.013359 -0.01525795
0.743382 -0.01525795
9.561505 -3.650051
3.170277 -0.987462
3.21813 -0.01525795
9.561506 -5.656681
9.535102 -5.611018
9.561506 -5.610174
2.916641 -0.01525795
2.916641 -0.987462
9.561506 -5.335647
9.535102 -5.283777
9.561507 -5.286904
9.535102 -3.753591
9.561505 -3.650051
9.561505 -3.650051
9.561502 -3.567881
9.535103 -3.724496
9.561505 -4.014735
9.561506 -4.949291
9.535102 -4.952614
9.683174 -3.005043
9.561504 -3.005043
9.561502 -2.860957
3.801865 -0.01525795
3.801865 -0.987462
9.683178 -6.141451
9.561506 -6.141451
9.561504 -3.005043
9.5351 -2.929396
9.561502 -2.96098
9.561502 -2.860957
9.683175 -2.860958
5.41262 -0.01525795
5.412619 -0.987462
6.160425 -0.01525795
6.160425 -0.987462
9.561502 -2.213694
9.683174 -2.518133
9.561504 -2.518134
9.535098 -2.149581
9.561502 -2.145019
8.490079 -0.01988804
8.598359 -0.01988804
8.598359 -0.987462
9.561502 -1.279153
9.535098 -1.276567
9.683178 -4.949291
9.561506 -4.949291
9.561521 -4.083418
9.561505 -4.014735
9.683179 -4.014734
9.2102 -0.2861719
8.622527 -0.01917899
9.210199 -0.01917899
0.743382 -0.01525795
0.743382 -0.987462
2.445781 -0.01525795
2.445781 -0.987462
9.535101 -4.404261
9.535101 -4.40315
9.535102 -4.68749
9.535102 -4.692185
7.647158 -0.01988804
7.647158 -0.987462
8.598359 -1.003244
8.490079 -1.003244
0.743382 -1.018427
0.013359 -1.018427
7.647158 -1.003244
2.770516 -4.521867
9.511555 -4.422142
9.511555 -4.677643
6.160425 -0.01525795
7.647159 -0.01917899
6.160425 -0.987462
7.647158 -0.987462
</float_array>
          <technique_common>
            <accessor source="#o_b_koya_0-lib-UV0-array" count="218" stride="2">
              <param name="S" type="float" />
              <param name="T" type="float" />
            </accessor>
          </technique_common>
        </source>
        <vertices id="o_b_koya_0-lib-Vertex">
          <input semantic="POSITION" source="#o_b_koya_0-lib-Position" />
        </vertices>
        <polygons material="m_b_koyaita" count="185">
          <input semantic="VERTEX" offset="0" source="#o_b_koya_0-lib-Vertex" />
          <input semantic="NORMAL" offset="1" source="#o_b_koya_0-lib-Normal0" />
          <input semantic="TEXCOORD" offset="2" set="0" source="#o_b_koya_0-lib-UV0" />
          <p>1 1 1 2 2 2 0 0 0</p>
          <p>0 0 0 2 2 2 3 3 3</p>
          <p>4 4 4 5 5 5 7 7 7</p>
          <p>5 5 5 6 6 6 7 7 7</p>
          <p>8 8 8 9 9 9 11 11 11</p>
          <p>9 9 9 10 10 10 11 11 11</p>
          <p>12 12 12 13 13 13 15 15 15</p>
          <p>13 13 13 14 14 14 15 15 15</p>
          <p>16 16 16 17 17 17 19 19 19</p>
          <p>17 17 17 18 18 18 19 19 19</p>
          <p>20 20 20 21 21 21 23 23 23</p>
          <p>21 21 21 22 22 22 23 23 23</p>
          <p>24 24 24 25 25 25 27 27 27</p>
          <p>25 25 25 26 26 26 27 27 27</p>
          <p>28 28 28 29 29 29 31 31 31</p>
          <p>29 29 29 30 30 30 31 31 31</p>
          <p>138 138 138 32 32 32 34 34 34</p>
          <p>32 32 32 33 33 33 34 34 34</p>
          <p>35 35 35 36 36 36 38 38 38</p>
          <p>36 36 36 37 37 37 38 38 38</p>
          <p>139 139 139 39 39 39 140 140 140</p>
          <p>39 39 39 40 40 40 140 140 140</p>
          <p>41 41 41 42 42 42 141 141 141</p>
          <p>42 42 42 142 142 142 141 141 141</p>
          <p>44 44 44 45 45 45 47 47 47</p>
          <p>45 45 45 46 46 46 47 47 47</p>
          <p>48 48 48 49 49 49 50 50 50</p>
          <p>49 49 49 143 143 143 50 50 50</p>
          <p>51 51 51 52 52 52 54 54 54</p>
          <p>52 52 52 53 53 53 54 54 54</p>
          <p>55 55 55 144 144 144 145 145 145</p>
          <p>144 144 144 56 56 56 145 145 145</p>
          <p>57 57 57 58 58 58 48 48 48</p>
          <p>58 58 58 49 49 49 48 48 48</p>
          <p>59 59 59 60 60 60 61 61 61</p>
          <p>60 60 60 146 146 146 61 61 61</p>
          <p>147 147 147 148 148 148 63 63 63</p>
          <p>148 148 148 62 62 62 63 63 63</p>
          <p>46 46 46 64 64 64 47 47 47</p>
          <p>47 47 47 64 64 64 65 65 65</p>
          <p>66 66 66 67 67 67 68 68 68</p>
          <p>149 149 149 150 150 150 55 55 55</p>
          <p>150 150 150 144 144 144 55 55 55</p>
          <p>69 69 69 151 151 151 59 59 59</p>
          <p>151 151 151 60 60 60 59 59 59</p>
          <p>63 63 63 62 62 62 152 152 152</p>
          <p>62 62 62 153 153 153 152 152 152</p>
          <p>7 7 7 6 6 6 44 44 44</p>
          <p>6 6 6 45 45 45 44 44 44</p>
          <p>14 14 14 13 13 13 149 149 149</p>
          <p>13 13 13 150 150 150 149 149 149</p>
          <p>30 30 30 29 29 29 69 69 69</p>
          <p>29 29 29 151 151 151 69 69 69</p>
          <p>154 154 154 155 155 155 71 71 71</p>
          <p>156 156 156 157 157 157 158 158 158</p>
          <p>157 157 157 70 70 70 158 158 158</p>
          <p>50 50 50 143 143 143 72 72 72</p>
          <p>143 143 143 159 159 159 72 72 72</p>
          <p>160 160 160 161 161 161 153 153 153</p>
          <p>152 152 152 153 153 153 161 161 161</p>
          <p>162 162 162 163 163 163 73 73 73</p>
          <p>163 163 163 164 164 164 73 73 73</p>
          <p>40 40 40 39 39 39 147 147 147</p>
          <p>39 39 39 148 148 148 147 147 147</p>
          <p>145 145 145 56 56 56 165 165 165</p>
          <p>56 56 56 166 166 166 165 165 165</p>
          <p>61 61 61 146 146 146 167 167 167</p>
          <p>146 146 146 168 168 168 167 167 167</p>
          <p>64 64 64 74 74 74 65 65 65</p>
          <p>65 65 65 74 74 74 75 75 75</p>
          <p>138 138 138 34 34 34 169 169 169</p>
          <p>43 43 43 169 169 169 34 34 34</p>
          <p>70 70 70 157 157 157 170 170 170</p>
          <p>157 157 157 171 171 171 170 170 170</p>
          <p>58 58 58 57 57 57 172 172 172</p>
          <p>57 57 57 173 173 173 172 172 172</p>
          <p>68 68 68 170 170 170 66 66 66</p>
          <p>171 171 171 66 66 66 170 170 170</p>
          <p>6 6 6 5 5 5 77 77 77</p>
          <p>5 5 5 76 76 76 77 77 77</p>
          <p>78 78 78 46 46 46 79 79 79</p>
          <p>46 46 46 45 45 45 79 79 79</p>
          <p>64 64 64 46 46 46 80 80 80</p>
          <p>46 46 46 78 78 78 80 80 80</p>
          <p>45 45 45 6 6 6 79 79 79</p>
          <p>6 6 6 77 77 77 79 79 79</p>
          <p>74 74 74 64 64 64 81 81 81</p>
          <p>64 64 64 80 80 80 81 81 81</p>
          <p>174 174 174 175 175 175 176 176 176</p>
          <p>175 175 175 177 177 177 176 176 176</p>
          <p>82 82 82 178 178 178 179 179 179</p>
          <p>178 178 178 180 180 180 179 179 179</p>
          <p>33 33 33 32 32 32 181 181 181</p>
          <p>32 32 32 182 182 182 181 181 181</p>
          <p>83 83 83 84 84 84 86 86 86</p>
          <p>84 84 84 85 85 85 86 86 86</p>
          <p>84 84 84 87 87 87 85 85 85</p>
          <p>87 87 87 88 88 88 85 85 85</p>
          <p>169 169 169 43 43 43 66 66 66</p>
          <p>67 67 67 66 66 66 43 43 43</p>
          <p>89 89 89 90 90 90 87 87 87</p>
          <p>87 87 87 90 90 90 91 91 91</p>
          <p>183 183 183 92 92 92 184 184 184</p>
          <p>92 92 92 185 185 185 184 184 184</p>
          <p>77 77 77 76 76 76 94 94 94</p>
          <p>76 76 76 93 93 93 94 94 94</p>
          <p>78 78 78 79 79 79 96 96 96</p>
          <p>79 79 79 95 95 95 96 96 96</p>
          <p>78 78 78 96 96 96 80 80 80</p>
          <p>80 80 80 96 96 96 97 97 97</p>
          <p>79 79 79 77 77 77 95 95 95</p>
          <p>77 77 77 94 94 94 95 95 95</p>
          <p>81 81 81 80 80 80 98 98 98</p>
          <p>80 80 80 97 97 97 98 98 98</p>
          <p>38 38 38 99 99 99 35 35 35</p>
          <p>10 10 10 9 9 9 174 174 174</p>
          <p>9 9 9 175 175 175 174 174 174</p>
          <p>22 22 22 21 21 21 82 82 82</p>
          <p>21 21 21 178 178 178 82 82 82</p>
          <p>186 186 186 187 187 187 182 182 182</p>
          <p>181 181 181 182 182 182 187 187 187</p>
          <p>188 188 188 100 100 100 189 189 189</p>
          <p>100 100 100 190 190 190 189 189 189</p>
          <p>191 191 191 190 190 190 192 192 192</p>
          <p>190 190 190 100 100 100 192 192 192</p>
          <p>101 101 101 193 193 193 194 194 194</p>
          <p>193 193 193 195 195 195 194 194 194</p>
          <p>53 53 53 52 52 52 170 170 170</p>
          <p>52 52 52 70 70 70 170 170 170</p>
          <p>102 102 102 89 89 89 84 84 84</p>
          <p>89 89 89 87 87 87 84 84 84</p>
          <p>103 103 103 104 104 104 105 105 105</p>
          <p>107 107 107 108 108 108 106 106 106</p>
          <p>106 106 106 108 108 108 109 109 109</p>
          <p>91 91 91 110 110 110 87 87 87</p>
          <p>110 110 110 88 88 88 87 87 87</p>
          <p>111 111 111 112 112 112 114 114 114</p>
          <p>112 112 112 113 113 113 114 114 114</p>
          <p>196 196 196 197 197 197 116 116 116</p>
          <p>197 197 197 115 115 115 116 116 116</p>
          <p>198 198 198 117 117 117 199 199 199</p>
          <p>199 199 199 117 117 117 118 118 118</p>
          <p>119 119 119 196 196 196 116 116 116</p>
          <p>198 198 198 120 120 120 117 117 117</p>
          <p>38 38 38 200 200 200 99 99 99</p>
          <p>200 200 200 201 201 201 99 99 99</p>
          <p>99 99 99 201 201 201 160 160 160</p>
          <p>201 201 201 1 1 1 160 160 160</p>
          <p>1 1 1 0 0 0 160 160 160</p>
          <p>0 0 0 202 202 202 160 160 160</p>
          <p>160 160 160 202 202 202 161 161 161</p>
          <p>202 202 202 203 203 203 161 161 161</p>
          <p>204 204 204 205 205 205 122 122 122</p>
          <p>205 205 205 121 121 121 122 122 122</p>
          <p>205 205 205 92 92 92 121 121 121</p>
          <p>92 92 92 123 123 123 121 121 121</p>
          <p>92 92 92 183 183 183 123 123 123</p>
          <p>183 183 183 124 124 124 123 123 123</p>
          <p>183 183 183 204 204 204 124 124 124</p>
          <p>204 204 204 122 122 122 124 124 124</p>
          <p>105 105 105 104 104 104 125 125 125</p>
          <p>104 104 104 83 83 83 125 125 125</p>
          <p>126 126 126 125 125 125 86 86 86</p>
          <p>125 125 125 83 83 83 86 86 86</p>
          <p>185 185 185 92 92 92 206 206 206</p>
          <p>92 92 92 207 207 207 206 206 206</p>
          <p>42 42 42 41 41 41 208 208 208</p>
          <p>41 41 41 209 209 209 208 208 208</p>
          <p>92 92 92 205 205 205 207 207 207</p>
          <p>205 205 205 210 210 210 207 207 207</p>
          <p>83 83 83 211 211 211 84 84 84</p>
          <p>211 211 211 102 102 102 84 84 84</p>
          <p>2 2 2 212 212 212 3 3 3</p>
          <p>3 3 3 212 212 212 213 213 213</p>
          <p>214 214 214 128 128 128 215 215 215</p>
          <p>215 215 215 128 128 128 127 127 127</p>
          <p>216 216 216 129 129 129 214 214 214</p>
          <p>214 214 214 129 129 129 128 128 128</p>
          <p>216 216 216 217 217 217 129 129 129</p>
          <p>217 217 217 130 130 130 129 129 129</p>
          <p>217 217 217 215 215 215 130 130 130</p>
          <p>215 215 215 127 127 127 130 130 130</p>
          <p>132 132 132 131 131 131 133 133 133</p>
          <p>135 135 135 134 134 134 136 136 136</p>
          <p>137 137 137 135 135 135 136 136 136</p>
        </polygons>
      </mesh>
    </geometry>
    <geometry id="o_b_koya_1-lib" name="o_b_koya_1Mesh">
      <mesh>
        <source id="o_b_koya_1-lib-Position">
          <float_array id="o_b_koya_1-lib-Position-array" count="1644">
-513.5554 20.90551 493.6726
-463.9617 20.90667 493.6726
-463.9617 23.56985 493.6726
-513.5552 23.56985 493.6726
-438.4764 20.90551 493.6726
-438.4766 20.90667 443.917
-438.4766 23.56983 443.917
-438.4764 23.56984 493.6726
-513.5554 20.90551 400.927
-513.5558 20.90667 423.7849
-513.5568 23.56987 423.7849
-513.5552 23.56986 400.927
-514.033 24.58304 400.1412
-513.5223 24.58304 400.1412
-513.5202 23.56985 400.1412
-514.033 23.56985 400.1412
-513.588 24.58304 494.3618
-463.9617 24.58304 494.3618
-437.7873 24.58304 494.3618
-437.7873 24.58304 443.917
-438.6483 24.58304 443.917
-438.6474 24.58304 493.7068
-514.033 24.58304 423.7849
-437.7873 24.58304 426.4084
-437.7873 23.56985 426.4084
-437.7873 23.56985 423.7849
-437.7873 24.58304 423.7849
-514.033 24.58304 426.4084
-514.033 23.56985 426.4084
-514.033 23.56985 441.3273
-514.033 24.58304 441.3273
-513.5433 24.58304 426.4084
-513.5433 24.58304 441.3273
-463.3275 51.48753 426.4084
-463.3275 52.76508 426.4084
-463.3275 52.76508 441.3273
-463.3275 51.48753 441.3273
-437.7873 24.58304 441.3273
-437.7873 23.56985 441.3273
-463.9617 24.85631 441.3222
-463.3212 24.85631 441.3221
-463.3212 24.85631 426.4084
-463.9617 24.85631 426.4084
-514.033 23.56985 443.917
-514.033 24.58304 443.917
-463.0132 51.48753 441.3273
-463.0132 52.76508 441.3273
-463.0131 63.5261 441.3273
-463.0151 24.58304 443.917
-463.0263 24.58304 441.3221
-514.033 23.56985 423.7849
-463.0132 51.48753 426.4084
-463.0263 24.58304 426.4084
-463.0132 24.58304 423.7849
-463.0131 52.76508 426.4084
-437.7873 23.56985 400.1412
-437.7873 24.58304 400.1412
-437.7873 23.56985 443.917
-514.033 23.56985 494.3618
-514.033 24.58304 494.3618
-441.3177 54.75834 444.2683
-441.3177 37.40651 444.268
-457.5508 37.40651 444.268
-457.5508 54.75834 444.268
-463.9617 51.48753 441.3273
-463.9617 51.48753 426.4084
-463.9617 52.76508 426.4084
-463.9617 23.56985 494.3618
-460.221 23.56985 494.3618
-460.221 24.58304 494.3618
-463.9617 20.90667 400.927
-463.9617 23.56986 400.927
-460.221 23.56986 400.927
-460.221 20.90652 400.927
-460.221 24.58304 493.7068
-480.4127 24.58303 400.3781
-493.4617 24.58303 400.3781
-493.4649 24.58303 400.5912
-480.4128 24.58303 400.6139
-513.5353 23.56985 494.3618
-437.7873 23.56985 494.3618
-438.4766 23.56984 423.7849
-438.4766 23.56985 426.4084
-438.4766 20.90667 426.4084
-438.4766 20.90667 423.7849
-513.5568 23.56985 441.3273
-513.5568 23.56986 426.4084
-513.5558 20.90667 426.4084
-513.5558 20.90667 441.3273
-438.4766 23.56983 441.3273
-438.4766 20.90667 441.3273
-513.5568 23.56984 443.917
-513.5558 20.90667 443.917
-438.4764 23.56985 400.927
-438.4764 20.90551 400.927
-460.221 23.56985 493.6726
-460.221 20.90652 493.6726
-438.6517 23.56985 400.1412
-460.221 23.56985 400.1412
-460.221 24.58304 400.1412
-438.6443 24.58304 400.1412
-463.9617 23.56985 400.1412
-438.6718 23.56985 494.3618
-463.9617 24.58304 400.1412
-460.221 24.58304 400.994
-438.6444 24.58304 400.9938
-438.6649 24.58304 494.3618
-463.9608 20.90709 403.2669
-511.0168 20.90593 403.2661
-510.9109 20.90676 423.7852
-510.9089 20.9068 426.4065
-510.9089 20.9068 441.3273
-510.9109 20.90666 443.9167
-511.0168 20.90574 491.0449
-463.9608 20.90686 491.0436
-460.221 20.90697 403.2677
-460.221 20.90675 491.0422
-440.9418 20.90597 403.2677
-440.942 20.90682 423.7852
-440.942 20.90687 441.3273
-440.942 20.90687 426.4065
-440.942 20.90672 443.9169
-440.9418 20.90579 491.0422
-463.3212 24.58304 426.4084
-463.3212 24.58304 441.3221
-493.472 52.4854 400.6149
-480.4127 52.4854 400.6149
-480.4127 51.81165 400.6149
-493.472 51.81165 400.6149
-479.5707 52.4854 400.3781
-479.5707 24.58303 400.3781
-480.4127 51.81165 400.3781
-494.3143 24.58303 400.3781
-494.3142 52.4854 400.3781
-493.472 51.81165 400.3781
-480.4127 52.4854 400.3781
-479.5705 63.5261 400.3781
-493.472 52.4854 400.3781
-494.3141 63.5261 400.3781
-493.4651 25.28664 400.5922
-480.4127 51.81165 400.9271
-493.472 51.81165 400.9271
-480.4128 25.28596 400.6131
-480.4127 25.28752 400.9271
-493.472 25.28753 400.9271
-440.5025 55.52181 443.6195
-440.5025 36.67716 443.6195
-441.3177 37.40651 443.6195
-441.3177 54.75834 443.6195
-458.3659 36.67716 443.6195
-457.5508 37.40651 443.6195
-458.3659 55.52181 443.6195
-457.5508 54.75834 443.6195
-438.6483 24.58304 441.3273
-438.6455 24.58303 426.4085
-438.6461 24.58304 423.7849
-438.6476 54.76021 452.7592
-438.6476 54.76021 469.1427
-438.6476 37.32707 469.1427
-438.6482 37.32707 452.7692
-439.5242 54.76021 452.7592
-439.5242 54.76021 469.1427
-439.5242 37.32707 469.1427
-439.5248 37.32707 452.7692
-437.9574 55.35307 451.9461
-437.9574 55.35307 469.9557
-437.9574 54.76021 469.1427
-437.9574 54.76021 452.7592
-437.9574 36.70009 469.9557
-437.9574 37.32707 469.1427
-437.958 36.70009 451.9567
-437.958 37.32707 452.7692
-513.5433 24.58304 493.7068
-463.9617 24.58304 493.7068
-514.033 24.58304 400.1412
-513.5433 24.58304 400.9271
-513.5433 24.58304 423.7849
-514.033 24.58304 426.4084
-514.033 24.58304 441.3273
-513.5433 24.58304 443.917
-514.033 24.58304 443.917
-463.0131 63.5261 443.917
-514.033 24.58304 423.7849
-463.0132 63.5261 423.7849
-463.0132 63.5261 426.4084
-437.7873 24.58304 443.917
-514.033 24.58304 494.3618
-513.5433 24.58304 493.7068
-463.3275 51.48753 441.3273
-463.3275 52.76508 441.3273
-463.0132 51.48753 441.3273
-463.0132 52.76508 441.3273
-463.9617 24.85631 441.3222
-463.3212 24.85631 441.3221
-463.9617 24.85631 426.4084
-463.3275 51.48753 426.4084
-463.3212 24.85631 426.4084
-463.9617 24.58304 423.7849
-463.9617 63.5261 423.7849
-463.0132 24.58304 423.7849
-463.0132 63.5261 423.7849
-463.9617 63.5261 426.4084
-463.3212 63.5261 426.4084
-463.3275 52.76508 426.4084
-463.9617 24.58304 494.3618
-460.221 24.58304 494.3618
-513.588 24.58304 494.3618
-437.7873 24.58304 494.3618
-514.033 23.56985 400.1412
-514.033 24.58304 400.1412
-513.5552 23.56986 400.927
-513.5554 20.90551 400.927
-513.5552 23.56985 493.6726
-513.5554 20.90551 493.6726
-438.4764 23.56984 493.6726
-438.4764 20.90551 493.6726
-463.9617 23.56985 494.3618
-513.5353 23.56985 494.3618
-463.9617 23.56985 493.6726
-513.5552 23.56985 493.6726
-437.7873 23.56985 494.3618
-438.4764 23.56984 493.6726
-437.7873 23.56985 443.917
-438.4766 23.56983 443.917
-514.033 23.56985 400.1412
-513.5552 23.56986 400.927
-514.033 23.56985 423.7849
-513.5568 23.56987 423.7849
-460.221 23.56985 400.1412
-463.9617 23.56986 400.927
-460.221 23.56986 400.927
-513.5202 23.56985 400.1412
-437.7873 23.56985 423.7849
-437.7873 23.56985 426.4084
-438.4766 23.56984 423.7849
-438.4766 23.56985 426.4084
-514.033 23.56985 441.3273
-514.033 23.56985 426.4084
-513.5568 23.56985 441.3273
-513.5568 23.56986 426.4084
-437.7873 23.56985 441.3273
-438.4766 23.56983 441.3273
-514.033 23.56985 443.917
-513.5568 23.56984 443.917
-437.7873 23.56985 400.1412
-438.4764 23.56985 400.927
-514.033 23.56985 494.3618
-513.5552 23.56985 493.6726
-460.221 24.58304 400.1412
-463.9617 24.58304 400.9271
-438.6443 24.58304 400.1412
-438.6718 23.56985 494.3618
-437.7873 23.56985 494.3618
-437.7873 24.58304 494.3618
-438.4764 23.56985 400.927
-438.4764 20.90551 400.927
-438.6649 24.58304 494.3618
-463.9617 24.58304 400.1412
-463.9617 23.56985 400.1412
-438.4764 23.56985 400.927
-438.6517 23.56985 400.1412
-460.221 23.56985 493.6726
-460.221 23.56985 494.3618
-513.5554 20.90551 400.927
-463.9617 20.90667 400.927
-513.5554 20.90551 400.927
-511.0168 20.90593 403.2661
-513.5558 20.90667 423.7849
-513.5558 20.90667 441.3273
-513.5558 20.90667 426.4084
-513.5558 20.90667 443.917
-513.5554 20.90551 493.6726
-463.9617 20.90667 493.6726
-511.0168 20.90574 491.0449
-460.221 20.90652 400.927
-460.221 20.90652 493.6726
-438.4764 20.90551 400.927
-438.4764 20.90551 400.927
-438.4766 20.90667 423.7849
-440.9418 20.90597 403.2677
-438.4766 20.90667 441.3273
-438.4766 20.90667 426.4084
-438.4766 20.90667 443.917
-438.4764 20.90551 493.6726
-438.4764 20.90551 493.6726
-440.9418 20.90579 491.0422
-511.0168 20.90593 403.2661
-463.9608 20.90709 403.2669
-511.0168 23.4449 403.2661
-463.9608 23.44606 403.2669
-511.0168 20.90593 403.2661
-511.0168 23.4449 403.2661
-510.9109 20.90676 423.7852
-510.9109 23.44573 423.7852
-510.9089 20.9068 441.3273
-510.9089 20.9068 426.4065
-510.9089 23.44577 441.3273
-510.9089 23.44577 426.4065
-510.9109 20.90666 443.9167
-510.9109 23.44563 443.9167
-511.0168 20.90574 491.0449
-511.0168 23.44471 491.0449
-463.9608 20.90686 491.0436
-463.9608 23.44583 491.0436
-511.0168 20.90574 491.0449
-511.0168 23.44471 491.0449
-460.221 20.90697 403.2677
-460.221 23.44594 403.2677
-460.221 20.90675 491.0422
-460.221 23.44572 491.0422
-440.9418 20.90597 403.2677
-440.9418 23.44494 403.2677
-440.9418 20.90597 403.2677
-440.942 20.90682 423.7852
-440.9418 23.44494 403.2677
-440.942 23.44579 423.7852
-440.942 20.90687 426.4065
-440.942 20.90687 441.3273
-440.942 23.44584 426.4065
-440.942 23.44584 441.3273
-440.942 20.90672 443.9169
-440.942 23.44569 443.9169
-440.9418 20.90579 491.0422
-440.9418 23.44476 491.0422
-440.9418 20.90579 491.0422
-440.9418 23.44476 491.0422
-463.0131 63.5261 441.3273
-463.3212 63.5261 441.3273
-463.0131 52.76508 426.4084
-463.0132 51.48753 426.4084
-463.9617 52.76508 426.4084
-463.9617 52.76508 441.3273
-463.3275 52.76508 426.4084
-463.3275 52.76508 441.3273
-463.9617 51.48753 441.3273
-463.9617 51.48753 426.4084
-463.3275 51.48753 441.3273
-463.3275 51.48753 426.4084
-463.0263 24.58304 426.4084
-463.0263 24.58304 441.3221
-463.0263 24.58304 441.3221
-463.3212 24.58304 426.4084
-463.0263 24.58304 426.4084
-463.0132 63.5261 426.4084
-463.9617 63.5261 441.3273
-463.9617 52.76508 441.3273
-463.3212 24.58304 441.3221
-463.3212 24.58304 426.4084
-463.3212 24.85631 441.3221
-463.3212 24.85631 426.4084
-463.3212 24.58304 441.3221
-480.4127 24.58303 400.3781
-493.4617 24.58303 400.3781
-480.4127 63.5261 400.3781
-493.4719 63.5261 400.3781
-479.5707 52.4854 400.9271
-479.5707 24.58303 400.9271
-479.5707 52.4854 400.3781
-479.5707 24.58303 400.3781
-479.5705 63.5261 400.9271
-479.5705 63.5261 400.3781
-480.4127 52.4854 400.9271
-480.4127 63.5261 400.9271
-480.4127 52.4854 400.6149
-480.4127 63.5261 400.6143
-494.3143 24.58303 400.9271
-494.3143 52.4854 400.9271
-494.3143 24.58303 400.3781
-494.3142 52.4854 400.3781
-493.4617 24.58303 400.3781
-493.472 51.81165 400.3781
-493.4649 24.58303 400.5912
-493.472 51.81165 400.6149
-493.472 52.4854 400.6149
-493.472 52.4854 400.3781
-493.472 63.5261 400.9271
-493.472 52.4854 400.9271
-493.4719 63.5261 400.6143
-494.3142 63.5261 400.9271
-494.3141 63.5261 400.3781
-480.4127 52.4854 400.9271
-480.4127 52.4854 400.6149
-493.472 52.4854 400.9271
-493.472 52.4854 400.6149
-480.4127 51.81165 400.6149
-493.472 51.81165 400.6149
-480.4127 51.81165 400.6149
-480.4127 51.81165 400.9271
-480.4128 24.58303 400.6139
-493.4649 24.58303 400.5912
-480.4128 25.28596 400.6131
-493.4651 25.28664 400.5922
-479.5707 24.58303 400.9271
-479.5707 24.58303 400.3781
-480.4127 25.28752 400.9271
-493.4651 25.28664 400.5922
-480.4128 25.28596 400.6131
-480.4127 24.58303 400.3781
-480.4128 24.58303 400.6139
-480.4127 51.81165 400.3781
-493.472 25.28753 400.9271
-493.472 51.81165 400.9271
-513.5223 24.58304 400.1412
-458.3659 36.67716 443.6195
-457.5508 37.40651 443.6195
-440.5025 55.52181 443.6195
-457.5508 54.75834 443.6195
-441.3177 54.75834 443.6195
-440.5025 55.52181 443.9004
-440.5025 36.67716 443.9004
-440.5025 55.52181 443.6195
-440.5025 36.67716 443.6195
-440.5025 36.67716 443.9004
-458.3659 36.67716 443.9004
-440.5025 36.67716 443.6195
-458.3659 36.67716 443.6195
-457.5508 37.40651 443.6195
-441.3177 37.40651 443.6195
-458.3659 36.67716 443.9004
-458.3659 55.52181 443.9004
-458.3659 36.67716 443.6195
-458.3659 55.52181 443.6195
-457.5508 54.75834 443.6195
-457.5508 37.40651 443.6195
-457.5508 37.40651 444.268
-458.3659 55.52181 443.9004
-440.5025 55.52181 443.9004
-458.3659 55.52181 443.6195
-440.5025 55.52181 443.6195
-437.7873 24.58304 441.3273
-437.7873 24.58304 426.4084
-437.7873 24.58304 423.7849
-438.6443 24.58304 400.1412
-438.6444 24.58304 400.9938
-437.7873 24.58304 400.1412
-463.0132 24.31322 423.7849
-463.0263 24.31322 426.4084
-438.6455 24.58303 426.4085
-438.6461 24.58304 423.7849
-438.6455 24.31322 426.4085
-438.6461 24.31322 423.7849
-438.6483 24.58304 441.3273
-438.6483 24.31322 441.3273
-463.0263 24.31322 441.3221
-463.0151 24.31322 443.917
-463.0263 24.58304 426.4084
-463.0263 24.58304 441.3221
-463.0263 24.31322 426.4084
-463.0263 24.31322 441.3221
-463.9617 24.31322 423.7849
-463.0132 24.31322 423.7849
-438.6483 24.58304 443.917
-438.6483 24.31322 443.917
-463.9617 24.58304 400.9271
-463.9617 24.31322 400.9271
-460.221 24.58304 400.994
-460.221 24.31322 400.994
-438.6444 24.58304 400.9938
-438.6444 24.31322 400.9938
-438.6444 24.58304 400.9938
-438.6444 24.31322 400.9938
-437.7873 23.56985 400.1412
-438.6517 23.56985 400.1412
-437.7873 24.58304 400.1412
-438.6443 24.58304 400.1412
-438.6517 23.56985 400.1412
-438.6474 24.58304 493.7068
-438.6649 24.58304 494.3618
-438.6649 24.58304 494.3618
-438.6718 23.56985 494.3618
-438.4764 23.56984 493.6726
-438.6718 23.56985 494.3618
-513.5433 24.58304 400.9271
-494.3143 24.58303 400.9271
-513.5223 24.58304 400.1412
-494.3143 24.58303 400.3781
-513.5223 24.58304 400.1412
-513.5202 23.56985 400.1412
-513.5552 23.56986 400.927
-513.5202 23.56985 400.1412
-513.588 24.58304 494.3618
-513.5353 23.56985 494.3618
-513.588 24.58304 494.3618
-514.033 23.56985 494.3618
-514.033 24.58304 494.3618
-513.5353 23.56985 494.3618
-480.4127 52.4854 400.3781
-480.4127 63.5261 400.3781
-493.4719 63.5261 400.3781
-441.3177 37.40651 443.6195
-441.3177 54.75834 443.6195
-441.3177 37.40651 444.268
-457.5508 54.75834 443.6195
-441.3177 54.75834 443.6195
-457.5508 54.75834 444.268
-441.3177 54.75834 444.2683
-437.9574 55.35307 469.9557
-437.9574 54.76021 469.1427
-437.9574 36.70009 469.9557
-437.9574 37.32707 469.1427
-437.958 36.70009 451.9567
-437.9574 55.35307 451.9461
-437.958 37.32707 452.7692
-437.9574 54.76021 452.7592
-438.6476 54.76021 469.1427
-439.5242 54.76021 469.1427
-438.6476 37.32707 469.1427
-439.5242 37.32707 469.1427
-438.6476 54.76021 452.7592
-439.5242 54.76021 452.7592
-438.6482 37.32707 452.7692
-439.5248 37.32707 452.7692
-438.6475 55.35307 451.9461
-438.6476 55.35307 469.9557
-437.9574 55.35307 451.9461
-437.9574 55.35307 469.9557
-437.9574 54.76021 469.1427
-437.9574 54.76021 452.7592
-438.6476 55.35307 469.9557
-438.6476 36.70009 469.9557
-437.9574 55.35307 469.9557
-437.9574 36.70009 469.9557
-437.9574 37.32707 469.1427
-437.9574 54.76021 469.1427
-438.6482 36.70009 451.9567
-437.958 36.70009 451.9567
-438.6476 36.70009 469.9557
-437.9574 36.70009 469.9557
-437.958 37.32707 452.7692
-437.9574 37.32707 469.1427
-438.6482 36.70009 451.9567
-438.6475 55.35307 451.9461
-437.958 36.70009 451.9567
-437.9574 55.35307 451.9461
-437.958 37.32707 452.7692
-437.9574 54.76021 452.7592
-438.1538 65.13453 494.4242
-438.1538 65.13453 443.5309
-438.9179 65.13453 494.4242
-438.9179 65.13453 443.5309
-463.9617 65.13453 400.1412
-514.033 65.13453 400.1412
-463.9617 65.13453 400.5479
-514.033 65.13453 400.5479
-460.221 65.13453 400.1412
-463.9617 65.13453 400.1412
-460.221 65.13453 400.5479
-463.9617 65.13453 400.5479
</float_array>
          <technique_common>
            <accessor source="#o_b_koya_1-lib-Position-array" count="548" stride="3">
              <param name="X" type="float" />
              <param name="Y" type="float" />
              <param name="Z" type="float" />
            </accessor>
          </technique_common>
        </source>
        <source id="o_b_koya_1-lib-Normal0">
          <float_array id="o_b_koya_1-lib-Normal0-array" count="1644">
0.000001 0 1
-0.000002 0.000006 1
-0.000007999999 0.000011 1
0.000001 0.000006 1
1 0.000009 -0.000003
1 0.000001 -0.000002
1 -0.000003 -0.000001
1 0 -0.000003
-1 0.000095 -0.000019
-1 -0.000208 -0.00003
-1 -0.000362 -0.000024
-1 -0.000128 -0.000045
-0.000006 0 -1
-0.00002 -0.00002 -1
-0.000018 -0.00002 -1
-0.00003 -0.000015 -1
0 1 0.000001
0 1 0
0 1 0
0 1 0
0 1 0
0 1 -0.000002
0 1 0
1 -0.000029 0.000001
1 -0.000022 0.000001
1 -0.000021 0
1 -0.000023 0
-1 -0.000018 0
-1 -0.000002 0
-1 0.000023 0
-1 0.000019 0
0 1 0
0 1 0
1 -0.000027 -0.000002
1 -0.000015 -0.000001
1 -0.000003 0
1 -0.000015 -0.000001
1 -0.000041 0
1 -0.000029 0.000001
0 1 0
0 1 0
0 1 0
0 1 0
-1 0.000018 0
-1 0.000023 0
0.9999979 -0.000255 -0.001787
1 -0.000024 0.000318
1 -0.000004 0
0.9999971 -0.000112 -0.002406
0.9999979 -0.000098 -0.002164
-1 -0.000017 0
0.999996 -0.000265 0.002623
0.999993 -0.000132 0.00376
0.9999979 -0.000118 0.002039
1 -0.000018 0.00009
1 -0.000019 0
1 -0.000019 0
1 -0.000041 0
-1 0.000014 0
-1 0.000014 0
1 0.000001 0
0 1 0.000004999999
0 1 0.000004999999
1 0 0
0 0.000194 -1
-0.00004 0.000001 1
0 -0.000003 1
0 0.000009999999 1
-0.000001 0.000009999999 1
-0.000001 0.00002 1
0.000004999999 0 -1
0.000006 0 -1
0.000006 0 -1
0.000002 0 -1
0 1 -0.000002
0 1 0.000108
0 1 0.000041
0 1 0.000009
0 1 0.000007
0.000016 -0.00002 1
1 -0.00003 0
1 -0.000002 0.000004
1 0 0
1 0.000002 0
1 -0.000001 0.000002
-1 -0.00037 0
-1 -0.0003679999 0
-1 -0.0003679999 0
-1 -0.00037 0
1 -0.000001 0
1 0 0
-1 -0.000212 0.000014
-1 -0.000366 0.000003
1 0.000004 0.000007
1 0 0.000007
-0.000003 0.000003 1
0.000003 0 1
0.000002 0 -1
0 0 -1
0 0 -1
0.000002 0 -1
0 -1 0.000019
0 -1 0.000003
0 1 0.000004
0 1 0.000001
0 1 0
0 -0.000015 1
-0.000015 -1 0.000182
0.00005 -1 0.000105
0.000032 -1 0.000028
0.000043 -1 0.000006
0.000049 -1 -0.000018
0.000013 -1 -0.000025
0.000027 -1 -0.000044
-0.000002 -1 -0.00007
-0.000041 -1 0.000192
-0.000039 -1 -0.00007999999
-0.000074 -1 0.000108
-0.000066 -1 0.000021
-0.000066 -1 -0.000015
-0.00008100001 -1 0.000011
-0.00002 -1 -0.000039
-0.000051 -1 -0.000047
0 1 0
0 1 0
-0.000003 0 -1
-0.000003 0 -1
-0.000003 0 -1
-0.000003 0 -1
0 0.000016 -1
0.000016 0.000001 -1
0.000003 0.000016 -1
-0.000003 0 -1
-0.000014 0 -1
-0.000017 0 -1
-0.000014 0.000016 -1
-0.000009 0.000001 -1
-0.000027 0 -1
-0.000009 0 -1
0.9999861 0.000255 0.005247001
0 -1 -0.000003
0 -1 0
-1 0.000011 -0.00007099999
-1 0.000002 0.000194
0 0.999996 -0.002653
0.000018 0 -1
0.000015 0 -1
-0.000004999999 0 -1
0.000015 0 -1
-0.00002 0 -1
-0.000014 0 -1
-0.000014 0 -1
0.000004999999 0 -1
0 1 0
-0.000001 1 0
0 1 0
0 -1 0
0 -1 0
-0.000007999999 0 -1
0 1 0
0 -1 0
0 -1 0
-0.000018 0 -1
0 1 0
1 -0.000012 0
1 0.000004 -0.000009
1 -0.000007 0.000001
1 -0.000004 -0.000009
1 -0.000009999999 -0.000036
1 -0.000004999999 -0.000026
1 -0.000016 -0.000015
1 -0.000022 -0.000012
0 1 0
0 1 -0.000001
0 1 0
0 1 0
0 1 0
0 1 0
0 1 0
0 1 0
0 1 0
1 -0.000027 0.00009999999
-1 -0.000013 0
1 0.000001 -0.000012
1 0.000003 -0.000033
1 -0.000038 0
0 1 0
0 1 0
0.00002 0.000122 -1
-0.000045 -0.000006 -1
0.000034 0.00008500001 -1
-0.000126 -0.000011 -1
-0.000057 0.000194 -1
0.000022 0.000155 -1
0 0.000001 1
-0.000033 0.000001 1
-0.000034 0.000001 1
-0.000006 0 -1
0 0 -1
-0.000006 0 -1
0 0 -1
0.00006499999 -0.000003 1
0.000001 -0.000003 1
-0.000076 -0.000001 1
0.000001 -0.000009999999 1
0 1 -0.000003
0.000034 -0.00003 1
1 -0.000016 0
-1 -0.000007999999 0
-1 0 0
0 0 -1
0 0 -1
-1 0.00008899999 0.000033
-1 -0.000133 0.000021
0 0 1
-0.000001 0 1
0 -1 -0.000002
0 -1 -0.000003
0 -1 -0.000002
0 -1 -0.000002
0.000001 -1 0.000001
0.000006 -1 0.000002
0.000016 -1 0
0.000022 -1 0
0.000012 -1 0.000009
0.000017 -1 0.000007999999
0.000038 -1 0
0.000044 -1 0
0 -1 0.000016
0 -1 0.000016
0 -1 0.000011
0 -1 0.000017
0 -1 0
0.000001 -1 0
0.000002 -1 0
0.000006 -1 0
-0.000001 -1 0
0.000027 -1 0
0.000013 -1 -0.000001
0.000041 -1 0
0.000011 -1 -0.000001
0.000018 -1 -0.000001
-0.000001 -1 0
-0.000003 -1 0
-0.000003 -1 0.000002
-0.000001 -1 0.000002
0.000002 -1 -0.000001
0 -1 -0.000002
0 1 0.000001
0 1 -0.000001
0 1 0
0.000015 -0.00003 1
0 -0.00003 1
-0.000028 -0.00003 1
0 0 -1
-0.000001 0 -1
0 1 -0.000002
0 -0.000007999999 -1
0 0 -1
-0.000001 -1 0.000002
0 -1 0.000007999999
0 -1 0.000001
0 -1 -0.000001
0.00007099999 -1 0.000102
0.000003 -1 0.000169
0.00007099999 -1 0.000102
0.00005 -1 0.000105
0.00005800001 -1 0.000027
0.000031 -1 -0.000018
0.000049 -1 0
0.000018 -1 -0.000014
0.000044 -1 -0.000043
-0.000004999999 -1 -0.000072
0.000027 -1 -0.000044
-0.000042 -1 0.000177
-0.000045 -1 -0.000077
-0.00009199999 -1 0.00009899998
-0.00009199999 -1 0.00009899998
-0.00008500001 -1 0.000031
-0.000074 -1 0.000108
-0.00008100001 -1 0
-0.000076 -1 0.000004999999
-0.000052 -1 -0.000025
-0.000066 -1 -0.000042
-0.000066 -1 -0.000042
-0.000051 -1 -0.000047
-0.000018 0 1
-0.000114 0 1
-0.000018 0 1
-0.000114 0 1
0.999987 0.000004999999 -0.005165
0.999987 0 -0.005165
0.999993 0.000004 -0.003688
0.9999979 -0.000002 -0.002211
1 0.000003 0.0004949999
1 0 -0.000367
1 -0.000002 0.000247
1 -0.000011 -0.000367
0.999999 0.000002 0.001746
0.999999 -0.000004 0.001244
-0.000028 0 -1
-0.000028 0 -1
-0.000189 0 -1
-0.000187 0 -1
0.9999971 0.000013 0.002248
0.9999971 0 0.002248
-0.00006800001 0 1
-0.000139 0 1
-0.000117 0 -1
-0.000232 0 -1
0.000004 0 1
0.000003 0 1
-1 0.000018 -0.000007
-1 0.000006 -0.000004999999
-1 0 -0.000007
-1 -0.000006 -0.000002
-1 -0.000001 0
-1 0 0
-1 -0.000006 0
-1 0.000004999999 0
-1 -0.000002 0.000002
-1 -0.000001 0.000001
-1 0.000002 0.000003
-1 0 0.000003
0.000001 0 -1
0.000002 0 -1
-0.000135 0.000003 -1
-0.000035 0.000003 -1
-0.000017 -0.000002 1
-0.00006199999 0.000001 1
0 1 0
0 1 0
0 1 0
0 1 0
0 -1 0
0 -1 0
0 -1 0
0 -1 0
0 1 0
0 1 0
0.000113 0.000096 -1
-0.000033 0 1
-0.000047 0.000001 1
0.000135 -0.000003 1
0 0.000003 -1
-0.000066 0.000003 -1
1 0.000023 0
1 0 0
1 0 0
1 -0.000023 0
-0.000027 0 -1
0 0.000001 -1
-0.000014 0 -1
-0.000009 0 -1
-0.000009 0 -1
1 -0.000011 0
1 0 0
1 -0.000004 0
1 0 0
1 -0.000019 0
1 -0.000016 0
-1 0.000002 0
-1 0.000002 0
-1 -0.000012 0
-1 -0.000001 0
-1 0 0
-1 0.000003 -0.000037
-1 0 -0.000028
-1 0.000006 -0.000074
0.999883 0.000379 0.015322
0.9999979 0.000175 0.002095
0.9999861 0.000321 0.005302
0.999987 0.00014 0.005082999
1 -0.000011 0.000007999999
1 -0.000034 0.000129
1 -0.000002 0.000098
1 -0.000004999999 0
1 -0.000007 0.00006399999
-1 0.000009 -0.00008300001
-1 0.000009999999 -0.000111
0 1 -0.000002
0 1 0
0 1 0
0 1 0.000002
0 -1 0
0 -1 0.000003
-1 0.000006 0.000097
-1 0.000001 0
0.001739 -0.001172 -0.9999979
0.001669 0.000086 -0.999999
0.001669 0.000086 -0.999999
0.0016 0.001345 -0.9999979
0 1 0
0 1 0.000105
0.00003 0.999993 -0.003806
0.00003 0.999993 -0.003806
0.000059 0.999988 -0.00496
-1 0 -0.000518
-1 0.000012 -0.000559
-1 -0.000007 -0.000224
0.9999471 0.000122 0.010295
1 0.000001 0
0 1 0.00006699999
-0.00002 0 -1
-0.000014 0 -1
0.000018 0 -1
0.000004999999 0 -1
0.000015 0 -1
1 0.000001 0
1 0.000001 0
1 0.000001 0
1 0.000001 0
0 -1 -0.000002
0 -1 0
0 -1 0
0 -1 0.000002
0 1 0.000004999999
0 1 0.000004999999
-1 0.000002 0
-1 0.000002 0
-1 0.000002 0
-1 0.000002 0
1 0.000001 0
1 0 0
1 -0.000001 0
0 1 0.000009999999
0 1 0
0 1 0
0 1 -0.000009999999
-0.000001 1 0
-0.000002 1 0
-0.000001 1 0
0 1 0
0 1 0
0 1 -0.000001
0.999987 0 0.005013
0.999999 0.000022 0.001671
-1 -0.000023 -0.000045
-1 0.000024 0.00013
-1 0.000036 0.000094
-1 0.000023 0.000027
-1 -0.000036 -0.000077
-1 -0.000044 -0.000131
0.999996 0.000013 -0.002885
0.9999911 -0.000098 -0.004328
0.999993 -0.000132 0.00376
0.9999979 -0.000098 -0.002164
0.999999 0.000022 0.001671
0.999996 0.000013 -0.002885
-0.000012 0 -1
-0.000012 0 -1
-1 0.000132 -0.000024
-1 0 -0.000024
-0.017887 0.000002 0.99984
-0.01789 0 0.99984
-0.008940001 0 0.9999599
-0.008941 -0.000001 0.9999599
0.000009999999 0 1
0.000011 0 1
-1 0 -0.000076
-1 -0.00007099999 -0.000076
0.000003 0 -1
0.000002 0 -1
0.000003 0 -1
0.000002 0 -1
0 -1 0.000007999999
0 1 -0.000002
0 1 -0.000002
0 -0.000015 1
0.000015 -0.00003 1
0.000006 -1 0.000002
0 -1 0.000003
0 1 0
0 1 0.000001
0 1 0.00006699999
0 1 0.000063
-0.00002 -0.00002 -1
-0.000018 -0.00002 -1
0.000017 -1 0.000007999999
0 -1 0.000017
0 1 0.000001
0.000016 -0.00002 1
0.000034 -0.00003 1
0.000052 -0.00003 1
0.000054 -0.00003 1
0 -1 -0.000003
-1 -0.000028 0
-1 -0.000003 0
1 -0.000009 0.000129
1 0.000001 0
1 0.000001 0
1 0.000001 0
0 -1 0.000001
0 -1 0
0 -1 0
0 -1 -0.000001
1 0.000004 -0.000009
1 -0.000007 0.000001
1 -0.000009999999 -0.000036
1 -0.000004999999 -0.000026
1 -0.000016 -0.000015
1 -0.000012 0
1 -0.000022 -0.000012
1 -0.000004 -0.000009
0.000006 0 -1
0 0 -1
0 1 0
0 1 0
0.000006 0.0005779999 1
0 0.0005779999 1
-0.000007 0.0005779999 1
-0.000017 0.0005779999 1
0 1 0
0 1 0
0 1 0
0 1 0
0 -1 0
0 -1 0
0.000004999999 0 1
0 0 1
0 0 1
-0.000004999999 0 1
0 0 -1
0.000023 0 -1
0 -1 0
0 -1 0
0 -1 0
0 -1 0
0 1 0
0 1 0
-0.000028 -0.000568 -1
0 -0.000568 -1
0 -0.000568 -1
0.000028 -0.000568 -1
0 0.0005779999 1
0.000022 0.0005779999 1
0 1 0
0 1 0
0 1 0
0 1 0
0 1 0.000011
0 1 0
0 1 0
0 1 -0.000011
0 1 0.000004
0 1 0
0 1 0
0 1 -0.000004
</float_array>
          <technique_common>
            <accessor source="#o_b_koya_1-lib-Normal0-array" count="548" stride="3">
              <param name="X" type="float" />
              <param name="Y" type="float" />
              <param name="Z" type="float" />
            </accessor>
          </technique_common>
        </source>
        <source id="o_b_koya_1-lib-UV0">
          <float_array id="o_b_koya_1-lib-UV0-array" count="1096">
8.339628 -6.037545
8.339629 -6.676623
8.45316 -6.676623
8.453161 -6.037545
8.339629 -6.037544
8.339629 -6.436152
8.45316 -6.436152
8.453161 -6.037544
8.339628 -6.986315
8.339629 -6.685441
8.45316 -6.685441
8.453161 -6.986315
0.7908791 -4.006633
0.996513 -4.006633
0.996513 -4.185921
0.7908791 -4.18592
5.925865 -3.195726
5.925865 -3.719496
5.923841 -2.239661
5.923878 -2.55716
5.889679 -2.55716
5.889767 -2.246378
5.923843 -2.757658
5.923897 -2.734523
5.968855 -2.734523
5.968861 -2.757658
5.923901 -2.757658
5.923841 -2.734523
5.96875 -2.734523
5.968752 -2.583705
5.923841 -2.583705
5.889767 -2.734523
5.889767 -2.583705
4.234774 -5.953474
4.345799 -5.953474
4.345753 -5.053057
4.234821 -5.053055
5.923883 -2.583705
5.968826 -2.583705
5.525864 -6.012041
5.562843 -6.012048
5.562727 -6.994388
5.525747 -6.994383
5.96875 -2.55716
5.923841 -2.55716
2.454192 -2.330291
2.454192 -2.299041
2.454192 -2.034737
2.343426 -2.982694
2.454192 -2.982694
5.96875 -2.757658
2.696844 -2.315304
2.696844 -2.973421
2.738054 -2.973421
2.696844 -2.284054
5.968912 -2.993653
5.923929 -2.993653
5.968819 -2.55716
5.96875 -2.239661
5.923841 -2.239661
3.145337 -6.125251
3.145337 -6.939186
3.145337 -6.125251
3.145337 -6.125251
2.489564 -2.330291
2.661464 -2.315304
2.661464 -2.284054
5.969982 -3.719496
5.969982 -3.758976
5.925865 -3.758976
8.339628 -6.676618
8.453161 -6.676618
8.45316 -6.727275
8.339628 -6.727275
5.889515 -3.758976
5.925865 -3.520266
5.925865 -3.444643
5.889515 -3.444624
5.889515 -3.520265
5.969982 -3.195726
5.96875 -2.239661
8.453161 -6.685442
8.45316 -6.650931
8.339629 -6.650931
8.339628 -6.685442
8.45316 -6.470235
8.453161 -6.650931
8.339628 -6.650931
8.339629 -6.470235
8.453161 -6.470237
8.339628 -6.470237
8.45316 -6.436151
8.339628 -6.436151
8.45316 -6.986314
8.339628 -6.986314
8.45316 -6.727279
8.339628 -6.727279
5.969982 -3.988475
5.969982 -3.758979
5.925865 -3.758979
5.925865 -3.988475
5.969982 -3.7195
5.991041 -2.239661
5.925865 -3.7195
5.889515 -3.758979
5.889515 -3.988476
0.7908791 -4.006633
8.232334 -6.676618
8.232334 -6.072159
8.232335 -6.685441
8.232335 -6.650931
8.232334 -6.470235
8.232334 -6.436151
8.232336 -6.072165
8.232336 -6.676623
8.232334 -6.727275
8.232337 -6.727279
8.232335 -6.955499
8.232172 -6.685442
8.23222 -6.470237
8.232182 -6.650931
8.232228 -6.436152
8.232335 -6.072164
4.89402 -6.989902
4.894082 -6.198575
8.234999 -4.018877
8.234999 -4.988668
8.346305 -4.988668
8.346305 -4.018878
3.349385 -2.279786
3.349385 -2.994582
3.235648 -2.297087
3.349385 -2.994581
3.349385 -2.279785
3.235649 -2.297086
3.235648 -2.279786
3.349385 -2.006754
3.235648 -2.279785
3.349385 -2.006754
3.209685 -2.974457
8.452921 -4.988668
8.452921 -4.018878
3.209685 -2.974458
3.158015 -2.974458
6.528718 -3.006511
3.346484 -6.090046
3.346484 -6.974391
3.234494 -6.939186
3.234494 -6.125251
3.346484 -6.090046
3.234494 -6.125251
3.346484 -6.090046
3.234493 -6.125251
5.889675 -2.583705
5.889702 -2.734523
5.889683 -2.757658
6.578409 -6.06396
6.578409 -6.91475
6.583423 -7.970604
6.578409 -6.063959
6.594591 -6.06396
6.594591 -6.91475
6.600136 -7.970604
6.594591 -6.063959
6.528738 -6.01337
6.528738 -6.965339
6.562412 -6.91475
6.562412 -6.06396
6.529408 -7.985718
6.561556 -7.970604
6.528738 -6.013369
6.562412 -6.063959
5.889515 -3.195726
5.889515 -3.719496
5.923843 -2.993653
5.889767 -2.985598
5.889767 -2.757658
5.923841 -2.734523
5.923841 -2.583705
5.889767 -2.55716
5.923841 -2.55716
2.343426 -2.034737
5.923843 -2.757658
2.738054 -2.020826
2.696844 -2.020826
5.923878 -2.55716
5.923841 -2.239661
5.889767 -2.246378
2.465382 -2.330291
2.465382 -2.299041
2.454192 -2.330291
2.454192 -2.299041
2.489564 -2.977086
2.465382 -2.977086
2.661465 -2.966736
2.685646 -2.315304
2.685645 -2.966736
2.786518 -2.973421
2.786518 -2.020826
2.738054 -2.973421
2.738054 -2.020826
2.661465 -2.020826
2.685645 -2.020826
2.685646 -2.284054
5.925865 -3.719496
5.925865 -3.758976
5.925865 -3.195726
5.923841 -2.239661
5.96875 -2.993653
5.923843 -2.993653
8.453161 -6.037539
8.339628 -6.03754
8.453161 -6.037545
8.339628 -6.037545
8.45316 -6.986315
8.339628 -6.986315
5.969982 -3.719496
5.969982 -3.195726
6.001957 -3.719496
6.001957 -3.195726
5.96875 -2.239661
5.991041 -2.246378
5.968819 -2.55716
5.991041 -2.55716
5.96875 -2.993653
5.991041 -2.985598
5.96875 -2.757658
5.991041 -2.757658
5.969982 -3.758979
6.001957 -3.7195
6.001957 -3.758979
5.991041 -2.993653
5.968861 -2.757658
5.968855 -2.734523
5.991041 -2.757658
5.991041 -2.734523
5.968752 -2.583705
5.96875 -2.734523
5.991041 -2.583705
5.991041 -2.734523
5.968826 -2.583705
5.991041 -2.583705
5.96875 -2.55716
5.991041 -2.55716
5.968912 -2.993653
5.991041 -2.985598
5.96875 -2.239661
5.991041 -2.246378
5.925865 -3.758979
5.889515 -3.7195
5.925865 -3.988475
0.7908791 -4.18592
0.996513 -4.18592
0.996513 -4.006633
8.453161 -6.986313
8.339628 -6.986313
5.889767 -2.239661
5.925865 -3.7195
5.969982 -3.7195
6.001957 -3.988475
5.969982 -3.988475
6.001957 -3.758976
5.969982 -3.758976
8.339628 -6.03754
8.339628 -6.676618
8.339628 -6.986315
8.232336 -6.955502
8.339629 -6.685441
8.339629 -6.470235
8.339628 -6.650931
8.339628 -6.436151
8.339628 -6.037545
8.339629 -6.676623
8.232334 -6.072164
8.339628 -6.727275
8.339628 -6.727279
8.339628 -6.986313
8.339628 -6.986314
8.339628 -6.685442
8.232143 -6.955501
8.339628 -6.470237
8.339629 -6.650931
8.339629 -6.436152
8.339629 -6.037544
8.339628 -6.986315
8.232336 -6.955501
8.232334 -6.072159
8.232334 -6.676618
8.112021 -6.072159
8.112022 -6.676618
8.232336 -6.955502
8.112021 -6.955502
8.232335 -6.685441
8.112022 -6.685441
8.232334 -6.470235
8.232335 -6.650931
8.112021 -6.470235
8.112022 -6.650931
8.232334 -6.436151
8.112021 -6.436151
8.232336 -6.072165
8.112021 -6.072165
8.232336 -6.676623
8.112021 -6.676623
8.232334 -6.072164
8.112021 -6.072164
8.232334 -6.727275
8.112022 -6.727275
8.232337 -6.727279
8.112022 -6.727279
8.232335 -6.955499
8.112022 -6.955499
8.232143 -6.955501
8.232172 -6.685442
8.112022 -6.955501
8.112022 -6.685442
8.232182 -6.650931
8.23222 -6.470237
8.112021 -6.650931
8.112021 -6.470237
8.232228 -6.436152
8.112021 -6.436152
8.232335 -6.072164
8.112021 -6.072164
8.232336 -6.955501
8.112022 -6.955501
2.454192 -2.034737
2.465381 -2.034737
2.696844 -2.284054
2.696844 -2.315304
4.448026 -5.95347
4.44798 -5.053052
4.345799 -5.953474
4.345753 -5.053057
4.158475 -5.05305
4.158429 -5.95347
4.234821 -5.053055
4.234774 -5.953474
4.927119 -6.989905
4.927178 -6.198577
2.454192 -2.982694
2.685645 -2.973421
2.696844 -2.973421
2.696844 -2.020826
2.489564 -2.034737
2.489564 -2.299041
5.610525 -6.012048
5.610641 -6.994388
5.562843 -6.012048
5.562727 -6.994388
2.465382 -2.982694
3.235648 -2.994582
3.235649 -2.994581
3.235648 -2.006754
3.235649 -2.006754
3.458146 -2.279786
3.458146 -2.994582
3.349385 -2.279786
3.349385 -2.994582
3.458146 -2.006754
3.349385 -2.006754
3.158015 -2.279786
3.158015 -2.006754
3.209685 -2.279786
3.209685 -2.006754
3.458146 -2.994581
3.458146 -2.279785
3.349385 -2.994581
3.349385 -2.279785
3.235649 -2.994581
3.235649 -2.297086
3.209685 -2.994581
3.209685 -2.297086
3.209685 -2.279785
3.235648 -2.279785
3.158015 -2.006754
3.158015 -2.279785
3.209685 -2.006754
3.458146 -2.006754
3.349385 -2.006754
8.091865 -4.988668
8.234999 -4.988668
8.091865 -4.018878
8.234999 -4.018877
8.346305 -4.988668
8.346305 -4.018878
3.209685 -2.297087
3.158015 -2.297087
6.594438 -3.998276
6.594438 -3.006511
6.564406 -3.998276
6.564406 -3.006511
5.889515 -3.525146
5.925865 -3.525146
6.528716 -3.998276
6.564406 -3.006511
6.564406 -3.998276
3.235648 -2.994582
3.209685 -2.994582
3.235648 -2.297087
3.158015 -2.974457
3.158015 -2.297086
5.889767 -2.993653
3.346484 -6.974391
3.234493 -6.939186
3.346484 -6.974391
3.234494 -6.125251
3.234493 -6.939186
3.451751 -6.090046
3.451751 -6.974391
3.346484 -6.090046
3.346484 -6.974391
3.45175 -6.974391
3.45175 -6.090046
3.346484 -6.974391
3.346484 -6.090046
3.234494 -6.125251
3.234494 -6.939186
3.45175 -6.974391
3.45175 -6.090046
3.346484 -6.974391
3.346484 -6.090046
3.234493 -6.125251
3.234493 -6.939186
3.145337 -6.939186
3.45175 -6.090046
3.45175 -6.974391
3.346484 -6.090046
3.346484 -6.974391
5.923883 -2.583705
5.923897 -2.734523
5.923901 -2.757658
5.889669 -2.993653
5.889669 -2.985598
5.923929 -2.993653
2.738054 -2.981097
2.696844 -2.981097
5.889702 -2.734523
5.889683 -2.757658
5.883123 -2.734523
5.883102 -2.757658
5.889675 -2.583705
5.883123 -2.583705
2.454192 -2.99037
2.343426 -2.99037
4.927119 -6.989905
4.927178 -6.198577
4.968675 -6.989905
4.968615 -6.198577
2.786518 -2.981097
2.738054 -2.981097
5.889679 -2.55716
5.883131 -2.55716
5.889515 -3.7195
5.868441 -3.7195
5.889515 -3.758979
5.868441 -3.758979
5.889515 -3.988476
5.868441 -3.988476
5.889669 -2.985598
5.883055 -2.985598
0.996513 -4.18592
0.7908791 -4.18592
0.996513 -4.006633
0.7908791 -4.006633
5.991041 -2.993653
5.889515 -3.988476
5.925865 -3.988476
5.925865 -3.988476
5.969982 -3.988476
6.001957 -3.988476
5.969982 -3.988476
5.889515 -3.195726
5.889515 -3.439703
5.925865 -3.195725
5.925865 -3.439703
5.925865 -3.195725
5.969982 -3.195726
6.001957 -3.195725
5.969982 -3.195726
5.889767 -2.239661
0.996513 -4.185921
0.996513 -4.006633
0.7908791 -4.18592
0.7908791 -4.006633
5.991041 -2.239661
3.235648 -2.279786
3.235648 -2.006754
3.235649 -2.006754
3.234494 -6.939186
3.234494 -6.125251
3.145337 -6.939186
3.234494 -6.939186
3.234494 -6.125251
3.145337 -6.939186
3.145337 -6.125251
6.529408 -7.043188
6.561556 -7.062998
6.528738 -6.965339
6.562412 -6.91475
6.529409 -7.985718
6.529409 -7.043188
6.561557 -7.970604
6.561557 -7.062998
6.583423 -7.062998
6.600136 -7.062998
6.578409 -6.91475
6.594591 -6.91475
6.583424 -7.062998
6.600137 -7.062998
6.583424 -7.970604
6.600137 -7.970604
6.506441 -6.01337
6.506441 -6.965339
6.528738 -6.01337
6.528738 -6.965339
6.562412 -6.91475
6.562412 -6.06396
6.499121 -7.043188
6.499121 -7.985718
6.529408 -7.043188
6.529408 -7.985718
6.561556 -7.970604
6.561556 -7.062998
6.506441 -6.013369
6.528738 -6.013369
6.506441 -6.965339
6.528738 -6.965339
6.562412 -6.063959
6.562412 -6.91475
6.499122 -7.985718
6.499122 -7.043188
6.529409 -7.985718
6.529409 -7.043188
6.561557 -7.970604
6.561557 -7.062998
8.973693 -2.194055
8.973693 -2.992015
9.005567 -2.194055
9.005567 -2.992015
8.60775 -4.916041
8.607756 -4.021601
8.68792 -4.916041
8.687923 -4.021601
8.60775 -4.982862
8.60775 -4.916041
8.687921 -4.982862
8.68792 -4.916041
</float_array>
          <technique_common>
            <accessor source="#o_b_koya_1-lib-UV0-array" count="548" stride="2">
              <param name="S" type="float" />
              <param name="T" type="float" />
            </accessor>
          </technique_common>
        </source>
        <vertices id="o_b_koya_1-lib-Vertex">
          <input semantic="POSITION" source="#o_b_koya_1-lib-Position" />
        </vertices>
        <polygons material="m_b_koyahashira" count="392">
          <input semantic="VERTEX" offset="0" source="#o_b_koya_1-lib-Vertex" />
          <input semantic="NORMAL" offset="1" source="#o_b_koya_1-lib-Normal0" />
          <input semantic="TEXCOORD" offset="2" set="0" source="#o_b_koya_1-lib-UV0" />
          <p>0 0 0 1 1 1 3 3 3</p>
          <p>1 1 1 2 2 2 3 3 3</p>
          <p>4 4 4 5 5 5 7 7 7</p>
          <p>5 5 5 6 6 6 7 7 7</p>
          <p>8 8 8 9 9 9 11 11 11</p>
          <p>9 9 9 10 10 10 11 11 11</p>
          <p>14 14 14 15 15 15 13 13 13</p>
          <p>12 12 12 13 13 13 15 15 15</p>
          <p>16 16 16 17 17 17 172 172 172</p>
          <p>17 17 17 173 173 173 172 172 172</p>
          <p>18 18 18 19 19 19 21 21 21</p>
          <p>19 19 19 20 20 20 21 21 21</p>
          <p>174 174 174 22 22 22 175 175 175</p>
          <p>22 22 22 176 176 176 175 175 175</p>
          <p>23 23 23 24 24 24 26 26 26</p>
          <p>24 24 24 25 25 25 26 26 26</p>
          <p>27 27 27 28 28 28 30 30 30</p>
          <p>28 28 28 29 29 29 30 30 30</p>
          <p>31 31 31 177 177 177 32 32 32</p>
          <p>177 177 177 178 178 178 32 32 32</p>
          <p>33 33 33 34 34 34 36 36 36</p>
          <p>34 34 34 35 35 35 36 36 36</p>
          <p>37 37 37 38 38 38 23 23 23</p>
          <p>38 38 38 24 24 24 23 23 23</p>
          <p>39 39 39 40 40 40 42 42 42</p>
          <p>40 40 40 41 41 41 42 42 42</p>
          <p>30 30 30 29 29 29 44 44 44</p>
          <p>29 29 29 43 43 43 44 44 44</p>
          <p>32 32 32 178 178 178 179 179 179</p>
          <p>178 178 178 180 180 180 179 179 179</p>
          <p>47 47 47 181 181 181 46 46 46</p>
          <p>181 181 181 48 48 48 46 46 46</p>
          <p>46 46 46 48 48 48 45 45 45</p>
          <p>45 45 45 48 48 48 49 49 49</p>
          <p>182 182 182 50 50 50 27 27 27</p>
          <p>50 50 50 28 28 28 27 27 27</p>
          <p>176 176 176 22 22 22 31 31 31</p>
          <p>22 22 22 177 177 177 31 31 31</p>
          <p>52 52 52 53 53 53 51 51 51</p>
          <p>183 183 183 184 184 184 53 53 53</p>
          <p>184 184 184 54 54 54 53 53 53</p>
          <p>51 51 51 53 53 53 54 54 54</p>
          <p>26 26 26 25 25 25 56 56 56</p>
          <p>25 25 25 55 55 55 56 56 56</p>
          <p>185 185 185 57 57 57 37 37 37</p>
          <p>57 57 57 38 38 38 37 37 37</p>
          <p>44 44 44 43 43 43 59 59 59</p>
          <p>43 43 43 58 58 58 59 59 59</p>
          <p>186 186 186 187 187 187 180 180 180</p>
          <p>179 179 179 180 180 180 187 187 187</p>
          <p>188 188 188 189 189 189 190 190 190</p>
          <p>189 189 189 191 191 191 190 190 190</p>
          <p>192 192 192 64 64 64 193 193 193</p>
          <p>64 64 64 188 188 188 193 193 193</p>
          <p>65 65 65 194 194 194 195 195 195</p>
          <p>194 194 194 196 196 196 195 195 195</p>
          <p>197 197 197 198 198 198 199 199 199</p>
          <p>198 198 198 200 200 200 199 199 199</p>
          <p>201 201 201 66 66 66 202 202 202</p>
          <p>66 66 66 203 203 203 202 202 202</p>
          <p>204 204 204 67 67 67 69 69 69</p>
          <p>67 67 67 68 68 68 69 69 69</p>
          <p>71 71 71 72 72 72 70 70 70</p>
          <p>70 70 70 72 72 72 73 73 73</p>
          <p>173 173 173 17 17 17 74 74 74</p>
          <p>17 17 17 205 205 205 74 74 74</p>
          <p>75 75 75 76 76 76 78 78 78</p>
          <p>76 76 76 77 77 77 78 78 78</p>
          <p>206 206 206 79 79 79 204 204 204</p>
          <p>79 79 79 67 67 67 204 204 204</p>
          <p>57 57 57 185 185 185 80 80 80</p>
          <p>80 80 80 185 185 185 207 207 207</p>
          <p>208 208 208 50 50 50 209 209 209</p>
          <p>50 50 50 182 182 182 209 209 209</p>
          <p>71 71 71 70 70 70 210 210 210</p>
          <p>210 210 210 70 70 70 211 211 211</p>
          <p>81 81 81 82 82 82 84 84 84</p>
          <p>82 82 82 83 83 83 84 84 84</p>
          <p>85 85 85 86 86 86 88 88 88</p>
          <p>86 86 86 87 87 87 88 88 88</p>
          <p>82 82 82 89 89 89 83 83 83</p>
          <p>89 89 89 90 90 90 83 83 83</p>
          <p>91 91 91 85 85 85 92 92 92</p>
          <p>85 85 85 88 88 88 92 92 92</p>
          <p>86 86 86 10 10 10 87 87 87</p>
          <p>10 10 10 9 9 9 87 87 87</p>
          <p>93 93 93 81 81 81 94 94 94</p>
          <p>81 81 81 84 84 84 94 94 94</p>
          <p>89 89 89 6 6 6 90 90 90</p>
          <p>6 6 6 5 5 5 90 90 90</p>
          <p>212 212 212 91 91 91 213 213 213</p>
          <p>91 91 91 92 92 92 213 213 213</p>
          <p>214 214 214 95 95 95 215 215 215</p>
          <p>95 95 95 96 96 96 215 215 215</p>
          <p>98 98 98 99 99 99 97 97 97</p>
          <p>97 97 97 99 99 99 100 100 100</p>
          <p>216 216 216 217 217 217 218 218 218</p>
          <p>217 217 217 219 219 219 218 218 218</p>
          <p>220 220 220 221 221 221 222 222 222</p>
          <p>222 222 222 221 221 221 223 223 223</p>
          <p>224 224 224 225 225 225 226 226 226</p>
          <p>226 226 226 225 225 225 227 227 227</p>
          <p>101 101 101 228 228 228 229 229 229</p>
          <p>228 228 228 230 230 230 229 229 229</p>
          <p>224 224 224 231 231 231 225 225 225</p>
          <p>232 232 232 233 233 233 234 234 234</p>
          <p>233 233 233 235 235 235 234 234 234</p>
          <p>236 236 236 237 237 237 238 238 238</p>
          <p>237 237 237 239 239 239 238 238 238</p>
          <p>233 233 233 240 240 240 235 235 235</p>
          <p>240 240 240 241 241 241 235 235 235</p>
          <p>242 242 242 236 236 236 243 243 243</p>
          <p>236 236 236 238 238 238 243 243 243</p>
          <p>237 237 237 226 226 226 239 239 239</p>
          <p>226 226 226 227 227 227 239 239 239</p>
          <p>244 244 244 232 232 232 245 245 245</p>
          <p>232 232 232 234 234 234 245 245 245</p>
          <p>240 240 240 222 222 222 241 241 241</p>
          <p>222 222 222 223 223 223 241 241 241</p>
          <p>246 246 246 242 242 242 247 247 247</p>
          <p>242 242 242 243 243 243 247 247 247</p>
          <p>220 220 220 102 102 102 221 221 221</p>
          <p>248 248 248 103 103 103 104 104 104</p>
          <p>103 103 103 249 249 249 104 104 104</p>
          <p>248 248 248 104 104 104 250 250 250</p>
          <p>104 104 104 105 105 105 250 250 250</p>
          <p>251 251 251 252 252 252 106 106 106</p>
          <p>106 106 106 252 252 252 253 253 253</p>
          <p>72 72 72 254 254 254 73 73 73</p>
          <p>73 73 73 254 254 254 255 255 255</p>
          <p>21 21 21 256 256 256 18 18 18</p>
          <p>96 96 96 95 95 95 1 1 1</p>
          <p>95 95 95 2 2 2 1 1 1</p>
          <p>99 99 99 98 98 98 257 257 257</p>
          <p>98 98 98 258 258 258 257 257 257</p>
          <p>259 259 259 230 230 230 260 260 260</p>
          <p>230 230 230 228 228 228 260 260 260</p>
          <p>261 261 261 262 262 262 218 218 218</p>
          <p>262 262 262 216 216 216 218 218 218</p>
          <p>263 263 263 264 264 264 108 108 108</p>
          <p>264 264 264 107 107 107 108 108 108</p>
          <p>265 265 265 266 266 266 267 267 267</p>
          <p>267 267 267 266 266 266 109 109 109</p>
          <p>268 268 268 269 269 269 111 111 111</p>
          <p>269 269 269 110 110 110 111 111 111</p>
          <p>270 270 270 268 268 268 112 112 112</p>
          <p>268 268 268 111 111 111 112 112 112</p>
          <p>269 269 269 267 267 267 110 110 110</p>
          <p>267 267 267 109 109 109 110 110 110</p>
          <p>271 271 271 113 113 113 272 272 272</p>
          <p>272 272 272 113 113 113 114 114 114</p>
          <p>271 271 271 270 270 270 273 273 273</p>
          <p>270 270 270 112 112 112 273 273 273</p>
          <p>264 264 264 274 274 274 107 107 107</p>
          <p>274 274 274 115 115 115 107 107 107</p>
          <p>275 275 275 272 272 272 116 116 116</p>
          <p>272 272 272 114 114 114 116 116 116</p>
          <p>276 276 276 117 117 117 274 274 274</p>
          <p>274 274 274 117 117 117 115 115 115</p>
          <p>277 277 277 278 278 278 279 279 279</p>
          <p>278 278 278 118 118 118 279 279 279</p>
          <p>280 280 280 119 119 119 281 281 281</p>
          <p>281 281 281 119 119 119 120 120 120</p>
          <p>280 280 280 282 282 282 119 119 119</p>
          <p>282 282 282 121 121 121 119 119 119</p>
          <p>278 278 278 281 281 281 118 118 118</p>
          <p>281 281 281 120 120 120 118 118 118</p>
          <p>283 283 283 122 122 122 282 282 282</p>
          <p>282 282 282 122 122 122 121 121 121</p>
          <p>284 284 284 275 275 275 285 285 285</p>
          <p>275 275 275 116 116 116 285 285 285</p>
          <p>286 286 286 287 287 287 288 288 288</p>
          <p>287 287 287 289 289 289 288 288 288</p>
          <p>290 290 290 291 291 291 292 292 292</p>
          <p>292 292 292 291 291 291 293 293 293</p>
          <p>294 294 294 295 295 295 296 296 296</p>
          <p>295 295 295 297 297 297 296 296 296</p>
          <p>298 298 298 294 294 294 299 299 299</p>
          <p>294 294 294 296 296 296 299 299 299</p>
          <p>292 292 292 293 293 293 295 295 295</p>
          <p>295 295 295 293 293 293 297 297 297</p>
          <p>300 300 300 301 301 301 302 302 302</p>
          <p>302 302 302 301 301 301 303 303 303</p>
          <p>304 304 304 298 298 298 305 305 305</p>
          <p>298 298 298 299 299 299 305 305 305</p>
          <p>306 306 306 307 307 307 287 287 287</p>
          <p>287 287 287 307 307 307 289 289 289</p>
          <p>308 308 308 302 302 302 309 309 309</p>
          <p>302 302 302 303 303 303 309 309 309</p>
          <p>310 310 310 311 311 311 306 306 306</p>
          <p>306 306 306 311 311 311 307 307 307</p>
          <p>312 312 312 313 313 313 314 314 314</p>
          <p>313 313 313 315 315 315 314 314 314</p>
          <p>316 316 316 317 317 317 318 318 318</p>
          <p>317 317 317 319 319 319 318 318 318</p>
          <p>320 320 320 321 321 321 317 317 317</p>
          <p>317 317 317 321 321 321 319 319 319</p>
          <p>313 313 313 316 316 316 315 315 315</p>
          <p>316 316 316 318 318 318 315 315 315</p>
          <p>322 322 322 323 323 323 320 320 320</p>
          <p>320 320 320 323 323 323 321 321 321</p>
          <p>324 324 324 308 308 308 325 325 325</p>
          <p>308 308 308 309 309 309 325 325 325</p>
          <p>191 191 191 189 189 189 326 326 326</p>
          <p>189 189 189 327 327 327 326 326 326</p>
          <p>328 328 328 203 203 203 329 329 329</p>
          <p>203 203 203 195 195 195 329 329 329</p>
          <p>330 330 330 331 331 331 332 332 332</p>
          <p>331 331 331 333 333 333 332 332 332</p>
          <p>334 334 334 335 335 335 336 336 336</p>
          <p>335 335 335 337 337 337 336 336 336</p>
          <p>123 123 123 124 124 124 338 338 338</p>
          <p>124 124 124 339 339 339 338 338 338</p>
          <p>340 340 340 193 193 193 190 190 190</p>
          <p>193 193 193 188 188 188 190 190 190</p>
          <p>196 196 196 341 341 341 342 342 342</p>
          <p>203 203 203 328 328 328 202 202 202</p>
          <p>202 202 202 328 328 328 343 343 343</p>
          <p>327 327 327 189 189 189 344 344 344</p>
          <p>189 189 189 345 345 345 344 344 344</p>
          <p>346 346 346 347 347 347 348 348 348</p>
          <p>347 347 347 349 349 349 348 348 348</p>
          <p>350 350 350 193 193 193 340 340 340</p>
          <p>342 342 342 329 329 329 196 196 196</p>
          <p>195 195 195 196 196 196 329 329 329</p>
          <p>125 125 125 126 126 126 128 128 128</p>
          <p>126 126 126 127 127 127 128 128 128</p>
          <p>129 129 129 130 130 130 131 131 131</p>
          <p>130 130 130 351 351 351 131 131 131</p>
          <p>133 133 133 134 134 134 132 132 132</p>
          <p>132 132 132 134 134 134 352 352 352</p>
          <p>131 131 131 135 135 135 129 129 129</p>
          <p>353 353 353 136 136 136 135 135 135</p>
          <p>136 136 136 129 129 129 135 135 135</p>
          <p>133 133 133 137 137 137 134 134 134</p>
          <p>138 138 138 354 354 354 133 133 133</p>
          <p>354 354 354 137 137 137 133 133 133</p>
          <p>355 355 355 356 356 356 357 357 357</p>
          <p>356 356 356 358 358 358 357 357 357</p>
          <p>359 359 359 355 355 355 360 360 360</p>
          <p>355 355 355 357 357 357 360 360 360</p>
          <p>361 361 361 362 362 362 363 363 363</p>
          <p>362 362 362 364 364 364 363 363 363</p>
          <p>365 365 365 366 366 366 367 367 367</p>
          <p>366 366 366 368 368 368 367 367 367</p>
          <p>369 369 369 370 370 370 371 371 371</p>
          <p>371 371 371 370 370 370 139 139 139</p>
          <p>370 370 370 372 372 372 139 139 139</p>
          <p>372 372 372 370 370 370 373 373 373</p>
          <p>373 373 373 370 370 370 374 374 374</p>
          <p>375 375 375 376 376 376 377 377 377</p>
          <p>376 376 376 373 373 373 377 377 377</p>
          <p>366 366 366 378 378 378 368 368 368</p>
          <p>378 378 378 379 379 379 368 368 368</p>
          <p>380 380 380 381 381 381 382 382 382</p>
          <p>382 382 382 381 381 381 383 383 383</p>
          <p>140 140 140 141 141 141 384 384 384</p>
          <p>141 141 141 385 385 385 384 384 384</p>
          <p>142 142 142 143 143 143 386 386 386</p>
          <p>143 143 143 387 387 387 386 386 386</p>
          <p>388 388 388 389 389 389 390 390 390</p>
          <p>390 390 390 389 389 389 391 391 391</p>
          <p>249 249 249 103 103 103 392 392 392</p>
          <p>103 103 103 393 393 393 392 392 392</p>
          <p>144 144 144 394 394 394 395 395 395</p>
          <p>394 394 394 396 396 396 395 395 395</p>
          <p>397 397 397 398 398 398 399 399 399</p>
          <p>398 398 398 142 142 142 399 399 399</p>
          <p>142 142 142 386 386 386 399 399 399</p>
          <p>139 139 139 372 372 372 400 400 400</p>
          <p>372 372 372 401 401 401 400 400 400</p>
          <p>175 175 175 402 402 402 174 174 174</p>
          <p>145 145 145 146 146 146 148 148 148</p>
          <p>146 146 146 147 147 147 148 148 148</p>
          <p>146 146 146 149 149 149 147 147 147</p>
          <p>149 149 149 150 150 150 147 147 147</p>
          <p>403 403 403 151 151 151 404 404 404</p>
          <p>151 151 151 152 152 152 404 404 404</p>
          <p>151 151 151 405 405 405 406 406 406</p>
          <p>405 405 405 407 407 407 406 406 406</p>
          <p>408 408 408 409 409 409 410 410 410</p>
          <p>409 409 409 411 411 411 410 410 410</p>
          <p>412 412 412 413 413 413 414 414 414</p>
          <p>413 413 413 415 415 415 414 414 414</p>
          <p>416 416 416 62 62 62 417 417 417</p>
          <p>62 62 62 61 61 61 417 417 417</p>
          <p>418 418 418 419 419 419 420 420 420</p>
          <p>419 419 419 421 421 421 420 420 420</p>
          <p>422 422 422 63 63 63 423 423 423</p>
          <p>63 63 63 424 424 424 423 423 423</p>
          <p>425 425 425 426 426 426 427 427 427</p>
          <p>426 426 426 428 428 428 427 427 427</p>
          <p>20 20 20 19 19 19 153 153 153</p>
          <p>153 153 153 19 19 19 429 429 429</p>
          <p>153 153 153 429 429 429 154 154 154</p>
          <p>154 154 154 429 429 429 430 430 430</p>
          <p>155 155 155 154 154 154 431 431 431</p>
          <p>154 154 154 430 430 430 431 431 431</p>
          <p>432 432 432 433 433 433 434 434 434</p>
          <p>434 434 434 433 433 433 431 431 431</p>
          <p>433 433 433 155 155 155 431 431 431</p>
          <p>53 53 53 52 52 52 435 435 435</p>
          <p>52 52 52 436 436 436 435 435 435</p>
          <p>437 437 437 438 438 438 439 439 439</p>
          <p>438 438 438 440 440 440 439 439 439</p>
          <p>441 441 441 437 437 437 442 442 442</p>
          <p>437 437 437 439 439 439 442 442 442</p>
          <p>49 49 49 48 48 48 443 443 443</p>
          <p>48 48 48 444 444 444 443 443 443</p>
          <p>445 445 445 446 446 446 447 447 447</p>
          <p>446 446 446 448 448 448 447 447 447</p>
          <p>197 197 197 199 199 199 449 449 449</p>
          <p>199 199 199 450 450 450 449 449 449</p>
          <p>451 451 451 441 441 441 452 452 452</p>
          <p>441 441 441 442 442 442 452 452 452</p>
          <p>453 453 453 454 454 454 455 455 455</p>
          <p>455 455 455 454 454 454 456 456 456</p>
          <p>457 457 457 455 455 455 458 458 458</p>
          <p>455 455 455 456 456 456 458 458 458</p>
          <p>438 438 438 459 459 459 440 440 440</p>
          <p>459 459 459 460 460 460 440 440 440</p>
          <p>461 461 461 462 462 462 463 463 463</p>
          <p>462 462 462 464 464 464 463 463 463</p>
          <p>245 245 245 465 465 465 244 244 244</p>
          <p>74 74 74 205 205 205 466 466 466</p>
          <p>205 205 205 467 467 467 466 466 466</p>
          <p>69 69 69 68 68 68 468 468 468</p>
          <p>68 68 68 469 469 469 468 468 468</p>
          <p>470 470 470 471 471 471 261 261 261</p>
          <p>471 471 471 262 262 262 261 261 261</p>
          <p>472 472 472 473 473 473 474 474 474</p>
          <p>475 475 475 474 474 474 473 473 473</p>
          <p>476 476 476 257 257 257 477 477 477</p>
          <p>477 477 477 257 257 257 258 258 258</p>
          <p>478 478 478 479 479 479 229 229 229</p>
          <p>479 479 479 101 101 101 229 229 229</p>
          <p>186 186 186 480 480 480 187 187 187</p>
          <p>481 481 481 482 482 482 483 483 483</p>
          <p>483 483 483 482 482 482 484 484 484</p>
          <p>247 247 247 485 485 485 246 246 246</p>
          <p>103 103 103 474 474 474 393 393 393</p>
          <p>393 393 393 474 474 474 75 75 75</p>
          <p>75 75 75 474 474 474 76 76 76</p>
          <p>475 475 475 76 76 76 474 474 474</p>
          <p>386 386 386 363 363 363 399 399 399</p>
          <p>363 363 363 486 486 486 399 399 399</p>
          <p>363 363 363 364 364 364 486 486 486</p>
          <p>364 364 364 487 487 487 486 486 486</p>
          <p>373 373 373 374 374 374 377 377 377</p>
          <p>377 377 377 374 374 374 488 488 488</p>
          <p>489 489 489 490 490 490 491 491 491</p>
          <p>490 490 490 60 60 60 491 491 491</p>
          <p>492 492 492 493 493 493 494 494 494</p>
          <p>493 493 493 495 495 495 494 494 494</p>
          <p>164 164 164 165 165 165 167 167 167</p>
          <p>165 165 165 166 166 166 167 167 167</p>
          <p>168 168 168 169 169 169 496 496 496</p>
          <p>496 496 496 169 169 169 497 497 497</p>
          <p>498 498 498 170 170 170 499 499 499</p>
          <p>170 170 170 171 171 171 499 499 499</p>
          <p>500 500 500 501 501 501 502 502 502</p>
          <p>501 501 501 503 503 503 502 502 502</p>
          <p>156 156 156 157 157 157 160 160 160</p>
          <p>157 157 157 161 161 161 160 160 160</p>
          <p>504 504 504 158 158 158 505 505 505</p>
          <p>158 158 158 162 162 162 505 505 505</p>
          <p>506 506 506 159 159 159 507 507 507</p>
          <p>159 159 159 163 163 163 507 507 507</p>
          <p>508 508 508 509 509 509 510 510 510</p>
          <p>510 510 510 509 509 509 511 511 511</p>
          <p>512 512 512 513 513 513 514 514 514</p>
          <p>513 513 513 515 515 515 514 514 514</p>
          <p>157 157 157 156 156 156 516 516 516</p>
          <p>156 156 156 517 517 517 516 516 516</p>
          <p>518 518 518 519 519 519 520 520 520</p>
          <p>519 519 519 521 521 521 520 520 520</p>
          <p>158 158 158 504 504 504 522 522 522</p>
          <p>504 504 504 523 523 523 522 522 522</p>
          <p>524 524 524 525 525 525 526 526 526</p>
          <p>526 526 526 525 525 525 527 527 527</p>
          <p>159 159 159 506 506 506 528 528 528</p>
          <p>506 506 506 529 529 529 528 528 528</p>
          <p>530 530 530 531 531 531 532 532 532</p>
          <p>531 531 531 533 533 533 532 532 532</p>
          <p>510 510 510 534 534 534 508 508 508</p>
          <p>508 508 508 534 534 534 535 535 535</p>
          <p>536 536 536 537 537 537 538 538 538</p>
          <p>537 537 537 539 539 539 538 538 538</p>
          <p>540 540 540 541 541 541 542 542 542</p>
          <p>541 541 541 543 543 543 542 542 542</p>
          <p>544 544 544 545 545 545 546 546 546</p>
          <p>545 545 545 547 547 547 546 546 546</p>
        </polygons>
      </mesh>
    </geometry>
    <geometry id="o_b_koyahiroba_0-lib" name="o_b_koyahiroba_0Mesh">
      <mesh>
        <source id="o_b_koyahiroba_0-lib-Position">
          <float_array id="o_b_koyahiroba_0-lib-Position-array" count="24">
-512.4747 22.45872 397.3846
-461.6601 22.45872 397.3846
-461.6601 22.45872 358.8187
-512.4747 22.45872 358.8187
-512.1361 20.99271 358.8187
-462.0014 20.99271 358.8187
-462.0014 20.99271 397.3846
-512.1361 20.99271 397.3846
</float_array>
          <technique_common>
            <accessor source="#o_b_koyahiroba_0-lib-Position-array" count="8" stride="3">
              <param name="X" type="float" />
              <param name="Y" type="float" />
              <param name="Z" type="float" />
            </accessor>
          </technique_common>
        </source>
        <source id="o_b_koyahiroba_0-lib-Normal0">
          <float_array id="o_b_koyahiroba_0-lib-Normal0-array" count="24">
0 1 0
0 1 0
0 1 0
0 1 0
0 -1 0
0 -1 0
0 -1 0
0 -1 0
</float_array>
          <technique_common>
            <accessor source="#o_b_koyahiroba_0-lib-Normal0-array" count="8" stride="3">
              <param name="X" type="float" />
              <param name="Y" type="float" />
              <param name="Z" type="float" />
            </accessor>
          </technique_common>
        </source>
        <source id="o_b_koyahiroba_0-lib-UV0">
          <float_array id="o_b_koyahiroba_0-lib-UV0-array" count="16">
1.222385 -2.397243
3.235786 -2.397243
3.235786 -0.3837471
1.222385 -0.3837471
1.222385 -0.3837471
3.235884 -0.3837471
3.235884 -2.397243
1.222385 -2.397243
</float_array>
          <technique_common>
            <accessor source="#o_b_koyahiroba_0-lib-UV0-array" count="8" stride="2">
              <param name="S" type="float" />
              <param name="T" type="float" />
            </accessor>
          </technique_common>
        </source>
        <vertices id="o_b_koyahiroba_0-lib-Vertex">
          <input semantic="POSITION" source="#o_b_koyahiroba_0-lib-Position" />
        </vertices>
        <polygons material="m_b_koyaita" count="4">
          <input semantic="VERTEX" offset="0" source="#o_b_koyahiroba_0-lib-Vertex" />
          <input semantic="NORMAL" offset="1" source="#o_b_koyahiroba_0-lib-Normal0" />
          <input semantic="TEXCOORD" offset="2" set="0" source="#o_b_koyahiroba_0-lib-UV0" />
          <p>0 0 0 1 1 1 3 3 3</p>
          <p>1 1 1 2 2 2 3 3 3</p>
          <p>4 4 4 5 5 5 7 7 7</p>
          <p>5 5 5 6 6 6 7 7 7</p>
        </polygons>
      </mesh>
    </geometry>
    <geometry id="o_b_koyahiroba_1-lib" name="o_b_koyahiroba_1Mesh">
      <mesh>
        <source id="o_b_koyahiroba_1-lib-Position">
          <float_array id="o_b_koyahiroba_1-lib-Position-array" count="900">
-512.4749 19.38567 397.8728
-461.6592 19.38567 397.8728
-513.7115 22.94397 398.0565
-460.3698 22.94397 398.0565
-513.7115 22.94397 358.1468
-460.3698 22.94397 358.1468
-512.4749 19.38567 358.3305
-461.6592 19.38567 358.3305
-512.4747 22.94396 397.3846
-461.6601 22.94396 397.3846
-461.6601 22.94396 358.8187
-512.4747 22.94396 358.8187
-512.1361 19.44554 358.8187
-462.0014 19.44554 358.8187
-462.0014 19.44554 397.3846
-512.1361 19.44554 397.3846
-513.7115 21.81817 398.0565
-460.3698 21.81817 398.0565
-513.7115 21.81817 358.1468
-460.3698 21.81817 358.1468
-461.6592 21.81817 397.8728
-512.4749 21.81817 397.8728
-461.6592 21.81817 358.3305
-512.4749 21.81817 358.3305
-512.4747 22.94397 398.0565
-512.4747 22.94397 358.1468
-512.4747 22.94403 397.3853
-512.4747 22.94403 358.818
-512.4747 21.81817 398.0565
-512.4747 21.81817 358.1468
-461.6601 21.81817 398.0565
-461.6601 21.81817 358.1468
-461.6601 22.94397 398.0565
-461.6601 22.94397 358.1468
-487.0648 50.18853 356.3992
-487.0648 51.59812 356.3992
-487.0648 50.18853 357.7942
-487.0648 51.59812 357.7942
-496.5667 50.18853 357.7942
-496.5667 51.59812 357.7942
-496.5667 50.18853 356.3992
-496.5667 51.59812 356.3992
-477.5628 50.18853 357.7942
-477.5628 51.59812 357.7942
-477.5628 50.18853 356.3992
-477.5628 51.59812 356.3992
-487.0648 50.18853 398.3857
-487.0648 51.59812 398.3857
-487.0648 50.18853 399.7807
-487.0648 51.59812 399.7807
-496.5667 50.18853 399.7807
-496.5667 51.59812 399.7807
-496.5667 50.18853 398.3857
-496.5667 51.59812 398.3857
-477.5628 50.18853 399.7807
-477.5628 51.59812 399.7807
-477.5628 50.18853 398.3857
-477.5628 51.59812 398.3857
-479.5032 51.70768 377.9116
-479.5032 53.06067 377.9116
-478.1642 51.70768 377.9116
-478.1642 53.06067 377.9116
-478.1642 51.70768 400.0226
-478.1642 53.06067 400.0226
-479.5032 51.70768 400.0226
-479.5032 53.06067 400.0226
-478.1642 51.70768 355.8006
-478.1642 53.06067 355.8006
-479.5032 51.70768 355.8006
-479.5032 53.06067 355.8006
-495.9476 51.70768 377.9116
-495.9476 53.06067 377.9116
-494.6086 51.70768 377.9116
-494.6086 53.06067 377.9116
-494.6086 51.70768 400.0226
-494.6086 53.06067 400.0226
-495.9476 51.70768 400.0226
-495.9476 53.06067 400.0226
-494.6086 51.70768 355.8006
-494.6086 53.06067 355.8006
-495.9476 51.70768 355.8006
-495.9476 53.06067 355.8006
-461.6592 19.38567 397.8728
-461.6592 21.81817 397.8728
-512.4749 19.38567 397.8728
-512.4749 21.81817 397.8728
-513.7115 22.94397 358.1468
-512.4749 19.38567 358.3305
-461.6592 19.38567 358.3305
-461.6592 19.38567 358.3305
-461.6592 19.38567 397.8728
-462.0014 19.44554 358.8187
-461.6592 19.38567 397.8728
-512.4749 19.38567 397.8728
-462.0014 19.44554 397.3846
-512.4749 19.38567 397.8728
-512.4749 19.38567 358.3305
-512.1361 19.44554 397.3846
-512.1361 19.44554 358.8187
-512.4747 22.94396 397.3846
-461.6601 22.94396 397.3846
-512.4747 22.45872 397.3846
-461.6601 22.45872 397.3846
-461.6601 22.94396 397.3846
-461.6601 22.94396 358.8187
-461.6601 22.45872 397.3846
-461.6601 22.45872 358.8187
-512.4747 22.94396 358.8187
-512.4747 22.94396 397.3846
-512.4747 22.45872 358.8187
-512.4747 22.45872 397.3846
-512.1361 19.44554 358.8187
-462.0014 19.44554 358.8187
-512.1361 20.99271 358.8187
-462.0014 20.99271 358.8187
-462.0014 19.44554 358.8187
-462.0014 19.44554 397.3846
-462.0014 20.99271 358.8187
-462.0014 20.99271 397.3846
-462.0014 19.44554 397.3846
-512.1361 19.44554 397.3846
-462.0014 20.99271 397.3846
-512.1361 20.99271 397.3846
-512.1361 19.44554 397.3846
-512.1361 19.44554 358.8187
-512.1361 20.99271 397.3846
-512.1361 20.99271 358.8187
-513.7115 22.94397 398.0565
-512.4747 22.94397 398.0565
-512.4749 21.81817 358.3305
-461.6592 21.81817 358.3305
-512.4749 19.38567 358.3305
-461.6592 19.38567 358.3305
-460.3698 22.94397 398.0565
-460.3698 22.94397 358.1468
-513.7115 21.81817 358.1468
-513.7115 21.81817 398.0565
-513.7115 22.94397 358.1468
-513.7115 22.94397 398.0565
-460.3698 21.81817 398.0565
-461.6592 21.81817 397.8728
-460.3698 21.81817 358.1468
-461.6592 21.81817 358.3305
-513.7115 21.81817 398.0565
-513.7115 21.81817 358.1468
-512.4749 21.81817 397.8728
-512.4749 21.81817 358.3305
-512.4747 21.81817 358.1468
-512.4747 21.81817 358.1468
-512.4747 22.94397 358.1468
-461.6601 22.94397 358.1468
-512.4747 22.94397 398.0565
-512.4747 22.94403 397.3853
-461.6601 22.94396 397.3846
-512.4747 22.94396 397.3846
-512.4747 22.94397 358.1468
-512.4747 22.94397 398.0565
-512.4747 21.81817 398.0565
-461.6601 22.94397 398.0565
-461.6601 21.81817 398.0565
-512.4747 21.81817 398.0565
-512.4749 21.81817 358.3305
-512.4747 21.81817 358.1468
-461.6592 21.81817 358.3305
-461.6601 21.81817 358.1468
-461.6601 22.94396 358.8187
-461.6601 22.94397 358.1468
-512.4747 22.94396 358.8187
-512.4747 22.94397 358.1468
-512.4747 22.94403 358.818
-461.6601 22.45872 358.8187
-461.6601 22.94396 358.8187
-512.4747 22.45872 358.8187
-512.4747 22.94396 358.8187
-461.6592 21.81817 397.8728
-461.6601 21.81817 398.0565
-512.4749 21.81817 397.8728
-512.4747 21.81817 398.0565
-461.6601 21.81817 358.1468
-461.6601 22.94397 358.1468
-460.3698 21.81817 358.1468
-460.3698 22.94397 358.1468
-461.6601 22.94397 398.0565
-461.6601 22.94397 398.0565
-461.6601 21.81817 398.0565
-460.3698 22.94397 398.0565
-460.3698 21.81817 398.0565
-461.6601 21.81817 358.1468
-496.5667 50.18853 357.7942
-496.5667 51.59812 357.7942
-496.5667 50.18853 356.3992
-496.5667 51.59812 356.3992
-487.0648 51.59812 356.3992
-496.5667 51.59812 356.3992
-487.0648 51.59812 357.7942
-496.5667 51.59812 357.7942
-496.5667 50.18853 356.3992
-487.0648 50.18853 356.3992
-496.5667 50.18853 357.7942
-487.0648 50.18853 357.7942
-487.0648 50.18853 357.7942
-487.0648 51.59812 357.7942
-477.5628 50.18853 357.7942
-477.5628 51.59812 357.7942
-477.5628 50.18853 356.3992
-487.0648 50.18853 356.3992
-477.5628 51.59812 356.3992
-487.0648 51.59812 356.3992
-487.0648 51.59812 356.3992
-487.0648 51.59812 357.7942
-477.5628 51.59812 356.3992
-477.5628 51.59812 357.7942
-477.5628 50.18853 356.3992
-477.5628 50.18853 357.7942
-487.0648 50.18853 356.3992
-487.0648 50.18853 357.7942
-496.5667 50.18853 399.7807
-496.5667 51.59812 399.7807
-496.5667 50.18853 398.3857
-496.5667 51.59812 398.3857
-487.0648 51.59812 398.3857
-496.5667 51.59812 398.3857
-487.0648 51.59812 399.7807
-496.5667 51.59812 399.7807
-496.5667 50.18853 398.3857
-487.0648 50.18853 398.3857
-496.5667 50.18853 399.7807
-487.0648 50.18853 399.7807
-487.0648 50.18853 399.7807
-487.0648 51.59812 399.7807
-477.5628 50.18853 399.7807
-477.5628 51.59812 399.7807
-477.5628 50.18853 398.3857
-487.0648 50.18853 398.3857
-477.5628 51.59812 398.3857
-487.0648 51.59812 398.3857
-487.0648 51.59812 398.3857
-487.0648 51.59812 399.7807
-477.5628 51.59812 398.3857
-477.5628 51.59812 399.7807
-477.5628 50.18853 398.3857
-477.5628 50.18853 399.7807
-487.0648 50.18853 398.3857
-487.0648 50.18853 399.7807
-478.1642 51.70768 400.0226
-478.1642 53.06067 400.0226
-479.5032 51.70768 400.0226
-479.5032 53.06067 400.0226
-479.5032 53.06067 377.9116
-479.5032 53.06067 400.0226
-478.1642 53.06067 377.9116
-478.1642 53.06067 400.0226
-479.5032 51.70768 400.0226
-479.5032 51.70768 377.9116
-478.1642 51.70768 400.0226
-478.1642 51.70768 377.9116
-478.1642 51.70768 377.9116
-478.1642 53.06067 377.9116
-478.1642 51.70768 355.8006
-478.1642 53.06067 355.8006
-479.5032 51.70768 355.8006
-479.5032 51.70768 377.9116
-479.5032 53.06067 355.8006
-479.5032 53.06067 377.9116
-479.5032 53.06067 377.9116
-478.1642 53.06067 377.9116
-479.5032 53.06067 355.8006
-478.1642 53.06067 355.8006
-479.5032 51.70768 355.8006
-478.1642 51.70768 355.8006
-479.5032 51.70768 377.9116
-478.1642 51.70768 377.9116
-494.6086 51.70768 400.0226
-494.6086 53.06067 400.0226
-495.9476 51.70768 400.0226
-495.9476 53.06067 400.0226
-495.9476 53.06067 377.9116
-495.9476 53.06067 400.0226
-494.6086 53.06067 377.9116
-494.6086 53.06067 400.0226
-495.9476 51.70768 400.0226
-495.9476 51.70768 377.9116
-494.6086 51.70768 400.0226
-494.6086 51.70768 377.9116
-494.6086 51.70768 377.9116
-494.6086 53.06067 377.9116
-494.6086 51.70768 355.8006
-494.6086 53.06067 355.8006
-495.9476 51.70768 355.8006
-495.9476 51.70768 377.9116
-495.9476 53.06067 355.8006
-495.9476 53.06067 377.9116
-495.9476 53.06067 377.9116
-494.6086 53.06067 377.9116
-495.9476 53.06067 355.8006
-494.6086 53.06067 355.8006
-495.9476 51.70768 355.8006
-494.6086 51.70768 355.8006
-495.9476 51.70768 377.9116
-494.6086 51.70768 377.9116
</float_array>
          <technique_common>
            <accessor source="#o_b_koyahiroba_1-lib-Position-array" count="300" stride="3">
              <param name="X" type="float" />
              <param name="Y" type="float" />
              <param name="Z" type="float" />
            </accessor>
          </technique_common>
        </source>
        <source id="o_b_koyahiroba_1-lib-Normal0">
          <float_array id="o_b_koyahiroba_1-lib-Normal0-array" count="900">
0 0 1
0 0 1
0.214945 0.976536 -0.013288
-0.000002 1 -0.000004999999
-0.00002 0 -1
-0.000003 1 0.000003
-1 0.000012 0
1 0 0.000001
-0.011524 0.99897 -0.043887
-0.000003 1 -0.000003
-0.000002 1 0.000004999999
0.290267 0.956304 0.035049
0.058315 -0.9949611 0.08156301
-0.115492 -0.992471 0.040775
-0.057751 -0.9949949 -0.081549
0.116623 -0.992339 -0.040779
-0.000012 0 1
1 -0.000014 0
-0.00002 0 -1
1 0 0
-0.000001 0 1
0 0 1
1 0.000001 0.000001
-1 0 0
0 1 0.000095
-0.00002 0 -1
-0.011525 0.9989721 -0.043837
0.225475 0.97387 0.027183
-0.000012 0 1
-0.00002 0 -1
0 -1 -0.000001
0 0 -1
0.0003959999 0.9995821 -0.028902
0 1 0.000009999999
0 0 -1
-0.000001 0 -1
-0.000001 0 1
0 0 1
0 0 1
0.000001 0 1
-1 -0.000014 0
-1 -0.000014 0
-0.000001 0 1
-0.000001 0 1
1 0 0
1 -0.000024 0
0 0 -1
0.000001 0 -1
-0.000003 0 1
0 0 1
0 0 1
0.000003 0 1
-1 -0.000014 0
-1 -0.000014 0
-0.000003 0 1
-0.000003 0 1
1 0 0
1 -0.000024 0
-1 0.000026 0
-1 0.000026 0
1 -0.000028 0
1 -0.000028 0
1 -0.000028 0
1 -0.000028 0
0 0 1
-0.000019 0 1
1 0 0
1 -0.000031 0
0.000003 0 -1
0.000003 0 -1
-1 -0.000026 0
-1 -0.000026 0
1 -0.000021 0
1 -0.000021 0
1 -0.000021 0
1 -0.000021 0
0 0 1
-0.000019 0 1
1 0 0
1 0.000009 0
0.000003 0 -1
0.000003 0 -1
1 -0.000001 0.000001
1 0 0.000001
-1 0 0
-1 -0.000012 0
-0.000025 1 -0.000048
0.116623 -0.992339 0.040784
-0.057741 -0.9949949 0.081557
-0.057741 -0.9949949 0.081557
-0.115492 -0.992471 -0.040773
-0.115492 -0.992471 0.040775
-0.115492 -0.992471 -0.040773
0.05830799 -0.994962 -0.081554
-0.057751 -0.9949949 -0.081549
0.05830799 -0.994962 -0.081554
0.116623 -0.992339 0.040784
0.116623 -0.992339 -0.040779
0.058315 -0.9949611 0.08156301
0 0 -1
0 0 -1
0 0 -1
0 0 -1
-1 -0.000044 0
-1 0 0
-1 0 0
-1 0.000044 0
1 0.00006199999 0
1 0 0
1 0 0
1 -0.00006199999 0
0 0 1
0 0 1
0 0 1
0 0 1
-1 0.000003 0
-1 0 0
-1 0 0
-1 -0.000003 0
0 0 -1
0 0 -1
0 0 -1
0 0 -1
1 -0.000029 0
1 0 0
1 0 0
1 0.000029 0
-0.000012 0 1
-0.000012 0 1
0 0 -1
-0.000001 0 -1
-0.000001 0 -1
-0.000001 0 -1
1 0 0
1 0.000014 0
-1 -0.000009999999 0
-1 0 0
-1 0 0
-1 0.000009999999 0
0 -1 0
0 -1 0
0 -1 0
0 -1 0
-0.000001 -1 0.000004999999
-0.000001 -1 -0.000004
-0.000001 -1 0.000004
-0.000001 -1 -0.000004999999
0 -1 -0.000011
0 0 -1
0 0 -1
0 0 -1
0 1 0.000096
-0.011525 0.9989721 -0.043837
0 1 -0.000007999999
-0.011524 0.99897 -0.043887
0 1 -0.000095
0 0 1
0 0 1
0 0 1
0 0 1
0 -1 0.000011
0 -1 -0.000015
0 -1 -0.000007
0 -1 -0.000007
0 -1 0.000002
0 1 0.000007
0.0003959999 0.9995821 0.028898
0.290267 0.956304 0.035049
0 1 -0.00009
0.225475 0.97387 0.027183
0 0 1
0 0 1
0 0 1
0 0 1
0 -1 0.000001
0 -1 0.000004
0 -1 0.000004
0 -1 0.000006
0.000019 0 -1
0 0 -1
0 0 -1
-0.000019 0 -1
0 1 -0.000009999999
0.000012 0 1
0 0 1
0 0 1
-0.000012 0 1
0 -1 -0.000001
-1 -0.000014 0
-1 -0.000014 0
0.000001 0 -1
0 0 -1
0 1 -0.000002
0 1 0
0 1 0
0 1 0.000002
0 -1 -0.000001
0 -1 0
0 -1 0
0 -1 0.000001
-0.000001 0 1
-0.000001 0 1
1 0.000024 0
1 0 0
0.000001 0 -1
0.000001 0 -1
0.000001 0 -1
0.000001 0 -1
0 1 0.000002
0 1 0.000002
0 1 0.000002
0 1 0.000002
0 -1 0.000001
0 -1 0.000001
0 -1 0.000001
0 -1 0.000001
-1 -0.000014 0
-1 -0.000014 0
-0.000001 0 -1
0 0 -1
0 1 -0.000002
0 1 0
0 1 0
0 1 0.000002
0 -1 -0.000001
0 -1 0
0 -1 0
0 -1 0.000001
-0.000003 0 1
-0.000003 0 1
1 0.000024 0
1 0 0
-0.000001 0 -1
-0.000001 0 -1
-0.000001 0 -1
-0.000001 0 -1
0 1 0.000002
0 1 0.000002
0 1 0.000002
0 1 0.000002
0 -1 0.000001
0 -1 0.000001
0 -1 0.000001
0 -1 0.000001
0.000019 0 1
0 0 1
-1 0.000026 0
-1 0.000026 0
0 1 0
0 1 0
0 1 0
0 1 0
0 -1 0
0 -1 0
0 -1 0
0 -1 0
1 0.000031 0
1 0 0
0.000003 0 -1
0.000003 0 -1
-1 -0.000027 0
-1 0 0
-1 0 0
-1 0.000027 0
0 1 0
0 1 0
0 1 0
0 1 0
0 -1 0
0 -1 0
0 -1 0
0 -1 0
0.000019 0 1
0 0 1
-1 -0.000026 0
-1 -0.000026 0
0 1 0
0 1 0
0 1 0
0 1 0
0 -1 0
0 -1 0
0 -1 0
0 -1 0
1 -0.000009 0
1 0 0
0.000003 0 -1
0.000003 0 -1
-1 -0.000007 0
-1 0 0
-1 0 0
-1 0.000007 0
0 1 0
0 1 0
0 1 0
0 1 0
0 -1 0
0 -1 0
0 -1 0
0 -1 0
</float_array>
          <technique_common>
            <accessor source="#o_b_koyahiroba_1-lib-Normal0-array" count="300" stride="3">
              <param name="X" type="float" />
              <param name="Y" type="float" />
              <param name="Z" type="float" />
            </accessor>
          </technique_common>
        </source>
        <source id="o_b_koyahiroba_1-lib-UV0">
          <float_array id="o_b_koyahiroba_1-lib-UV0-array" count="600">
5.345962 -5.045419
5.346186 -5.992964
5.342395 -4.016134
5.342395 -4.016134
5.790169 -4.007847
5.342395 -4.979072
5.346186 -5.992964
5.346186 -5.992964
5.230978 -4.032345
5.230978 -4.032345
5.230978 -4.962859
5.230978 -4.962859
5.455849 -5.054992
5.456079 -5.98339
5.455849 -5.054991
5.455848 -5.054992
5.790169 -4.185546
5.456456 -4.016136
5.790169 -4.185546
5.456456 -4.979073
5.232285 -5.992964
5.232511 -5.045419
5.232285 -5.992964
5.232286 -5.992964
5.231301 -4.015993
5.998051 -4.007847
5.230978 -4.032345
5.230978 -4.962859
5.998051 -4.185547
5.998051 -4.185547
5.525467 -4.016016
6.230523 -4.991189
6.345383 -4.991188
5.231398 -4.979474
0.453171 1.007685
0.34282 1.007685
0.123565 1.007685
0.233919 1.007685
0.123565 1.994376
0.233919 1.994376
0.993495 1.990553
0.993495 1.819327
0.123565 1.994376
0.233919 1.994376
0.993495 1.990553
0.993495 1.819327
0.453171 1.007685
0.34282 1.007685
0.123565 1.007685
0.233919 1.007685
0.123565 1.994376
0.233919 1.994376
0.993495 1.990553
0.993495 1.819327
0.123565 1.994376
0.233919 1.994376
0.993495 1.990553
0.993495 1.819327
0.453171 1.007685
0.34282 1.007685
0.123565 1.007685
0.233919 1.007685
0.123565 1.994376
0.233919 1.994376
0.993495 1.990553
0.993495 1.819327
0.123565 1.994376
0.233919 1.994376
0.993495 1.990553
0.993495 1.819327
0.453171 1.007685
0.34282 1.007685
0.123565 1.007685
0.233919 1.007685
0.123565 1.994376
0.233919 1.994376
0.993495 1.990553
0.993495 1.819327
0.123565 1.994376
0.233919 1.994376
0.993495 1.990553
0.993495 1.819327
5.345961 -5.045419
5.232511 -5.045419
5.345961 -5.045419
5.232511 -5.045419
5.342395 -4.979072
5.345961 -5.045419
5.346186 -5.992964
5.346186 -5.992964
5.345961 -5.045419
5.456079 -5.98339
5.346186 -5.992964
5.345962 -5.045419
5.456079 -5.98339
5.345961 -5.045419
5.346186 -5.992964
5.455849 -5.054992
5.456079 -5.98339
6.453669 -4.039074
6.453753 -4.991188
6.526011 -4.039074
6.526011 -4.991188
5.230978 -4.032345
5.230978 -4.962859
5.087666 -4.032347
5.087576 -4.962859
5.230978 -4.962859
5.230978 -4.032345
5.087576 -4.962859
5.087666 -4.032347
5.455849 -5.054992
5.456079 -5.98339
5.524842 -5.054991
5.524262 -5.98339
5.456079 -5.98339
5.455849 -5.054991
5.524261 -5.98339
5.524842 -5.054991
5.456079 -5.98339
5.455848 -5.054992
5.524261 -5.98339
5.524841 -5.054991
5.455849 -5.054992
5.456079 -5.98339
5.524842 -5.054991
5.524262 -5.98339
5.790169 -4.007847
5.998051 -4.007847
5.232511 -5.045419
5.232285 -5.992964
5.345961 -5.045419
5.346186 -5.992964
5.342395 -4.016134
5.342395 -4.979072
5.456456 -4.979073
5.456456 -4.016136
5.342395 -4.979072
5.342395 -4.016134
5.456456 -4.016136
5.525467 -4.020567
5.456456 -4.979073
5.525467 -4.97464
5.456456 -4.016136
5.456456 -4.979073
5.525467 -4.020567
5.525467 -4.97464
5.525467 -4.978893
6.230523 -4.039074
6.345384 -4.039074
6.345383 -4.991189
6.345385 -4.039074
6.453668 -4.039074
6.453753 -4.991188
6.453669 -4.039074
5.231398 -4.979474
6.345385 -4.039074
6.230524 -4.039074
6.345383 -4.991188
6.230523 -4.991188
5.525467 -4.016016
6.07323 -4.038795
6.230523 -4.039074
6.073234 -4.991337
6.230523 -4.991189
6.453753 -4.991189
6.345383 -4.991189
6.453753 -4.039074
6.345384 -4.039074
6.453668 -4.039074
6.526011 -4.991189
6.453753 -4.991189
6.526011 -4.039074
6.453753 -4.039074
6.073235 -4.991337
6.230523 -4.991188
6.07323 -4.038795
6.230524 -4.039074
5.790169 -4.185546
5.790169 -4.007848
5.998051 -4.185546
5.998051 -4.007848
5.231301 -4.015994
5.790169 -4.007847
5.790169 -4.185546
5.998051 -4.007847
5.998051 -4.185546
5.525467 -4.978894
0.793026 1.990553
0.793026 1.819327
0.453171 1.994376
0.34282 1.994376
0.34282 1.007685
0.34282 1.994376
0.233919 1.007685
0.233919 1.994376
0.014666 1.994376
0.014666 1.007685
0.123565 1.994376
0.123565 1.007685
0.123565 1.007685
0.233919 1.007685
0.793026 1.990553
0.793026 1.819327
0.453171 1.994376
0.453171 1.007685
0.34282 1.994376
0.34282 1.007685
0.34282 1.007685
0.233919 1.007685
0.34282 1.994376
0.233919 1.994376
0.014666 1.994376
0.123565 1.994376
0.014666 1.007685
0.123565 1.007685
0.793026 1.990553
0.793026 1.819327
0.453171 1.994376
0.34282 1.994376
0.34282 1.007685
0.34282 1.994376
0.233919 1.007685
0.233919 1.994376
0.014666 1.994376
0.014666 1.007685
0.123565 1.994376
0.123565 1.007685
0.123565 1.007685
0.233919 1.007685
0.793026 1.990553
0.793026 1.819327
0.453171 1.994376
0.453171 1.007685
0.34282 1.994376
0.34282 1.007685
0.34282 1.007685
0.233919 1.007685
0.34282 1.994376
0.233919 1.994376
0.014666 1.994376
0.123565 1.994376
0.014666 1.007685
0.123565 1.007685
0.793026 1.990553
0.793026 1.819327
0.453171 1.994376
0.34282 1.994376
0.34282 1.007685
0.34282 1.994376
0.233919 1.007685
0.233919 1.994376
0.014666 1.994376
0.014666 1.007685
0.123565 1.994376
0.123565 1.007685
0.123565 1.007685
0.233919 1.007685
0.793026 1.990553
0.793026 1.819327
0.453171 1.994376
0.453171 1.007685
0.34282 1.994376
0.34282 1.007685
0.34282 1.007685
0.233919 1.007685
0.34282 1.994376
0.233919 1.994376
0.014666 1.994376
0.123565 1.994376
0.014666 1.007685
0.123565 1.007685
0.793026 1.990553
0.793026 1.819327
0.453171 1.994376
0.34282 1.994376
0.34282 1.007685
0.34282 1.994376
0.233919 1.007685
0.233919 1.994376
0.014666 1.994376
0.014666 1.007685
0.123565 1.994376
0.123565 1.007685
0.123565 1.007685
0.233919 1.007685
0.793026 1.990553
0.793026 1.819327
0.453171 1.994376
0.453171 1.007685
0.34282 1.994376
0.34282 1.007685
0.34282 1.007685
0.233919 1.007685
0.34282 1.994376
0.233919 1.994376
0.014666 1.994376
0.123565 1.994376
0.014666 1.007685
0.123565 1.007685
</float_array>
          <technique_common>
            <accessor source="#o_b_koyahiroba_1-lib-UV0-array" count="300" stride="2">
              <param name="S" type="float" />
              <param name="T" type="float" />
            </accessor>
          </technique_common>
        </source>
        <vertices id="o_b_koyahiroba_1-lib-Vertex">
          <input semantic="POSITION" source="#o_b_koyahiroba_1-lib-Position" />
        </vertices>
        <polygons material="m_b_koyahashira" count="156">
          <input semantic="VERTEX" offset="0" source="#o_b_koyahiroba_1-lib-Vertex" />
          <input semantic="NORMAL" offset="1" source="#o_b_koyahiroba_1-lib-Normal0" />
          <input semantic="TEXCOORD" offset="2" set="0" source="#o_b_koyahiroba_1-lib-UV0" />
          <p>0 0 0 1 1 1 21 21 21</p>
          <p>1 1 1 20 20 20 21 21 21</p>
          <p>4 4 4 25 25 25 18 18 18</p>
          <p>25 25 25 29 29 29 18 18 18</p>
          <p>82 82 82 7 7 7 83 83 83</p>
          <p>7 7 7 22 22 22 83 83 83</p>
          <p>6 6 6 84 84 84 23 23 23</p>
          <p>84 84 84 85 85 85 23 23 23</p>
          <p>2 2 2 24 24 24 26 26 26</p>
          <p>3 3 3 5 5 5 9 9 9</p>
          <p>5 5 5 10 10 10 9 9 9</p>
          <p>5 5 5 33 33 33 10 10 10</p>
          <p>86 86 86 2 2 2 27 27 27</p>
          <p>27 27 27 2 2 2 11 11 11</p>
          <p>26 26 26 8 8 8 2 2 2</p>
          <p>2 2 2 8 8 8 11 11 11</p>
          <p>87 87 87 88 88 88 12 12 12</p>
          <p>88 88 88 13 13 13 12 12 12</p>
          <p>89 89 89 90 90 90 91 91 91</p>
          <p>90 90 90 14 14 14 91 91 91</p>
          <p>92 92 92 93 93 93 94 94 94</p>
          <p>93 93 93 15 15 15 94 94 94</p>
          <p>95 95 95 96 96 96 97 97 97</p>
          <p>96 96 96 98 98 98 97 97 97</p>
          <p>99 99 99 100 100 100 101 101 101</p>
          <p>100 100 100 102 102 102 101 101 101</p>
          <p>103 103 103 104 104 104 105 105 105</p>
          <p>104 104 104 106 106 106 105 105 105</p>
          <p>107 107 107 108 108 108 109 109 109</p>
          <p>108 108 108 110 110 110 109 109 109</p>
          <p>111 111 111 112 112 112 113 113 113</p>
          <p>112 112 112 114 114 114 113 113 113</p>
          <p>115 115 115 116 116 116 117 117 117</p>
          <p>116 116 116 118 118 118 117 117 117</p>
          <p>119 119 119 120 120 120 121 121 121</p>
          <p>120 120 120 122 122 122 121 121 121</p>
          <p>123 123 123 124 124 124 125 125 125</p>
          <p>124 124 124 126 126 126 125 125 125</p>
          <p>16 16 16 28 28 28 127 127 127</p>
          <p>28 28 28 128 128 128 127 127 127</p>
          <p>129 129 129 130 130 130 131 131 131</p>
          <p>130 130 130 132 132 132 131 131 131</p>
          <p>17 17 17 19 19 19 133 133 133</p>
          <p>19 19 19 134 134 134 133 133 133</p>
          <p>135 135 135 136 136 136 137 137 137</p>
          <p>136 136 136 138 138 138 137 137 137</p>
          <p>139 139 139 30 30 30 140 140 140</p>
          <p>141 141 141 139 139 139 142 142 142</p>
          <p>139 139 139 140 140 140 142 142 142</p>
          <p>143 143 143 144 144 144 145 145 145</p>
          <p>144 144 144 146 146 146 145 145 145</p>
          <p>144 144 144 147 147 147 146 146 146</p>
          <p>148 148 148 149 149 149 31 31 31</p>
          <p>149 149 149 150 150 150 31 31 31</p>
          <p>151 151 151 32 32 32 152 152 152</p>
          <p>153 153 153 154 154 154 32 32 32</p>
          <p>152 152 152 32 32 32 154 154 154</p>
          <p>27 27 27 155 155 155 86 86 86</p>
          <p>156 156 156 157 157 157 158 158 158</p>
          <p>157 157 157 159 159 159 158 158 158</p>
          <p>145 145 145 160 160 160 143 143 143</p>
          <p>161 161 161 162 162 162 163 163 163</p>
          <p>162 162 162 164 164 164 163 163 163</p>
          <p>165 165 165 166 166 166 167 167 167</p>
          <p>168 168 168 169 169 169 166 166 166</p>
          <p>166 166 166 169 169 169 167 167 167</p>
          <p>170 170 170 171 171 171 172 172 172</p>
          <p>171 171 171 173 173 173 172 172 172</p>
          <p>174 174 174 175 175 175 176 176 176</p>
          <p>175 175 175 177 177 177 176 176 176</p>
          <p>178 178 178 179 179 179 180 180 180</p>
          <p>179 179 179 181 181 181 180 180 180</p>
          <p>9 9 9 182 182 182 3 3 3</p>
          <p>183 183 183 184 184 184 185 185 185</p>
          <p>184 184 184 186 186 186 185 185 185</p>
          <p>142 142 142 187 187 187 141 141 141</p>
          <p>36 36 36 37 37 37 38 38 38</p>
          <p>37 37 37 39 39 39 38 38 38</p>
          <p>188 188 188 189 189 189 40 40 40</p>
          <p>189 189 189 41 41 41 40 40 40</p>
          <p>190 190 190 191 191 191 34 34 34</p>
          <p>191 191 191 35 35 35 34 34 34</p>
          <p>192 192 192 193 193 193 194 194 194</p>
          <p>193 193 193 195 195 195 194 194 194</p>
          <p>196 196 196 197 197 197 198 198 198</p>
          <p>197 197 197 199 199 199 198 198 198</p>
          <p>200 200 200 42 42 42 201 201 201</p>
          <p>42 42 42 43 43 43 201 201 201</p>
          <p>202 202 202 44 44 44 203 203 203</p>
          <p>44 44 44 45 45 45 203 203 203</p>
          <p>204 204 204 205 205 205 206 206 206</p>
          <p>205 205 205 207 207 207 206 206 206</p>
          <p>208 208 208 209 209 209 210 210 210</p>
          <p>209 209 209 211 211 211 210 210 210</p>
          <p>212 212 212 213 213 213 214 214 214</p>
          <p>213 213 213 215 215 215 214 214 214</p>
          <p>48 48 48 49 49 49 50 50 50</p>
          <p>49 49 49 51 51 51 50 50 50</p>
          <p>216 216 216 217 217 217 52 52 52</p>
          <p>217 217 217 53 53 53 52 52 52</p>
          <p>218 218 218 219 219 219 46 46 46</p>
          <p>219 219 219 47 47 47 46 46 46</p>
          <p>220 220 220 221 221 221 222 222 222</p>
          <p>221 221 221 223 223 223 222 222 222</p>
          <p>224 224 224 225 225 225 226 226 226</p>
          <p>225 225 225 227 227 227 226 226 226</p>
          <p>228 228 228 54 54 54 229 229 229</p>
          <p>54 54 54 55 55 55 229 229 229</p>
          <p>230 230 230 56 56 56 231 231 231</p>
          <p>56 56 56 57 57 57 231 231 231</p>
          <p>232 232 232 233 233 233 234 234 234</p>
          <p>233 233 233 235 235 235 234 234 234</p>
          <p>236 236 236 237 237 237 238 238 238</p>
          <p>237 237 237 239 239 239 238 238 238</p>
          <p>240 240 240 241 241 241 242 242 242</p>
          <p>241 241 241 243 243 243 242 242 242</p>
          <p>60 60 60 61 61 61 62 62 62</p>
          <p>61 61 61 63 63 63 62 62 62</p>
          <p>244 244 244 245 245 245 64 64 64</p>
          <p>245 245 245 65 65 65 64 64 64</p>
          <p>246 246 246 247 247 247 58 58 58</p>
          <p>247 247 247 59 59 59 58 58 58</p>
          <p>248 248 248 249 249 249 250 250 250</p>
          <p>249 249 249 251 251 251 250 250 250</p>
          <p>252 252 252 253 253 253 254 254 254</p>
          <p>253 253 253 255 255 255 254 254 254</p>
          <p>256 256 256 66 66 66 257 257 257</p>
          <p>66 66 66 67 67 67 257 257 257</p>
          <p>258 258 258 68 68 68 259 259 259</p>
          <p>68 68 68 69 69 69 259 259 259</p>
          <p>260 260 260 261 261 261 262 262 262</p>
          <p>261 261 261 263 263 263 262 262 262</p>
          <p>264 264 264 265 265 265 266 266 266</p>
          <p>265 265 265 267 267 267 266 266 266</p>
          <p>268 268 268 269 269 269 270 270 270</p>
          <p>269 269 269 271 271 271 270 270 270</p>
          <p>72 72 72 73 73 73 74 74 74</p>
          <p>73 73 73 75 75 75 74 74 74</p>
          <p>272 272 272 273 273 273 76 76 76</p>
          <p>273 273 273 77 77 77 76 76 76</p>
          <p>274 274 274 275 275 275 70 70 70</p>
          <p>275 275 275 71 71 71 70 70 70</p>
          <p>276 276 276 277 277 277 278 278 278</p>
          <p>277 277 277 279 279 279 278 278 278</p>
          <p>280 280 280 281 281 281 282 282 282</p>
          <p>281 281 281 283 283 283 282 282 282</p>
          <p>284 284 284 78 78 78 285 285 285</p>
          <p>78 78 78 79 79 79 285 285 285</p>
          <p>286 286 286 80 80 80 287 287 287</p>
          <p>80 80 80 81 81 81 287 287 287</p>
          <p>288 288 288 289 289 289 290 290 290</p>
          <p>289 289 289 291 291 291 290 290 290</p>
          <p>292 292 292 293 293 293 294 294 294</p>
          <p>293 293 293 295 295 295 294 294 294</p>
          <p>296 296 296 297 297 297 298 298 298</p>
          <p>297 297 297 299 299 299 298 298 298</p>
        </polygons>
      </mesh>
    </geometry>
    <geometry id="o_b_koyahiroba_2-lib" name="o_b_koyahiroba_2Mesh">
      <mesh>
        <source id="o_b_koyahiroba_2-lib-Position">
          <float_array id="o_b_koyahiroba_2-lib-Position-array" count="576">
-496.1061 -9.565598 356.34
-494.4668 -9.565598 356.34
-496.1061 -9.565602 357.9623
-494.4668 -9.565602 357.9623
-496.1061 -4.680773 357.9623
-494.4668 -4.680773 357.9623
-496.1061 -4.680775 356.34
-494.4668 -4.680775 356.34
-496.1061 20.71388 356.34
-494.4668 20.71388 356.34
-496.1061 20.71387 357.9623
-494.4667 20.71387 357.9623
-479.6452 -9.565598 356.34
-478.0059 -9.565598 356.34
-479.6452 -9.565602 357.9623
-478.0059 -9.565602 357.9623
-479.6452 -4.680775 357.9623
-478.0059 -4.680775 357.9623
-479.6452 -4.680777 356.34
-478.0059 -4.680777 356.34
-479.6452 20.71388 356.34
-478.0059 20.71388 356.34
-479.6452 20.71387 357.9623
-478.0059 20.71387 357.9623
-496.1061 -3.795137 398.3264
-494.4668 -3.795137 398.3264
-496.1061 -3.795141 399.9488
-494.4668 -3.795141 399.9488
-496.1061 -2.770769 399.9488
-494.4668 -2.770769 399.9488
-496.1061 -2.770771 398.3264
-494.4668 -2.770771 398.3264
-496.1061 20.71388 398.3264
-494.4668 20.71388 398.3264
-496.1061 20.71387 399.9488
-494.4667 20.71387 399.9488
-479.6452 -3.795137 398.3264
-478.0059 -3.795137 398.3264
-479.6452 -3.795141 399.9488
-478.0059 -3.795141 399.9488
-479.6452 -2.770771 399.9488
-478.0059 -2.770771 399.9488
-479.6452 -2.770772 398.3264
-478.0059 -2.770772 398.3264
-479.6452 20.71388 398.3264
-478.0059 20.71388 398.3264
-479.6452 20.71387 399.9488
-478.0059 20.71387 399.9488
-496.1061 53.59134 356.34
-494.4668 53.59134 356.34
-494.4668 -9.565602 357.9623
-494.4668 -4.680773 357.9623
-496.1061 53.59134 356.34
-496.1061 20.71388 356.34
-496.1061 53.59134 357.9623
-496.1061 -4.680773 357.9623
-494.4668 -4.680773 357.9623
-496.1061 20.71387 357.9623
-494.4668 -4.680775 356.34
-494.4668 -9.565598 356.34
-494.4668 -4.680773 357.9623
-494.4668 -4.680775 356.34
-494.4667 20.71387 357.9623
-494.4668 20.71388 356.34
-496.1061 -4.680773 357.9623
-496.1061 -4.680775 356.34
-496.1061 -9.565602 357.9623
-496.1061 -9.565598 356.34
-496.1061 20.71388 356.34
-494.4668 20.71388 356.34
-496.1061 -4.680775 356.34
-494.4668 -4.680775 356.34
-496.1061 20.71387 357.9623
-496.1061 20.71388 356.34
-496.1061 -4.680773 357.9623
-496.1061 -4.680775 356.34
-496.1061 20.71387 357.9623
-494.4667 20.71387 357.9623
-496.1061 53.59134 357.9623
-494.4668 53.59134 357.9623
-494.4667 20.71387 357.9623
-494.4668 20.71388 356.34
-494.4668 53.59134 357.9623
-494.4668 53.59134 356.34
-479.6452 53.59134 356.34
-478.0059 53.59134 356.34
-478.0059 -9.565602 357.9623
-478.0059 -4.680775 357.9623
-479.6452 53.59134 356.34
-479.6452 20.71388 356.34
-479.6452 53.59134 357.9623
-479.6452 -4.680775 357.9623
-478.0059 -4.680775 357.9623
-479.6452 20.71387 357.9623
-478.0059 -4.680777 356.34
-478.0059 -9.565598 356.34
-478.0059 -4.680775 357.9623
-478.0059 -4.680777 356.34
-478.0059 20.71387 357.9623
-478.0059 20.71388 356.34
-479.6452 -4.680775 357.9623
-479.6452 -4.680777 356.34
-479.6452 -9.565602 357.9623
-479.6452 -9.565598 356.34
-479.6452 20.71388 356.34
-478.0059 20.71388 356.34
-479.6452 -4.680777 356.34
-478.0059 -4.680777 356.34
-479.6452 20.71387 357.9623
-479.6452 20.71388 356.34
-479.6452 -4.680775 357.9623
-479.6452 -4.680777 356.34
-479.6452 20.71387 357.9623
-478.0059 20.71387 357.9623
-479.6452 53.59134 357.9623
-478.0059 53.59134 357.9623
-478.0059 20.71387 357.9623
-478.0059 20.71388 356.34
-478.0059 53.59134 357.9623
-478.0059 53.59134 356.34
-496.1061 53.59134 398.3264
-494.4668 53.59134 398.3264
-494.4668 -3.795141 399.9488
-494.4668 -2.770769 399.9488
-496.1061 53.59134 398.3264
-496.1061 20.71388 398.3264
-496.1061 53.59134 399.9488
-496.1061 -2.770769 399.9488
-494.4668 -2.770769 399.9488
-496.1061 20.71387 399.9488
-494.4668 -2.770771 398.3264
-494.4668 -3.795137 398.3264
-494.4668 -2.770769 399.9488
-494.4668 -2.770771 398.3264
-494.4667 20.71387 399.9488
-494.4668 20.71388 398.3264
-496.1061 -2.770769 399.9488
-496.1061 -2.770771 398.3264
-496.1061 -3.795141 399.9488
-496.1061 -3.795137 398.3264
-496.1061 20.71388 398.3264
-494.4668 20.71388 398.3264
-496.1061 -2.770771 398.3264
-494.4668 -2.770771 398.3264
-496.1061 20.71387 399.9488
-496.1061 20.71388 398.3264
-496.1061 -2.770769 399.9488
-496.1061 -2.770771 398.3264
-496.1061 20.71387 399.9488
-494.4667 20.71387 399.9488
-496.1061 53.59134 399.9488
-494.4668 53.59134 399.9488
-494.4667 20.71387 399.9488
-494.4668 20.71388 398.3264
-494.4668 53.59134 399.9488
-494.4668 53.59134 398.3264
-479.6452 53.59134 398.3264
-478.0059 53.59134 398.3264
-478.0059 -3.795141 399.9488
-478.0059 -2.770771 399.9488
-479.6452 53.59134 398.3264
-479.6452 20.71388 398.3264
-479.6452 53.59134 399.9488
-479.6452 -2.770771 399.9488
-478.0059 -2.770771 399.9488
-479.6452 20.71387 399.9488
-478.0059 -2.770772 398.3264
-478.0059 -3.795137 398.3264
-478.0059 -2.770771 399.9488
-478.0059 -2.770772 398.3264
-478.0059 20.71387 399.9488
-478.0059 20.71388 398.3264
-479.6452 -2.770771 399.9488
-479.6452 -2.770772 398.3264
-479.6452 -3.795141 399.9488
-479.6452 -3.795137 398.3264
-479.6452 20.71388 398.3264
-478.0059 20.71388 398.3264
-479.6452 -2.770772 398.3264
-478.0059 -2.770772 398.3264
-479.6452 20.71387 399.9488
-479.6452 20.71388 398.3264
-479.6452 -2.770771 399.9488
-479.6452 -2.770772 398.3264
-479.6452 20.71387 399.9488
-478.0059 20.71387 399.9488
-479.6452 53.59134 399.9488
-478.0059 53.59134 399.9488
-478.0059 20.71387 399.9488
-478.0059 20.71388 398.3264
-478.0059 53.59134 399.9488
-478.0059 53.59134 398.3264
</float_array>
          <technique_common>
            <accessor source="#o_b_koyahiroba_2-lib-Position-array" count="192" stride="3">
              <param name="X" type="float" />
              <param name="Y" type="float" />
              <param name="Z" type="float" />
            </accessor>
          </technique_common>
        </source>
        <source id="o_b_koyahiroba_2-lib-Normal0">
          <float_array id="o_b_koyahiroba_2-lib-Normal0-array" count="576">
-0.000015 0 -1
1 0.000002 0
-0.000006 0 1
-0.000006 0 1
-0.000006 0 1
-0.000006 0 1
-0.000015 0 -1
1 -0.000001 -0.000009
-0.000004 0 -1
-0.000004 0 -1
-1 0.000001 0
-0.000012 0 1
0.000002 0 -1
1 0.000004 0
0.000006 0 1
0.000006 0 1
0.000006 0 1
0.000006 0 1
0.000002 0 -1
1 0.000004 0
-0.000004 0 -1
-0.000004 0 -1
-1 -0.000001 0
0.000021 0 1
0.000009 0 -1
1 0.000009 0
0.000003 0 1
0.000003 0 1
0.000003 0 1
0.000003 0 1
0.000009 0 -1
1 -0.000006 -0.000009
0.000006 0 -1
0.000006 0 -1
-1 0.000001 0
-0.000013 0 1
0.000004999999 0 -1
1 0.000019 0
0.000003 0 1
0.000003 0 1
0.000003 0 1
0.000003 0 1
0.000004999999 0 -1
1 0.000019 0
0.000006 0 -1
0.000006 0 -1
-1 -0.000001 0
-0.000024 0 1
-0.000004 0 -1
-0.000004 0 -1
1 -0.000001 -0.000009
1 -0.000004 -0.000019
-1 0.000001 0
-1 0.000001 0
-1 0.000001 0
-0.000012 0 1
-0.000012 0 1
-0.000012 0 1
-0.000015 0 -1
-0.000015 0 -1
1 0 -0.000019
1 0 -0.000028
1 0 -0.000028
1 0 -0.000038
-1 -0.000006 0
-1 0 0
-1 0 0
-1 0.000006 0
-0.000023 0 -1
-0.000023 0 -1
-0.000023 0 -1
-0.000023 0 -1
-1 -0.000001 0
-1 0 0
-1 0 0
-1 0.000001 0
0.000004999999 0 1
0.000004999999 0 1
0.000004999999 0 1
0.000004999999 0 1
1 0.000001 -0.000038
1 0 -0.000019
1 0 -0.000019
1 -0.000001 0
-0.000004 0 -1
-0.000004 0 -1
1 0.000004 0
1 0.000004 0
-1 -0.000001 0
-1 -0.000001 0
-1 -0.000001 0
0.000021 0 1
0.000021 0 1
0.000021 0 1
0.000002 0 -1
0.000002 0 -1
1 -0.000001 0
1 0 0
1 0 0
1 0.000001 0
-1 0.000007999999 0
-1 0 0
-1 0 0
-1 -0.000007999999 0
-0.000009 0 -1
-0.000009 0 -1
-0.000009 0 -1
-0.000009 0 -1
-1 0.000001 0
-1 0 0
-1 0 0
-1 -0.000001 0
0.000004999999 0 1
0.000004999999 0 1
0.000004999999 0 1
0.000004999999 0 1
1 -0.000001 0
1 0 0
1 0 0
1 0.000001 0
0.000006 0 -1
0.000006 0 -1
1 -0.000006 -0.000009
1 -0.000021 -0.000019
-1 0.000001 0
-1 0.000001 0
-1 0.000001 0
-0.000013 0 1
-0.000013 0 1
-0.000013 0 1
0.000009 0 -1
0.000009 0 -1
1 0 -0.000019
1 0 -0.000028
1 0 -0.000028
1 0 -0.000038
-1 -0.000027 0
-1 0 0
-1 0 0
-1 0.000027 0
0.000015 0 -1
0.000015 0 -1
0.000015 0 -1
0.000015 0 -1
-1 -0.000001 0
-1 0 0
-1 0 0
-1 0.000001 0
-0.000007999999 0 1
-0.000007999999 0 1
-0.000007999999 0 1
-0.000007999999 0 1
1 0.000001 -0.000038
1 0 -0.000019
1 0 -0.000019
1 -0.000001 0
0.000006 0 -1
0.000006 0 -1
1 0.000019 0
1 0.000019 0
-1 -0.000001 0
-1 -0.000001 0
-1 -0.000001 0
-0.000024 0 1
-0.000024 0 1
-0.000024 0 1
0.000004999999 0 -1
0.000004999999 0 -1
1 -0.000001 0
1 0 0
1 0 0
1 0.000001 0
-1 0.000037 0
-1 0 0
-1 0 0
-1 -0.000037 0
-0.000025 0 -1
-0.000025 0 -1
-0.000025 0 -1
-0.000025 0 -1
-1 0.000002 0
-1 0 0
-1 0 0
-1 -0.000002 0
-0.000007999999 0 1
-0.000007999999 0 1
-0.000007999999 0 1
-0.000007999999 0 1
1 -0.000001 0
1 0 0
1 0 0
1 0.000001 0
</float_array>
          <technique_common>
            <accessor source="#o_b_koyahiroba_2-lib-Normal0-array" count="192" stride="3">
              <param name="X" type="float" />
              <param name="Y" type="float" />
              <param name="Z" type="float" />
            </accessor>
          </technique_common>
        </source>
        <source id="o_b_koyahiroba_2-lib-UV0">
          <float_array id="o_b_koyahiroba_2-lib-UV0-array" count="384">
0.611578 0.002052903
0.45917 0.002052903
0.156628 0.002052903
0.308948 0.002052903
0.156628 0.142457
0.308948 0.142457
0.611578 0.142457
0.45917 0.142457
0.611578 0.599583
0.45917 0.599583
0.156628 0.599583
0.308948 0.599583
0.611578 0.002052903
0.459171 0.002052903
0.156628 0.002052903
0.308948 0.002052903
0.156628 0.142457
0.308948 0.142457
0.611578 0.142457
0.459171 0.142457
0.611578 0.599583
0.459171 0.599583
0.156628 0.599583
0.308948 0.599583
0.611578 0.002052903
0.45917 0.002052903
0.156628 0.002052903
0.308948 0.002052903
0.156628 0.142457
0.308948 0.142457
0.611578 0.142457
0.45917 0.142457
0.611578 0.84959
0.45917 0.84959
0.156628 0.84959
0.308948 0.84959
0.611578 0.002052903
0.459171 0.002052903
0.156628 0.002052903
0.308948 0.002052903
0.156628 0.142457
0.308948 0.142457
0.611578 0.142457
0.459171 0.142457
0.611578 0.84959
0.459171 0.84959
0.156628 0.84959
0.308948 0.84959
0.611578 0.996894
0.45917 0.996894
0.308948 0.002052903
0.308948 0.142457
0.006224 0.996894
0.006224 0.599583
0.156628 0.996894
0.156628 0.142457
0.308948 0.142457
0.156628 0.599583
0.45917 0.142457
0.45917 0.002052903
0.308948 0.142457
0.45917 0.142457
0.308948 0.599583
0.45917 0.599583
0.156628 0.142457
0.006224 0.142457
0.156628 0.002052903
0.006224 0.002052903
0.611578 0.599583
0.45917 0.599583
0.611578 0.142457
0.45917 0.142457
0.156628 0.599583
0.006224 0.599583
0.156628 0.142457
0.006224 0.142457
0.156628 0.599583
0.308948 0.599583
0.156628 0.996894
0.308948 0.996894
0.308948 0.599583
0.45917 0.599583
0.308948 0.996894
0.45917 0.996894
0.611578 0.996895
0.459171 0.996895
0.308948 0.002052903
0.308948 0.142457
0.006314 0.996895
0.006314 0.599583
0.156628 0.996895
0.156628 0.142457
0.308948 0.142457
0.156628 0.599583
0.459171 0.142457
0.459171 0.002052903
0.308948 0.142457
0.459171 0.142457
0.308948 0.599583
0.459171 0.599583
0.156628 0.142457
0.006314 0.142457
0.156628 0.002052903
0.006314 0.002052903
0.611578 0.599583
0.459171 0.599583
0.611578 0.142457
0.459171 0.142457
0.156628 0.599583
0.006314 0.599583
0.156628 0.142457
0.006314 0.142457
0.156628 0.599583
0.308948 0.599583
0.156628 0.996895
0.308948 0.996895
0.308948 0.599583
0.459171 0.599583
0.308948 0.996895
0.459171 0.996895
0.611578 0.996894
0.45917 0.996894
0.308948 0.002052903
0.308948 0.142457
0.006224 0.996894
0.006224 0.84959
0.156628 0.996894
0.156628 0.142457
0.308948 0.142457
0.156628 0.84959
0.45917 0.142457
0.45917 0.002052903
0.308948 0.142457
0.45917 0.142457
0.308948 0.84959
0.45917 0.84959
0.156628 0.142457
0.006224 0.142457
0.156628 0.002052903
0.006224 0.002052903
0.611578 0.84959
0.45917 0.84959
0.611578 0.142457
0.45917 0.142457
0.156628 0.84959
0.006224 0.84959
0.156628 0.142457
0.006224 0.142457
0.156628 0.84959
0.308948 0.84959
0.156628 0.996894
0.308948 0.996894
0.308948 0.84959
0.45917 0.84959
0.308948 0.996894
0.45917 0.996894
0.611578 0.996895
0.459171 0.996895
0.308948 0.002052903
0.308948 0.142457
0.006314 0.996895
0.006314 0.84959
0.156628 0.996895
0.156628 0.142457
0.308948 0.142457
0.156628 0.84959
0.459171 0.142457
0.459171 0.002052903
0.308948 0.142457
0.459171 0.142457
0.308948 0.84959
0.459171 0.84959
0.156628 0.142457
0.006314 0.142457
0.156628 0.002052903
0.006314 0.002052903
0.611578 0.84959
0.459171 0.84959
0.611578 0.142457
0.459171 0.142457
0.156628 0.84959
0.006314 0.84959
0.156628 0.142457
0.006314 0.142457
0.156628 0.84959
0.308948 0.84959
0.156628 0.996895
0.308948 0.996895
0.308948 0.84959
0.459171 0.84959
0.308948 0.996895
0.459171 0.996895
</float_array>
          <technique_common>
            <accessor source="#o_b_koyahiroba_2-lib-UV0-array" count="192" stride="2">
              <param name="S" type="float" />
              <param name="T" type="float" />
            </accessor>
          </technique_common>
        </source>
        <vertices id="o_b_koyahiroba_2-lib-Vertex">
          <input semantic="POSITION" source="#o_b_koyahiroba_2-lib-Position" />
        </vertices>
        <polygons material="m_b_koyaashi" count="96">
          <input semantic="VERTEX" offset="0" source="#o_b_koyahiroba_2-lib-Vertex" />
          <input semantic="NORMAL" offset="1" source="#o_b_koyahiroba_2-lib-Normal0" />
          <input semantic="TEXCOORD" offset="2" set="0" source="#o_b_koyahiroba_2-lib-UV0" />
          <p>2 2 2 3 3 3 4 4 4</p>
          <p>3 3 3 5 5 5 4 4 4</p>
          <p>48 48 48 49 49 49 8 8 8</p>
          <p>49 49 49 9 9 9 8 8 8</p>
          <p>1 1 1 7 7 7 50 50 50</p>
          <p>7 7 7 51 51 51 50 50 50</p>
          <p>52 52 52 53 53 53 54 54 54</p>
          <p>53 53 53 10 10 10 54 54 54</p>
          <p>55 55 55 56 56 56 57 57 57</p>
          <p>56 56 56 11 11 11 57 57 57</p>
          <p>6 6 6 58 58 58 0 0 0</p>
          <p>58 58 58 59 59 59 0 0 0</p>
          <p>60 60 60 61 61 61 62 62 62</p>
          <p>61 61 61 63 63 63 62 62 62</p>
          <p>64 64 64 65 65 65 66 66 66</p>
          <p>65 65 65 67 67 67 66 66 66</p>
          <p>68 68 68 69 69 69 70 70 70</p>
          <p>69 69 69 71 71 71 70 70 70</p>
          <p>72 72 72 73 73 73 74 74 74</p>
          <p>73 73 73 75 75 75 74 74 74</p>
          <p>76 76 76 77 77 77 78 78 78</p>
          <p>77 77 77 79 79 79 78 78 78</p>
          <p>80 80 80 81 81 81 82 82 82</p>
          <p>81 81 81 83 83 83 82 82 82</p>
          <p>14 14 14 15 15 15 16 16 16</p>
          <p>15 15 15 17 17 17 16 16 16</p>
          <p>84 84 84 85 85 85 20 20 20</p>
          <p>85 85 85 21 21 21 20 20 20</p>
          <p>13 13 13 19 19 19 86 86 86</p>
          <p>19 19 19 87 87 87 86 86 86</p>
          <p>88 88 88 89 89 89 90 90 90</p>
          <p>89 89 89 22 22 22 90 90 90</p>
          <p>91 91 91 92 92 92 93 93 93</p>
          <p>92 92 92 23 23 23 93 93 93</p>
          <p>18 18 18 94 94 94 12 12 12</p>
          <p>94 94 94 95 95 95 12 12 12</p>
          <p>96 96 96 97 97 97 98 98 98</p>
          <p>97 97 97 99 99 99 98 98 98</p>
          <p>100 100 100 101 101 101 102 102 102</p>
          <p>101 101 101 103 103 103 102 102 102</p>
          <p>104 104 104 105 105 105 106 106 106</p>
          <p>105 105 105 107 107 107 106 106 106</p>
          <p>108 108 108 109 109 109 110 110 110</p>
          <p>109 109 109 111 111 111 110 110 110</p>
          <p>112 112 112 113 113 113 114 114 114</p>
          <p>113 113 113 115 115 115 114 114 114</p>
          <p>116 116 116 117 117 117 118 118 118</p>
          <p>117 117 117 119 119 119 118 118 118</p>
          <p>26 26 26 27 27 27 28 28 28</p>
          <p>27 27 27 29 29 29 28 28 28</p>
          <p>120 120 120 121 121 121 32 32 32</p>
          <p>121 121 121 33 33 33 32 32 32</p>
          <p>25 25 25 31 31 31 122 122 122</p>
          <p>31 31 31 123 123 123 122 122 122</p>
          <p>124 124 124 125 125 125 126 126 126</p>
          <p>125 125 125 34 34 34 126 126 126</p>
          <p>127 127 127 128 128 128 129 129 129</p>
          <p>128 128 128 35 35 35 129 129 129</p>
          <p>30 30 30 130 130 130 24 24 24</p>
          <p>130 130 130 131 131 131 24 24 24</p>
          <p>132 132 132 133 133 133 134 134 134</p>
          <p>133 133 133 135 135 135 134 134 134</p>
          <p>136 136 136 137 137 137 138 138 138</p>
          <p>137 137 137 139 139 139 138 138 138</p>
          <p>140 140 140 141 141 141 142 142 142</p>
          <p>141 141 141 143 143 143 142 142 142</p>
          <p>144 144 144 145 145 145 146 146 146</p>
          <p>145 145 145 147 147 147 146 146 146</p>
          <p>148 148 148 149 149 149 150 150 150</p>
          <p>149 149 149 151 151 151 150 150 150</p>
          <p>152 152 152 153 153 153 154 154 154</p>
          <p>153 153 153 155 155 155 154 154 154</p>
          <p>38 38 38 39 39 39 40 40 40</p>
          <p>39 39 39 41 41 41 40 40 40</p>
          <p>156 156 156 157 157 157 44 44 44</p>
          <p>157 157 157 45 45 45 44 44 44</p>
          <p>37 37 37 43 43 43 158 158 158</p>
          <p>43 43 43 159 159 159 158 158 158</p>
          <p>160 160 160 161 161 161 162 162 162</p>
          <p>161 161 161 46 46 46 162 162 162</p>
          <p>163 163 163 164 164 164 165 165 165</p>
          <p>164 164 164 47 47 47 165 165 165</p>
          <p>42 42 42 166 166 166 36 36 36</p>
          <p>166 166 166 167 167 167 36 36 36</p>
          <p>168 168 168 169 169 169 170 170 170</p>
          <p>169 169 169 171 171 171 170 170 170</p>
          <p>172 172 172 173 173 173 174 174 174</p>
          <p>173 173 173 175 175 175 174 174 174</p>
          <p>176 176 176 177 177 177 178 178 178</p>
          <p>177 177 177 179 179 179 178 178 178</p>
          <p>180 180 180 181 181 181 182 182 182</p>
          <p>181 181 181 183 183 183 182 182 182</p>
          <p>184 184 184 185 185 185 186 186 186</p>
          <p>185 185 185 187 187 187 186 186 186</p>
          <p>188 188 188 189 189 189 190 190 190</p>
          <p>189 189 189 191 191 191 190 190 190</p>
        </polygons>
      </mesh>
    </geometry>
    <geometry id="o_b_koyahiroba_3-lib" name="o_b_koyahiroba_3Mesh">
      <mesh>
        <source id="o_b_koyahiroba_3-lib-Position">
          <float_array id="o_b_koyahiroba_3-lib-Position-array" count="48">
-496.1061 53.59134 357.9623
-494.4668 53.59134 357.9623
-496.1061 53.59134 356.34
-494.4668 53.59134 356.34
-479.6452 53.59134 357.9623
-478.0059 53.59134 357.9623
-479.6452 53.59134 356.34
-478.0059 53.59134 356.34
-496.1061 53.59134 399.9488
-494.4668 53.59134 399.9488
-496.1061 53.59134 398.3264
-494.4668 53.59134 398.3264
-479.6452 53.59134 399.9488
-478.0059 53.59134 399.9488
-479.6452 53.59134 398.3264
-478.0059 53.59134 398.3264
</float_array>
          <technique_common>
            <accessor source="#o_b_koyahiroba_3-lib-Position-array" count="16" stride="3">
              <param name="X" type="float" />
              <param name="Y" type="float" />
              <param name="Z" type="float" />
            </accessor>
          </technique_common>
        </source>
        <source id="o_b_koyahiroba_3-lib-Normal0">
          <float_array id="o_b_koyahiroba_3-lib-Normal0-array" count="48">
0 1 0.000003
0 1 0.000003
0 1 0.000003
0 1 0.000003
0 1 0.000003
0 1 0.000003
0 1 0.000003
0 1 0.000003
0 1 0.000003
0 1 0.000003
0 1 0.000003
0 1 0.000003
0 1 0.000003
0 1 0.000003
0 1 0.000003
0 1 0.000003
</float_array>
          <technique_common>
            <accessor source="#o_b_koyahiroba_3-lib-Normal0-array" count="16" stride="3">
              <param name="X" type="float" />
              <param name="Y" type="float" />
              <param name="Z" type="float" />
            </accessor>
          </technique_common>
        </source>
        <source id="o_b_koyahiroba_3-lib-UV0">
          <float_array id="o_b_koyahiroba_3-lib-UV0-array" count="32">
1.787631 0.7090189
1.996404 0.7090189
1.787631 0.998717
1.996404 0.998717
1.787631 0.7090189
1.996404 0.7090189
1.787631 0.998717
1.996404 0.998717
1.787631 0.7090189
1.996404 0.7090189
1.787631 0.998717
1.996404 0.998717
1.787631 0.7090189
1.996404 0.7090189
1.787631 0.998717
1.996404 0.998717
</float_array>
          <technique_common>
            <accessor source="#o_b_koyahiroba_3-lib-UV0-array" count="16" stride="2">
              <param name="S" type="float" />
              <param name="T" type="float" />
            </accessor>
          </technique_common>
        </source>
        <vertices id="o_b_koyahiroba_3-lib-Vertex">
          <input semantic="POSITION" source="#o_b_koyahiroba_3-lib-Position" />
        </vertices>
        <polygons material="m_b_koyakaidanhashira" count="8">
          <input semantic="VERTEX" offset="0" source="#o_b_koyahiroba_3-lib-Vertex" />
          <input semantic="NORMAL" offset="1" source="#o_b_koyahiroba_3-lib-Normal0" />
          <input semantic="TEXCOORD" offset="2" set="0" source="#o_b_koyahiroba_3-lib-UV0" />
          <p>0 0 0 1 1 1 2 2 2</p>
          <p>1 1 1 3 3 3 2 2 2</p>
          <p>4 4 4 5 5 5 6 6 6</p>
          <p>5 5 5 7 7 7 6 6 6</p>
          <p>8 8 8 9 9 9 10 10 10</p>
          <p>9 9 9 11 11 11 10 10 10</p>
          <p>12 12 12 13 13 13 14 14 14</p>
          <p>13 13 13 15 15 15 14 14 14</p>
        </polygons>
      </mesh>
    </geometry>
    <geometry id="o_b_koyasaku02_0-lib" name="o_b_koyasaku02_0Mesh">
      <mesh>
        <source id="o_b_koyasaku02_0-lib-Position">
          <float_array id="o_b_koyasaku02_0-lib-Position-array" count="2448">
-499.2934 22.19203 396.4714
-500.9327 22.19203 396.4714
-499.2934 22.19203 394.8491
-500.9327 22.19203 394.8491
-499.2934 36.89272 394.8491
-500.9327 36.89272 394.8491
-499.2934 36.89272 396.4714
-500.9327 36.89272 396.4714
-501.0863 35.58524 395.5132
-500.3736 34.87303 395.5132
-501.0863 35.58524 395.893
-500.3736 34.87304 395.893
-511.6191 25.04539 395.893
-510.9065 24.33317 395.893
-511.6191 25.04539 395.5132
-510.9065 24.33317 395.5132
-510.8458 22.19203 396.4714
-512.4851 22.19203 396.4714
-510.8458 22.19203 394.8491
-512.4851 22.19203 394.8491
-510.8458 36.89272 394.8491
-512.4851 36.89272 394.8491
-510.8458 36.89272 396.4714
-512.4851 36.89272 396.4714
-500.694 36.36363 395.1824
-500.6939 36.36363 396.1568
-500.694 35.39935 395.1825
-500.6939 35.39935 396.1568
-510.9299 35.39935 395.1825
-510.9299 35.39935 396.1568
-510.9299 36.36363 395.1825
-510.9299 36.36363 396.1568
-510.9065 35.58524 395.4569
-511.6191 34.87303 395.4569
-510.9065 35.58524 395.9506
-511.6191 34.87304 395.9506
-500.3736 25.04539 395.9506
-501.0863 24.33317 395.9506
-500.3736 25.04539 395.4569
-501.0863 24.33317 395.4569
-500.694 24.59867 395.1824
-500.6939 24.59867 396.1568
-500.694 23.59892 395.1825
-500.6939 23.59892 396.1568
-510.9299 23.59891 395.1825
-510.9299 23.59891 396.1568
-510.9299 24.59867 395.1825
-510.9299 24.59867 396.1568
-511.458 35.61658 394.9627
-511.458 34.90438 395.6754
-511.8377 35.61658 394.9627
-511.8377 34.90438 395.6754
-511.8377 25.07673 383.9259
-511.8377 24.36451 384.6386
-511.458 25.07673 383.9259
-511.458 24.36451 384.6386
-512.4162 22.22338 384.5741
-512.4162 22.22338 382.9347
-510.7939 22.22337 384.5741
-510.7939 22.22337 382.9347
-510.7939 36.92406 384.5741
-510.7939 36.92406 382.9347
-512.4162 36.92406 384.5741
-512.4162 36.92406 382.9347
-511.1272 35.43069 384.49
-512.1016 35.43069 384.49
-511.1272 36.39497 384.49
-512.1016 36.39497 384.49
-511.4017 35.61658 384.6386
-511.4017 34.90438 383.9259
-511.8954 35.61658 384.6386
-511.8954 34.90438 383.9259
-511.8954 25.07673 395.6754
-511.8954 24.36451 394.9627
-511.4017 25.07673 395.6754
-511.4017 24.36451 394.9627
-511.1272 23.63026 384.49
-512.1016 23.63026 384.49
-511.1272 24.63001 384.49
-512.1016 24.63001 384.49
-511.1272 35.43069 395.7913
-512.1016 35.43069 395.7913
-511.1272 36.39497 395.7913
-512.1016 36.39497 395.7913
-511.1272 23.63026 395.7913
-512.1016 23.63026 395.7913
-511.1272 24.63001 395.7913
-512.1016 24.63001 395.7913
-511.458 35.61658 372.6323
-511.458 34.90438 371.9196
-511.8377 35.61658 372.6323
-511.8377 34.90438 371.9196
-511.8377 25.07673 383.6691
-511.8377 24.36451 382.9564
-511.458 25.07673 383.6691
-511.458 24.36451 382.9564
-511.1272 35.43069 383.105
-512.1016 35.43069 383.105
-511.1272 36.39497 383.105
-512.1016 36.39497 383.105
-511.4017 35.61658 382.9564
-511.4017 34.90438 383.6691
-511.8954 35.61658 382.9564
-511.8954 34.90438 383.6691
-511.8954 25.07673 371.9196
-511.8954 24.36451 372.6323
-511.4017 25.07673 371.9196
-511.4017 24.36451 372.6323
-511.1272 23.63026 383.105
-512.1016 23.63026 383.105
-511.1272 24.63001 383.105
-512.1016 24.63001 383.105
-511.1272 35.43069 371.8037
-512.1016 35.43069 371.8037
-511.1272 36.39497 371.8037
-512.1016 36.39497 371.8037
-511.1272 23.63026 371.8037
-512.1016 23.63026 371.8037
-511.1272 24.63001 371.8037
-512.1016 24.63001 371.8037
-499.2934 22.19203 359.2789
-500.9327 22.19203 359.2789
-499.2934 22.19203 360.9012
-500.9327 22.19203 360.9012
-499.2934 36.89272 360.9012
-500.9327 36.89272 360.9012
-499.2934 36.89272 359.2789
-500.9327 36.89272 359.2789
-501.0863 35.58524 360.2371
-500.3736 34.87303 360.2371
-501.0863 35.58524 359.8573
-500.3736 34.87304 359.8573
-511.6191 25.04539 359.8573
-510.9065 24.33317 359.8573
-511.6191 25.04539 360.2371
-510.9065 24.33317 360.2371
-510.8458 22.19203 359.2789
-512.4851 22.19203 359.2789
-510.8458 22.19203 360.9012
-512.4851 22.19203 360.9012
-510.8458 36.89272 360.9012
-512.4851 36.89272 360.9012
-510.8458 36.89272 359.2789
-512.4851 36.89272 359.2789
-500.694 36.36363 360.5679
-500.6939 36.36363 359.5934
-500.694 35.39935 360.5678
-500.6939 35.39935 359.5934
-510.9299 35.39935 360.5678
-510.9299 35.39935 359.5934
-510.9299 36.36363 360.5678
-510.9299 36.36363 359.5934
-510.9065 35.58524 360.2933
-511.6191 34.87303 360.2933
-510.9065 35.58524 359.7997
-511.6191 34.87304 359.7997
-500.3736 25.04539 359.7997
-501.0863 24.33317 359.7997
-500.3736 25.04539 360.2933
-501.0863 24.33317 360.2933
-500.694 24.59867 360.5679
-500.6939 24.59867 359.5934
-500.694 23.59892 360.5678
-500.6939 23.59892 359.5934
-510.9299 23.59891 360.5678
-510.9299 23.59891 359.5934
-510.9299 24.59867 360.5678
-510.9299 24.59867 359.5934
-511.458 35.61658 360.7875
-511.458 34.90438 360.0749
-511.8377 35.61658 360.7875
-511.8377 34.90438 360.0749
-511.8377 25.07673 371.8243
-511.8377 24.36451 371.1117
-511.458 25.07673 371.8243
-511.458 24.36451 371.1117
-512.4162 22.22338 371.1762
-512.4162 22.22338 372.8156
-510.7939 22.22337 371.1762
-510.7939 22.22337 372.8156
-510.7939 36.92406 371.1762
-510.7939 36.92406 372.8156
-512.4162 36.92406 371.1762
-512.4162 36.92406 372.8156
-511.1272 35.43069 371.2603
-512.1016 35.43069 371.2603
-511.1272 36.39497 371.2603
-512.1016 36.39497 371.2603
-511.4017 35.61658 371.1117
-511.4017 34.90438 371.8243
-511.8954 35.61658 371.1117
-511.8954 34.90438 371.8243
-511.8954 25.07673 360.0749
-511.8954 24.36451 360.7875
-511.4017 25.07673 360.0749
-511.4017 24.36451 360.7875
-511.1272 23.63026 371.2603
-512.1016 23.63026 371.2603
-511.1272 24.63001 371.2603
-512.1016 24.63001 371.2603
-511.1272 35.43069 359.959
-512.1016 35.43069 359.959
-511.1272 36.39497 359.959
-512.1016 36.39497 359.959
-511.1272 23.63026 359.959
-512.1016 23.63026 359.959
-511.1272 24.63001 359.959
-512.1016 24.63001 359.959
-475.0429 22.19203 359.261
-473.4036 22.19203 359.261
-475.0429 22.19203 360.8833
-473.4036 22.19203 360.8833
-475.0429 36.89272 360.8833
-473.4036 36.89272 360.8833
-475.0429 36.89272 359.261
-473.4036 36.89272 359.261
-473.1624 35.58524 360.2192
-473.875 34.87303 360.2192
-473.1624 35.58524 359.8394
-473.875 34.87304 359.8394
-462.6295 25.04539 359.8394
-463.3422 24.33317 359.8394
-462.6295 25.04539 360.2192
-463.3422 24.33317 360.2192
-463.4028 22.19203 359.261
-461.7635 22.19203 359.261
-463.4028 22.19203 360.8833
-461.7635 22.19203 360.8833
-463.4028 36.89272 360.8833
-461.7635 36.89272 360.8833
-463.4028 36.89272 359.261
-461.7635 36.89272 359.261
-473.6423 36.36363 360.55
-473.6423 36.36363 359.5756
-473.6423 35.39935 360.5499
-473.6423 35.39935 359.5756
-463.3188 35.39935 360.5499
-463.3188 35.39935 359.5756
-463.3188 36.36363 360.5499
-463.3188 36.36363 359.5756
-463.3422 35.58524 360.2755
-462.6295 34.87303 360.2755
-463.3422 35.58524 359.7818
-462.6295 34.87304 359.7818
-473.875 25.04539 359.7818
-473.1624 24.33317 359.7818
-473.875 25.04539 360.2755
-473.1624 24.33317 360.2755
-473.6423 24.59867 360.55
-473.6423 24.59867 359.5756
-473.6423 23.59892 360.5499
-473.6423 23.59892 359.5756
-463.3188 23.59891 360.5499
-463.3188 23.59891 359.5756
-463.3188 24.59867 360.5499
-463.3188 24.59867 359.5756
-462.7906 35.61658 360.7697
-462.7906 34.90438 360.057
-462.4109 35.61658 360.7697
-462.4109 34.90438 360.057
-462.4109 25.07673 371.8065
-462.4109 24.36451 371.0938
-462.7906 25.07673 371.8065
-462.7906 24.36451 371.0938
-461.8324 22.22338 371.1583
-461.8324 22.22338 372.7977
-463.4548 22.22337 371.1583
-463.4548 22.22337 372.7977
-463.4548 36.92406 371.1583
-463.4548 36.92406 372.7977
-461.8324 36.92406 371.1583
-461.8324 36.92406 372.7977
-463.1214 35.43069 371.2424
-462.147 35.43069 371.2424
-463.1214 36.39497 371.2424
-462.147 36.39497 371.2424
-462.8469 35.61658 371.0938
-462.8469 34.90438 371.8065
-462.3532 35.61658 371.0938
-462.3532 34.90438 371.8065
-462.3532 25.07673 360.057
-462.3532 24.36451 360.7697
-462.8469 25.07673 360.057
-462.8469 24.36451 360.7697
-463.1214 23.63026 371.2424
-462.147 23.63026 371.2424
-463.1214 24.63001 371.2424
-462.147 24.63001 371.2424
-463.1214 35.43069 359.9411
-462.147 35.43069 359.9411
-463.1214 36.39497 359.9411
-462.147 36.39497 359.9411
-463.1214 23.63026 359.9411
-462.147 23.63026 359.9411
-463.1214 24.63001 359.9411
-462.147 24.63001 359.9411
-475.0429 22.19203 397.0908
-473.4036 22.19203 397.0908
-475.0429 22.19203 395.4684
-473.4036 22.19203 395.4684
-475.0429 36.89272 395.4684
-473.4036 36.89272 395.4684
-475.0429 36.89272 397.0908
-473.4036 36.89272 397.0908
-473.1624 35.58524 396.1326
-473.875 34.87303 396.1326
-473.1624 35.58524 396.5123
-473.875 34.87304 396.5123
-462.6295 25.04539 396.5123
-463.3422 24.33317 396.5123
-462.6295 25.04539 396.1326
-463.3422 24.33317 396.1326
-463.4028 22.19203 397.0908
-461.7635 22.19203 397.0908
-463.4028 22.19203 395.4684
-461.7635 22.19203 395.4684
-463.4028 36.89272 395.4684
-461.7635 36.89272 395.4684
-463.4028 36.89272 397.0908
-461.7635 36.89272 397.0908
-473.6423 36.36363 395.8018
-473.6423 36.36363 396.7762
-473.6423 35.39935 395.8018
-473.6423 35.39935 396.7762
-463.3188 35.39935 395.8018
-463.3188 35.39935 396.7762
-463.3188 36.36363 395.8018
-463.3188 36.36363 396.7762
-463.3422 35.58524 396.0763
-462.6295 34.87303 396.0763
-463.3422 35.58524 396.5699
-462.6295 34.87304 396.5699
-473.875 25.04539 396.5699
-473.1624 24.33317 396.5699
-473.875 25.04539 396.0763
-473.1624 24.33317 396.0763
-473.6423 24.59867 395.8018
-473.6423 24.59867 396.7762
-473.6423 23.59892 395.8018
-473.6423 23.59892 396.7762
-463.3188 23.59891 395.8018
-463.3188 23.59891 396.7762
-463.3188 24.59867 395.8018
-463.3188 24.59867 396.7762
-462.7906 35.61658 395.5821
-462.7906 34.90438 396.2947
-462.4109 35.61658 395.5821
-462.4109 34.90438 396.2947
-462.4109 25.07673 384.5453
-462.4109 24.36451 385.2579
-462.7906 25.07673 384.5453
-462.7906 24.36451 385.2579
-461.8324 22.22338 385.1934
-461.8324 22.22338 383.5541
-463.4548 22.22337 385.1934
-463.4548 22.22337 383.5541
-463.4548 36.92406 385.1934
-463.4548 36.92406 383.5541
-461.8324 36.92406 385.1934
-461.8324 36.92406 383.5541
-463.1214 35.43069 385.1094
-462.147 35.43069 385.1094
-463.1214 36.39497 385.1094
-462.147 36.39497 385.1094
-462.8469 35.61658 385.2579
-462.8469 34.90438 384.5453
-462.3532 35.61658 385.2579
-462.3532 34.90438 384.5453
-462.3532 25.07673 396.2947
-462.3532 24.36451 395.5821
-462.8469 25.07673 396.2947
-462.8469 24.36451 395.5821
-463.1214 23.63026 385.1094
-462.147 23.63026 385.1094
-463.1214 24.63001 385.1094
-462.147 24.63001 385.1094
-463.1214 35.43069 396.4106
-462.147 35.43069 396.4106
-463.1214 36.39497 396.4106
-462.147 36.39497 396.4106
-463.1214 23.63026 396.4106
-462.147 23.63026 396.4106
-463.1214 24.63001 396.4106
-462.147 24.63001 396.4106
-499.2934 36.89272 394.8491
-500.9327 36.89272 394.8491
-499.2934 36.89272 396.4714
-500.9327 36.89272 396.4714
-500.9327 22.19203 396.4714
-500.9327 36.89272 396.4714
-500.9327 22.19203 394.8491
-500.9327 36.89272 394.8491
-499.2934 36.89272 396.4714
-499.2934 22.19203 396.4714
-499.2934 36.89272 394.8491
-499.2934 22.19203 394.8491
-500.3736 34.87303 395.5132
-500.3736 34.87304 395.893
-510.9065 24.33317 395.5132
-510.9065 24.33317 395.893
-511.6191 25.04539 395.5132
-511.6191 25.04539 395.893
-501.0863 35.58524 395.5132
-501.0863 35.58524 395.893
-510.8458 36.89272 394.8491
-512.4851 36.89272 394.8491
-510.8458 36.89272 396.4714
-512.4851 36.89272 396.4714
-512.4851 22.19203 396.4714
-512.4851 36.89272 396.4714
-512.4851 22.19203 394.8491
-512.4851 36.89272 394.8491
-510.8458 36.89272 396.4714
-510.8458 22.19203 396.4714
-510.8458 36.89272 394.8491
-510.8458 22.19203 394.8491
-500.6939 36.36363 396.1568
-510.9299 36.36363 396.1568
-500.6939 35.39935 396.1568
-510.9299 35.39935 396.1568
-510.9299 36.36363 395.1825
-500.694 36.36363 395.1824
-510.9299 35.39935 395.1825
-500.694 35.39935 395.1825
-511.6191 34.87303 395.4569
-501.0863 24.33317 395.4569
-511.6191 34.87304 395.9506
-501.0863 24.33317 395.9506
-500.3736 25.04539 395.4569
-510.9065 35.58524 395.4569
-500.3736 25.04539 395.9506
-510.9065 35.58524 395.9506
-500.6939 24.59867 396.1568
-510.9299 24.59867 396.1568
-500.6939 23.59892 396.1568
-510.9299 23.59891 396.1568
-510.9299 24.59867 395.1825
-500.694 24.59867 395.1824
-510.9299 23.59891 395.1825
-500.694 23.59892 395.1825
-511.458 34.90438 395.6754
-511.8377 34.90438 395.6754
-511.458 24.36451 384.6386
-511.8377 24.36451 384.6386
-511.458 25.07673 383.9259
-511.8377 25.07673 383.9259
-511.458 35.61658 394.9627
-511.8377 35.61658 394.9627
-510.7939 36.92406 384.5741
-510.7939 36.92406 382.9347
-512.4162 36.92406 384.5741
-512.4162 36.92406 382.9347
-512.4162 22.22338 382.9347
-512.4162 36.92406 382.9347
-510.7939 22.22337 382.9347
-510.7939 36.92406 382.9347
-512.4162 36.92406 384.5741
-512.4162 22.22338 384.5741
-510.7939 36.92406 384.5741
-510.7939 22.22337 384.5741
-511.1272 36.39497 384.49
-511.1272 36.39497 395.7913
-511.4017 34.90438 383.9259
-511.4017 24.36451 394.9627
-511.8954 34.90438 383.9259
-511.8954 24.36451 394.9627
-511.4017 25.07673 395.6754
-511.4017 35.61658 384.6386
-511.8954 25.07673 395.6754
-511.8954 35.61658 384.6386
-511.1272 24.63001 384.49
-511.1272 24.63001 395.7913
-511.1272 35.43069 395.7913
-511.1272 35.43069 384.49
-512.1016 35.43069 395.7913
-512.1016 36.39497 395.7913
-512.1016 35.43069 384.49
-512.1016 36.39497 384.49
-511.1272 23.63026 395.7913
-511.1272 23.63026 384.49
-512.1016 23.63026 395.7913
-512.1016 24.63001 395.7913
-512.1016 23.63026 384.49
-512.1016 24.63001 384.49
-511.458 34.90438 371.9196
-511.458 24.36451 382.9564
-511.8377 34.90438 371.9196
-511.8377 24.36451 382.9564
-511.458 25.07673 383.6691
-511.458 35.61658 372.6323
-511.8377 25.07673 383.6691
-511.8377 35.61658 372.6323
-511.1272 36.39497 383.105
-511.1272 36.39497 371.8037
-511.4017 34.90438 383.6691
-511.8954 34.90438 383.6691
-511.4017 24.36451 372.6323
-511.8954 24.36451 372.6323
-511.4017 25.07673 371.9196
-511.8954 25.07673 371.9196
-511.4017 35.61658 382.9564
-511.8954 35.61658 382.9564
-511.1272 24.63001 383.105
-511.1272 24.63001 371.8037
-511.1272 35.43069 371.8037
-511.1272 35.43069 383.105
-512.1016 35.43069 371.8037
-512.1016 35.43069 383.105
-512.1016 36.39497 371.8037
-512.1016 36.39497 383.105
-511.1272 23.63026 371.8037
-511.1272 23.63026 383.105
-512.1016 23.63026 371.8037
-512.1016 23.63026 383.105
-512.1016 24.63001 371.8037
-512.1016 24.63001 383.105
-499.2934 36.89272 360.9012
-500.9327 36.89272 360.9012
-499.2934 36.89272 359.2789
-500.9327 36.89272 359.2789
-500.9327 22.19203 359.2789
-500.9327 22.19203 360.9012
-500.9327 36.89272 359.2789
-500.9327 36.89272 360.9012
-499.2934 36.89272 359.2789
-499.2934 36.89272 360.9012
-499.2934 22.19203 359.2789
-499.2934 22.19203 360.9012
-500.3736 34.87303 360.2371
-510.9065 24.33317 360.2371
-500.3736 34.87304 359.8573
-510.9065 24.33317 359.8573
-511.6191 25.04539 360.2371
-501.0863 35.58524 360.2371
-511.6191 25.04539 359.8573
-501.0863 35.58524 359.8573
-510.8458 36.89272 360.9012
-512.4851 36.89272 360.9012
-510.8458 36.89272 359.2789
-512.4851 36.89272 359.2789
-512.4851 22.19203 359.2789
-512.4851 22.19203 360.9012
-512.4851 36.89272 359.2789
-512.4851 36.89272 360.9012
-510.8458 36.89272 359.2789
-510.8458 36.89272 360.9012
-510.8458 22.19203 359.2789
-510.8458 22.19203 360.9012
-500.6939 36.36363 359.5934
-500.6939 35.39935 359.5934
-510.9299 36.36363 359.5934
-510.9299 35.39935 359.5934
-510.9299 36.36363 360.5678
-510.9299 35.39935 360.5678
-500.694 36.36363 360.5679
-500.694 35.39935 360.5678
-511.6191 34.87303 360.2933
-511.6191 34.87304 359.7997
-501.0863 24.33317 360.2933
-501.0863 24.33317 359.7997
-500.3736 25.04539 360.2933
-500.3736 25.04539 359.7997
-510.9065 35.58524 360.2933
-510.9065 35.58524 359.7997
-500.6939 24.59867 359.5934
-500.6939 23.59892 359.5934
-510.9299 24.59867 359.5934
-510.9299 23.59891 359.5934
-510.9299 24.59867 360.5678
-510.9299 23.59891 360.5678
-500.694 24.59867 360.5679
-500.694 23.59892 360.5678
-511.458 34.90438 360.0749
-511.458 24.36451 371.1117
-511.8377 34.90438 360.0749
-511.8377 24.36451 371.1117
-511.458 25.07673 371.8243
-511.458 35.61658 360.7875
-511.8377 25.07673 371.8243
-511.8377 35.61658 360.7875
-510.7939 36.92406 371.1762
-510.7939 36.92406 372.8156
-512.4162 36.92406 371.1762
-512.4162 36.92406 372.8156
-512.4162 22.22338 372.8156
-510.7939 22.22337 372.8156
-512.4162 36.92406 372.8156
-510.7939 36.92406 372.8156
-512.4162 36.92406 371.1762
-510.7939 36.92406 371.1762
-512.4162 22.22338 371.1762
-510.7939 22.22337 371.1762
-511.1272 36.39497 371.2603
-511.1272 36.39497 359.959
-511.4017 34.90438 371.8243
-511.8954 34.90438 371.8243
-511.4017 24.36451 360.7875
-511.8954 24.36451 360.7875
-511.4017 25.07673 360.0749
-511.8954 25.07673 360.0749
-511.4017 35.61658 371.1117
-511.8954 35.61658 371.1117
-511.1272 24.63001 371.2603
-511.1272 24.63001 359.959
-511.1272 35.43069 359.959
-511.1272 35.43069 371.2603
-512.1016 35.43069 359.959
-512.1016 35.43069 371.2603
-512.1016 36.39497 359.959
-512.1016 36.39497 371.2603
-511.1272 23.63026 359.959
-511.1272 23.63026 371.2603
-512.1016 23.63026 359.959
-512.1016 23.63026 371.2603
-512.1016 24.63001 359.959
-512.1016 24.63001 371.2603
-475.0429 36.89272 360.8833
-473.4036 36.89272 360.8833
-475.0429 36.89272 359.261
-473.4036 36.89272 359.261
-473.4036 22.19203 359.261
-473.4036 36.89272 359.261
-473.4036 22.19203 360.8833
-473.4036 36.89272 360.8833
-475.0429 36.89272 359.261
-475.0429 22.19203 359.261
-475.0429 36.89272 360.8833
-475.0429 22.19203 360.8833
-473.875 34.87303 360.2192
-473.875 34.87304 359.8394
-463.3422 24.33317 360.2192
-463.3422 24.33317 359.8394
-462.6295 25.04539 360.2192
-462.6295 25.04539 359.8394
-473.1624 35.58524 360.2192
-473.1624 35.58524 359.8394
-463.4028 36.89272 360.8833
-461.7635 36.89272 360.8833
-463.4028 36.89272 359.261
-461.7635 36.89272 359.261
-461.7635 22.19203 359.261
-461.7635 36.89272 359.261
-461.7635 22.19203 360.8833
-461.7635 36.89272 360.8833
-463.4028 36.89272 359.261
-463.4028 22.19203 359.261
-463.4028 36.89272 360.8833
-463.4028 22.19203 360.8833
-473.6423 36.36363 359.5756
-463.3188 36.36363 359.5756
-473.6423 35.39935 359.5756
-463.3188 35.39935 359.5756
-463.3188 36.36363 360.5499
-473.6423 36.36363 360.55
-463.3188 35.39935 360.5499
-473.6423 35.39935 360.5499
-462.6295 34.87303 360.2755
-473.1624 24.33317 360.2755
-462.6295 34.87304 359.7818
-473.1624 24.33317 359.7818
-473.875 25.04539 360.2755
-463.3422 35.58524 360.2755
-473.875 25.04539 359.7818
-463.3422 35.58524 359.7818
-473.6423 24.59867 359.5756
-463.3188 24.59867 359.5756
-473.6423 23.59892 359.5756
-463.3188 23.59891 359.5756
-463.3188 24.59867 360.5499
-473.6423 24.59867 360.55
-463.3188 23.59891 360.5499
-473.6423 23.59892 360.5499
-462.7906 34.90438 360.057
-462.4109 34.90438 360.057
-462.7906 24.36451 371.0938
-462.4109 24.36451 371.0938
-462.7906 25.07673 371.8065
-462.4109 25.07673 371.8065
-462.7906 35.61658 360.7697
-462.4109 35.61658 360.7697
-463.4548 36.92406 371.1583
-463.4548 36.92406 372.7977
-461.8324 36.92406 371.1583
-461.8324 36.92406 372.7977
-461.8324 22.22338 372.7977
-461.8324 36.92406 372.7977
-463.4548 22.22337 372.7977
-463.4548 36.92406 372.7977
-461.8324 36.92406 371.1583
-461.8324 22.22338 371.1583
-463.4548 36.92406 371.1583
-463.4548 22.22337 371.1583
-463.1214 36.39497 371.2424
-463.1214 36.39497 359.9411
-462.8469 34.90438 371.8065
-462.8469 24.36451 360.7697
-462.3532 34.90438 371.8065
-462.3532 24.36451 360.7697
-462.8469 25.07673 360.057
-462.8469 35.61658 371.0938
-462.3532 25.07673 360.057
-462.3532 35.61658 371.0938
-463.1214 24.63001 371.2424
-463.1214 24.63001 359.9411
-463.1214 35.43069 359.9411
-463.1214 35.43069 371.2424
-462.147 35.43069 359.9411
-462.147 36.39497 359.9411
-462.147 35.43069 371.2424
-462.147 36.39497 371.2424
-463.1214 23.63026 359.9411
-463.1214 23.63026 371.2424
-462.147 23.63026 359.9411
-462.147 24.63001 359.9411
-462.147 23.63026 371.2424
-462.147 24.63001 371.2424
-475.0429 36.89272 395.4684
-473.4036 36.89272 395.4684
-475.0429 36.89272 397.0908
-473.4036 36.89272 397.0908
-473.4036 22.19203 397.0908
-473.4036 22.19203 395.4684
-473.4036 36.89272 397.0908
-473.4036 36.89272 395.4684
-475.0429 36.89272 397.0908
-475.0429 36.89272 395.4684
-475.0429 22.19203 397.0908
-475.0429 22.19203 395.4684
-473.875 34.87303 396.1326
-463.3422 24.33317 396.1326
-473.875 34.87304 396.5123
-463.3422 24.33317 396.5123
-462.6295 25.04539 396.1326
-473.1624 35.58524 396.1326
-462.6295 25.04539 396.5123
-473.1624 35.58524 396.5123
-463.4028 36.89272 395.4684
-461.7635 36.89272 395.4684
-463.4028 36.89272 397.0908
-461.7635 36.89272 397.0908
-461.7635 22.19203 397.0908
-461.7635 22.19203 395.4684
-461.7635 36.89272 397.0908
-461.7635 36.89272 395.4684
-463.4028 36.89272 397.0908
-463.4028 36.89272 395.4684
-463.4028 22.19203 397.0908
-463.4028 22.19203 395.4684
-473.6423 36.36363 396.7762
-473.6423 35.39935 396.7762
-463.3188 36.36363 396.7762
-463.3188 35.39935 396.7762
-463.3188 36.36363 395.8018
-463.3188 35.39935 395.8018
-473.6423 36.36363 395.8018
-473.6423 35.39935 395.8018
-462.6295 34.87303 396.0763
-462.6295 34.87304 396.5699
-473.1624 24.33317 396.0763
-473.1624 24.33317 396.5699
-473.875 25.04539 396.0763
-473.875 25.04539 396.5699
-463.3422 35.58524 396.0763
-463.3422 35.58524 396.5699
-473.6423 24.59867 396.7762
-473.6423 23.59892 396.7762
-463.3188 24.59867 396.7762
-463.3188 23.59891 396.7762
-463.3188 24.59867 395.8018
-463.3188 23.59891 395.8018
-473.6423 24.59867 395.8018
-473.6423 23.59892 395.8018
-462.7906 34.90438 396.2947
-462.7906 24.36451 385.2579
-462.4109 34.90438 396.2947
-462.4109 24.36451 385.2579
-462.7906 25.07673 384.5453
-462.7906 35.61658 395.5821
-462.4109 25.07673 384.5453
-462.4109 35.61658 395.5821
-463.4548 36.92406 385.1934
-463.4548 36.92406 383.5541
-461.8324 36.92406 385.1934
-461.8324 36.92406 383.5541
-461.8324 22.22338 383.5541
-463.4548 22.22337 383.5541
-461.8324 36.92406 383.5541
-463.4548 36.92406 383.5541
-461.8324 36.92406 385.1934
-463.4548 36.92406 385.1934
-461.8324 22.22338 385.1934
-463.4548 22.22337 385.1934
-463.1214 36.39497 385.1094
-463.1214 36.39497 396.4106
-462.8469 34.90438 384.5453
-462.3532 34.90438 384.5453
-462.8469 24.36451 395.5821
-462.3532 24.36451 395.5821
-462.8469 25.07673 396.2947
-462.3532 25.07673 396.2947
-462.8469 35.61658 385.2579
-462.3532 35.61658 385.2579
-463.1214 24.63001 385.1094
-463.1214 24.63001 396.4106
-463.1214 35.43069 396.4106
-463.1214 35.43069 385.1094
-462.147 35.43069 396.4106
-462.147 35.43069 385.1094
-462.147 36.39497 396.4106
-462.147 36.39497 385.1094
-463.1214 23.63026 396.4106
-463.1214 23.63026 385.1094
-462.147 23.63026 396.4106
-462.147 23.63026 385.1094
-462.147 24.63001 396.4106
-462.147 24.63001 385.1094
</float_array>
          <technique_common>
            <accessor source="#o_b_koyasaku02_0-lib-Position-array" count="816" stride="3">
              <param name="X" type="float" />
              <param name="Y" type="float" />
              <param name="Z" type="float" />
            </accessor>
          </technique_common>
        </source>
        <source id="o_b_koyasaku02_0-lib-Normal0">
          <float_array id="o_b_koyasaku02_0-lib-Normal0-array" count="2448">
0.000017 0 1
0.000017 0 1
0.000007999999 0 -1
0.000007999999 0 -1
0.000007999999 0 -1
0.000007999999 0 -1
0 1 0
0 1 0
0.000004999999 0 -1
0.000007 0 -1
-0.000017 0 1
0 0 1
0 0 1
0.000018 0 1
0.000007 0 -1
0.000009 0 -1
0.000017 0 1
0.000017 0 1
0.000007999999 0 -1
0.000007999999 0 -1
0.000007999999 0 -1
0.000007999999 0 -1
0 1 0
0 1 0
0 1 -0.000001
0 1 -0.000001
0 -1 -0.000001
0 -1 0.000001
0 -1 -0.000003
0 -1 -0.000001
0 1 -0.000001
0 1 -0.000001
0.000013 0 -1
0.000001 0 -1
0 0 1
0.000002 0 1
0.000002 0 1
0.000004 0 1
0.000001 0 -1
-0.000011 0 -1
0 1 0.000001
0 1 0.000001
0 -1 0.000001
0 -1 0.000001
0 -1 0.000001
0 -1 0.000001
0 1 0.000001
0 1 0.000001
1 -0.00003 0
1 -0.000029 0
-1 -0.000006 0
-1 0.000009 0
-1 -0.000021 0
-1 -0.000006 0
1 -0.000031 0
1 -0.00003 0
-1 0 0
-1 0.000002 0
1 0.000001 0
1 0 0
1 0 0
1 -0.000001 0
0 1 -0.000001
0 1 -0.000001
1 0 0
0 -1 0
0 1 0
0 1 0
1 0.000015 0
1 0.000021 0
-1 -0.000024 0
-1 -0.000024 0
-1 -0.000023 0
-1 -0.000024 0
1 0.000009999999 0
1 0.000015 0
1 0 0
0 -1 0
0 1 0
0 1 0
1 -0.000028 0
0 -1 0
0 1 0
0 1 0
1 -0.000027 0
0 -1 0
0 1 0
0 1 0
1 0.00003 0
1 0.000031 0
-1 0.000004999999 0
-1 -0.000009999999 0
-1 0.000019 0
-1 0.000004999999 0
1 0.000029 0
1 0.00003 0
1 0 0
0 -1 0
0 1 0
0 1 0
1 -0.000009 0
1 -0.000009999999 0
-1 0.000013 0
-1 0.000023 0
-1 0.000003 0
-1 0.000013 0
1 -0.000009 0
1 -0.000009 0
1 0 0
0 -1 0
0 1 0
0 1 0
1 0.000028 0
0 -1 0
0 1 0
0 1 0
1 0.000027 0
0 -1 0
0 1 0
0 1 0
0.000003 0 -1
0.000003 0 -1
0.000007 0 1
0.000007 0 1
0.000007 0 1
0.000007 0 1
0 1 0
0 1 0
-0.000006 0 1
-0.000004999999 0 1
-0.000015 0 -1
-0.000004 0 -1
-0.000004 0 -1
0.000007 0 -1
-0.000004999999 0 1
-0.000003 0 1
0.000003 0 -1
0.000003 0 -1
0.000007 0 1
0.000007 0 1
0.000007 0 1
0.000007 0 1
0 1 0
0 1 0
0 1 0
0 1 0.000001
0 -1 -0.000001
0 -1 0.000001
0 -1 -0.000003
0 -1 -0.000001
0 1 -0.000001
0 1 0
-0.000027 0 1
-0.000012 0 1
0 0 -1
0.000004 0 -1
0.000004 0 -1
0.000009 0 -1
-0.000012 0 1
0.000003 0 1
0 1 0.000001
0 1 0.000001
0 -1 0.000001
0 -1 0.000001
0 -1 0.000001
0 -1 0.000001
0 1 0.000001
0 1 0.000001
1 0.00003 0
1 0.000031 0
-1 0.000004999999 0
-1 -0.000009999999 0
-1 0.000019 0
-1 0.000004999999 0
1 0.000029 0
1 0.00003 0
-1 0 0
-1 -0.000002 0
1 -0.000001 0
1 0 0
1 0 0
1 0.000001 0
0 1 -0.000001
0 1 -0.000001
1 0 0
0 -1 0
0 1 0
0 1 0
1 -0.000009 0
1 -0.000009999999 0
-1 0.000013 0
-1 0.000023 0
-1 0.000003 0
-1 0.000013 0
1 -0.000009 0
1 -0.000009 0
1 0 0
0 -1 0
0 1 0
0 1 0
1 0.000028 0
0 -1 0
0 1 0
0 1 0
1 0.000027 0
0 -1 0
0 1 0
0 1 0
0.00002 0 -1
0.00002 0 -1
-0.000009 0 1
-0.000009 0 1
-0.000009 0 1
-0.000009 0 1
0 1 0
0 1 0
-0.000004999999 0 1
-0.000002 0 1
-0.000014 0 -1
-0.000001 0 -1
-0.000001 0 -1
0.000012 0 -1
-0.000002 0 1
0.000001 0 1
0.00002 0 -1
0.00002 0 -1
-0.000009 0 1
-0.000009 0 1
-0.000009 0 1
-0.000009 0 1
0 1 0
0 1 0
0 1 0.000001
0 1 0.000001
0 -1 0.000001
0 -1 0.000002
0 -1 0
0 -1 0.000001
0 1 0.000001
0 1 0.000001
0.000019 0 1
0.000009999999 0 1
0 0 -1
-0.000001 0 -1
-0.000001 0 -1
-0.000001 0 -1
0.000009999999 0 1
0 0 1
0 1 0.000001
0 1 0.000001
0 -1 -0.000001
0 -1 -0.000001
0 -1 -0.000001
0 -1 -0.000001
0 1 0.000001
0 1 0.000001
-1 -0.000002 0
-1 0.000023 0
1 -0.000011 0
1 -0.000004 0
1 -0.000018 0
1 -0.000011 0
-1 -0.000027 0
-1 -0.000002 0
1 0 0
1 0.000001 0
-1 0.000001 0
-1 0 0
-1 0 0
-1 -0.000001 0
0 1 0.000001
0 1 0.000001
-1 0 0
0 -1 0
0 1 0
0 1 0
-1 0.000007999999 0
-1 0.000009 0
1 -0.00002 0
1 -0.00002 0
1 -0.00002 0
1 -0.00002 0
-1 0.000007 0
-1 0.000007999999 0
-1 0 0
0 -1 0
0 1 0
0 1 0
-1 0.00002 0
0 -1 0
0 1 0
0 1 0
-1 0.000019 0
0 -1 0
0 1 0
0 1 0
-0.00002 0 1
-0.00002 0 1
0.000004 0 -1
0.000004 0 -1
0.000004 0 -1
0.000004 0 -1
0 1 0
0 1 0
-0.000003 0 -1
-0.000004999999 0 -1
-0.000029 0 1
-0.000012 0 1
-0.000012 0 1
0.000004 0 1
-0.000004999999 0 -1
-0.000007 0 -1
-0.00002 0 1
-0.00002 0 1
0.000004 0 -1
0.000004 0 -1
0.000004 0 -1
0.000004 0 -1
0 1 0
0 1 0
0 1 0
0 1 -0.000001
0 -1 0.000001
0 -1 0.000002
0 -1 0
0 -1 0.000001
0 1 0.000001
0 1 0
0.000017 0 -1
0.000007999999 0 -1
-0.000009 0 1
-0.000004 0 1
-0.000004 0 1
0.000001 0 1
0.000007999999 0 -1
0 0 -1
0 1 0.000001
0 1 0
0 -1 -0.000001
0 -1 -0.000001
0 -1 -0.000001
0 -1 -0.000001
0 1 0.000001
0 1 0.000001
-1 0.000002 0
-1 -0.000021 0
1 0.000011 0
1 0.000002 0
1 0.00002 0
1 0.000011 0
-1 0.000026 0
-1 0.000002 0
1 0 0
1 -0.000001 0
-1 -0.000001 0
-1 0 0
-1 0 0
-1 0.000001 0
0 1 0.000001
0 1 0.000001
-1 0 0
0 -1 0
0 1 0
0 1 0
-1 -0.000006 0
-1 -0.000007 0
1 0.000006 0
1 0.00002 0
1 -0.000007999999 0
1 0.000006 0
-1 -0.000004999999 0
-1 -0.000006 0
-1 0 0
0 -1 0
0 1 0
0 1 0
-1 -0.00002 0
0 -1 0
0 1 0
0 1 0
-1 -0.000019 0
0 -1 0
0 1 0
0 1 0
0 1 0
0 1 0
0.000017 0 1
0.000017 0 1
-1 -0.000002 0
-1 -0.000002 0
-1 -0.000002 0
-1 -0.000002 0
1 -0.000002 0
1 -0.000002 0
1 -0.000002 0
1 -0.000002 0
0.707322 -0.706892 0.000019
0.707327 -0.7068861 0.000012
0.707327 -0.7068861 0.000012
0.707332 -0.7068809 0.000004999999
-0.7073771 0.7068361 -0.000001
-0.707347 0.7068671 -0.000001
-0.707347 0.7068671 -0.000001
-0.707316 0.7068971 -0.000001
0 1 0
0 1 0
0.000017 0 1
0.000017 0 1
-1 0.000001 0
-1 0.000001 0
-1 0.000001 0
-1 0.000001 0
1 0 0
1 0 0
1 0 0
1 0 0
-0.000003 0 1
-0.000003 0 1
-0.000003 0 1
-0.000003 0 1
-0.000004 0 -1
-0.000001 -0.000032 -1
-0.000001 -0.000032 -1
0.000002 -0.000063 -1
-0.707331 -0.706882 0.000013
-0.707343 -0.7068709 0.000007999999
-0.707343 -0.7068709 0.000007999999
-0.7073539 -0.706859 0.000004
0.707355 0.706858 0.000001
0.707349 0.706865 0
0.707349 0.706865 0
0.707342 0.7068709 -0.000001
0 0 1
0 0 1
0 0 1
0 0 1
-0.000003 0 -1
0 -0.000031 -1
0 -0.000031 -1
0.000003 -0.000061 -1
-0.000077 -0.723169 0.690671
-0.000077 -0.723171 0.690669
-0.000077 -0.723171 0.690669
-0.000077 -0.723174 0.6906661
-0.000021 0.723169 -0.690671
-0.000021 0.723172 -0.690668
-0.000021 0.723172 -0.690668
-0.000021 0.723174 -0.6906661
0 1 -0.000001
0 1 -0.000001
-1 -0.000002 0
-1 0 0
0.000007999999 0 -1
0.000009999999 0 -1
0.000009999999 0 -1
0.000013 0 -1
0.000004 0 1
0 0 1
0 0 1
-0.000004 0 1
1 0.000028 0
1 0 0
0.00006199999 -0.72321 -0.6906279
0 -0.723194 -0.690645
0 -0.723194 -0.690645
-0.00006199999 -0.723178 -0.690662
-0.000027 0.7232111 0.6906279
0 0.723195 0.690644
0 0.723195 0.690644
0.000027 0.723178 0.690661
1 0.000027 0
1 0 0
0 -1 0
0 -1 0
-1 0.000096 0
-1 0.00006499999 0.000003
-1 0.00006499999 0.000003
-1 0.000033 0.000004999999
0 -1 0
0 -1 0
-1 0.000093 0
-1 0.000063 0.000003
-1 0.000063 0.000003
-1 0.000032 0.000004999999
0.00002 -0.723237 -0.6906
0.00002 -0.723235 -0.690602
0.00002 -0.723235 -0.690602
0.00002 -0.723232 -0.690605
-0.000004 0.723238 0.690599
-0.000004 0.723235 0.690602
-0.000004 0.723235 0.690602
-0.000004 0.7232329 0.690604
1 -0.000028 0
1 0 0
0.000024 -0.723184 0.690655
0 -0.7232011 0.6906379
0 -0.7232011 0.6906379
-0.000024 -0.723217 0.690621
0.000007999999 0.7231849 -0.690655
0 0.7232011 -0.6906379
0 0.7232011 -0.6906379
-0.000007999999 0.723217 -0.690621
1 -0.000027 0
1 0 0
0 -1 0
0 -1 0
-1 0.000056 0
-1 0.000012 -0.000003
-1 0.000012 -0.000003
-1 -0.000033 -0.000004999999
0 -1 0
0 -1 0
-1 0.000054 0
-1 0.000011 -0.000003
-1 0.000011 -0.000003
-1 -0.000032 -0.000004999999
0 1 0
0 1 0
0.000003 0 -1
0.000003 0 -1
-1 0.000002 0
-1 0.000002 0
-1 0.000002 0
-1 0.000002 0
1 0.000002 0
1 0.000002 0
1 0.000002 0
1 0.000002 0
0.707359 -0.706854 -0.000016
0.707361 -0.706853 -0.000006
0.707361 -0.706853 -0.000006
0.707362 -0.7068511 0.000004999999
-0.707334 0.706879 -0.000001
-0.707342 0.706872 -0.000001
-0.707342 0.706872 -0.000001
-0.707349 0.7068639 -0.000001
0 1 0
0 1 0
0.000003 0 -1
0.000003 0 -1
-1 -0.000001 0
-1 -0.000001 0
-1 -0.000001 0
-1 -0.000001 0
1 0 0
1 0 0
1 0 0
1 0 0
0.000001 0 -1
0.000001 0 -1
0.000001 0 -1
0.000001 0 -1
-0.000003 0 1
-0.000003 -0.000032 1
-0.000003 -0.000032 1
-0.000003 -0.000063 1
-0.707353 -0.706861 -0.000015
-0.707356 -0.706858 -0.000004999999
-0.707356 -0.706858 -0.000004999999
-0.707359 -0.706855 0.000004
0.707338 0.7068761 0.000001
0.707343 0.70687 0
0.707343 0.70687 0
0.707348 0.706865 -0.000001
0.000001 0 -1
0 0 -1
0 0 -1
-0.000002 0 -1
-0.000009 0 1
-0.000007 -0.000031 1
-0.000007 -0.000031 1
-0.000004999999 -0.000061 1
0.000038 -0.723237 -0.6906
0.000038 -0.723235 -0.690602
0.000038 -0.723235 -0.690602
0.000038 -0.723232 -0.690605
0.000033 0.723238 0.690599
0.000033 0.723235 0.690602
0.000033 0.723235 0.690602
0.000033 0.7232329 0.690604
0 1 -0.000001
0 1 -0.000001
-1 0.000002 0
-1 0 0
0.000015 0 1
0.000013 0 1
0.000013 0 1
0.000011 0 1
0.000014 0 -1
0 0 -1
0 0 -1
-0.000014 0 -1
1 -0.000028 0
1 0 0
-0.000028 -0.723184 0.690655
0 -0.7232011 0.6906379
0 -0.7232011 0.6906379
0.000028 -0.723217 0.690621
-0.000028 0.7231849 -0.690655
0 0.7232011 -0.6906379
0 0.7232011 -0.6906379
0.000028 0.723217 -0.690621
1 -0.000027 0
1 0 0
0 -1 0
0 -1 0
-1 0.000056 0
-1 0.000012 -0.000003
-1 0.000012 -0.000003
-1 -0.000033 -0.000004999999
0 -1 0
0 -1 0
-1 0.000054 0
-1 0.000011 -0.000003
-1 0.000011 -0.000003
-1 -0.000032 -0.000004999999
0 1 0
0 1 0
0.00002 0 -1
0.00002 0 -1
1 0.000001 0
1 0.000001 0
1 0.000001 0
1 0.000001 0
-1 0.000002 0
-1 0.000002 0
-1 0.000002 0
-1 0.000002 0
-0.707352 -0.706861 -0.000019
-0.70735 -0.7068639 -0.000012
-0.70735 -0.7068639 -0.000012
-0.707347 -0.706866 -0.000004999999
0.707332 0.706882 0.000001
0.7073451 0.706868 0.000001
0.7073451 0.706868 0.000001
0.707359 0.706854 0.000001
0 1 0
0 1 0
0.00002 0 -1
0.00002 0 -1
1 0.000002 0
1 0.000002 0
1 0.000002 0
1 0.000002 0
-1 -0.000002 0
-1 -0.000002 0
-1 -0.000002 0
-1 -0.000002 0
0.000002 0 -1
0.000002 0 -1
0.000002 0 -1
0.000002 0 -1
0.000003 0 1
0 -0.000032 1
0 -0.000032 1
-0.000003 -0.000063 1
0.707342 -0.706872 -0.000013
0.707337 -0.7068761 -0.000007999999
0.707337 -0.7068761 -0.000007999999
0.7073329 -0.70688 -0.000004
-0.707356 0.7068571 -0.000001
-0.70735 0.7068639 0
-0.70735 0.7068639 0
-0.707343 0.70687 0.000001
0 0 -1
0 0 -1
0 0 -1
0 0 -1
0.000007999999 0 1
0.000004999999 -0.000031 1
0.000004999999 -0.000031 1
0.000002 -0.000061 1
0.000041 -0.723173 -0.690667
0.000041 -0.7231761 -0.6906639
0.000041 -0.7231761 -0.6906639
0.000041 -0.723178 -0.690662
0.00003 0.723173 0.6906661
0.00003 0.7231761 0.6906639
0.00003 0.7231761 0.6906639
0.00003 0.723179 0.690661
0 1 0.000001
0 1 0.000001
1 -0.000001 0
1 0 0
-0.000002 0 1
-0.000007999999 0 1
-0.000007999999 0 1
-0.000013 0 1
-0.000009999999 0 -1
0 0 -1
0 0 -1
0.000009999999 0 -1
-1 -0.00002 0
-1 0 0
-0.000025 -0.723207 0.690631
0 -0.723194 0.690645
0 -0.723194 0.690645
0.000025 -0.723181 0.690658
-0.000031 0.723207 -0.690631
0 0.723194 -0.690644
0 0.723194 -0.690644
0.000031 0.723182 -0.690658
-1 -0.000019 0
-1 0 0
0 -1 0
0 -1 0
1 0.000055 0
1 0.000039 -0.000001
1 0.000039 -0.000001
1 0.000023 -0.000003
0 -1 0
0 -1 0
1 0.000053 0
1 0.000038 -0.000001
1 0.000038 -0.000001
1 0.000022 -0.000003
0 1 0
0 1 0
-0.00002 0 1
-0.00002 0 1
1 -0.000001 0
1 -0.000001 0
1 -0.000001 0
1 -0.000001 0
-1 -0.000002 0
-1 -0.000002 0
-1 -0.000002 0
-1 -0.000002 0
-0.7073171 -0.7068971 0.000016
-0.707313 -0.706901 0.000006
-0.707313 -0.706901 0.000006
-0.7073089 -0.706905 -0.000004999999
0.707348 0.706865 0.000001
0.7073351 0.706879 0.000001
0.7073351 0.706879 0.000001
0.707321 0.706892 0.000001
0 1 0
0 1 0
-0.00002 0 1
-0.00002 0 1
1 -0.000002 0
1 -0.000002 0
1 -0.000002 0
1 -0.000002 0
-1 0.000002 0
-1 0.000002 0
-1 0.000002 0
-1 0.000002 0
0.000002 0 1
0.000002 0 1
0.000002 0 1
0.000002 0 1
0.000006 0 -1
0.000003 -0.000032 -1
0.000003 -0.000032 -1
0 -0.000063 -1
0.707349 -0.7068639 0.000015
0.707349 -0.706865 0.000004999999
0.707349 -0.706865 0.000004999999
0.707348 -0.706866 -0.000004
-0.7073261 0.706888 -0.000001
-0.707342 0.7068709 0
-0.707342 0.7068709 0
-0.7073579 0.706855 0.000001
0 0 1
0.000001 0 1
0.000001 0 1
0.000001 0 1
0.000007999999 0 -1
0.000004999999 -0.000031 -1
0.000004999999 -0.000031 -1
0.000001 -0.000061 -1
0.00006399999 -0.7232329 0.690604
0.00006399999 -0.723231 0.6906071
0.00006399999 -0.723231 0.6906071
0.00006399999 -0.723228 0.690609
0.000003 0.7232329 -0.690604
0.000003 0.723231 -0.690606
0.000003 0.723231 -0.690606
0.000003 0.723228 -0.690609
0 1 0.000001
0 1 0.000001
1 0.000001 0
1 0 0
0.000004 0 -1
0.000009999999 0 -1
0.000009999999 0 -1
0.000016 0 -1
0.000007999999 0 1
0 0 1
0 0 1
-0.000007999999 0 1
-1 0.00002 0
-1 0 0
0.000041 -0.723188 -0.6906511
0 -0.7232011 -0.6906379
0 -0.7232011 -0.6906379
-0.000041 -0.7232131 -0.690625
-0.000007999999 0.723188 0.6906511
0 0.7232011 0.6906379
0 0.7232011 0.6906379
0.000007999999 0.723214 0.6906239
-1 0.000019 0
-1 0 0
0 -1 0
0 -1 0
1 0.000066 0
1 0.000022 0.000001
1 0.000022 0.000001
1 -0.000023 0.000003
0 -1 0
0 -1 0
1 0.00006399999 0
1 0.000021 0.000001
1 0.000021 0.000001
1 -0.000022 0.000003
</float_array>
          <technique_common>
            <accessor source="#o_b_koyasaku02_0-lib-Normal0-array" count="816" stride="3">
              <param name="X" type="float" />
              <param name="Y" type="float" />
              <param name="Z" type="float" />
            </accessor>
          </technique_common>
        </source>
        <source id="o_b_koyasaku02_0-lib-UV0">
          <float_array id="o_b_koyasaku02_0-lib-UV0-array" count="1632">
0.453171 1.007685
0.34282 1.007685
0.123565 1.007685
0.233919 1.007685
0.123565 1.994376
0.233919 1.994376
0.993495 1.990553
0.993495 1.819327
0.614868 1.994376
0.6637 1.994376
0.747296 1.994376
0.698465 1.994376
0.747296 1.007685
0.698465 1.007685
0.614868 1.007685
0.6637 1.007685
0.453171 1.007685
0.34282 1.007685
0.123565 1.007685
0.233919 1.007685
0.123565 1.994376
0.233919 1.994376
0.993495 1.990553
0.993495 1.819327
0.529446 1.992544
0.562394 1.992546
0.496931 1.992544
0.463982 1.992546
0.496931 1.003745
0.463982 1.003745
0.529447 1.003745
0.562395 1.003745
0.614868 1.994376
0.6637 1.994376
0.747296 1.994376
0.698465 1.994376
0.747296 1.007685
0.698465 1.007685
0.614868 1.007685
0.6637 1.007685
0.529446 1.992544
0.562394 1.992546
0.496931 1.992544
0.463982 1.992546
0.496931 1.003745
0.463982 1.003745
0.529447 1.003745
0.562395 1.003745
0.614868 1.994376
0.6637 1.994376
0.747296 1.994376
0.698465 1.994376
0.747296 1.007685
0.698465 1.007685
0.614868 1.007685
0.6637 1.007685
0.453171 1.007685
0.34282 1.007685
0.123565 1.007685
0.233919 1.007685
0.123565 1.994376
0.233919 1.994376
0.993495 1.990553
0.993495 1.819327
0.496931 1.003745
0.463982 1.003745
0.529447 1.003745
0.562395 1.003745
0.614868 1.994376
0.6637 1.994376
0.747296 1.994376
0.698465 1.994376
0.747296 1.007685
0.698465 1.007685
0.614868 1.007685
0.6637 1.007685
0.496931 1.003745
0.463982 1.003745
0.529447 1.003745
0.562395 1.003745
0.496931 1.51141
0.463982 1.51141
0.529446 1.51141
0.562395 1.51141
0.496931 1.51141
0.463982 1.51141
0.529446 1.51141
0.562395 1.51141
0.614868 1.994376
0.6637 1.994376
0.747296 1.994376
0.698465 1.994376
0.747296 1.007685
0.698465 1.007685
0.614868 1.007685
0.6637 1.007685
0.496931 1.003745
0.463982 1.003745
0.529447 1.003745
0.562395 1.003745
0.614868 1.994376
0.6637 1.994376
0.747296 1.994376
0.698465 1.994376
0.747296 1.007685
0.698465 1.007685
0.614868 1.007685
0.6637 1.007685
0.496931 1.003745
0.463982 1.003745
0.529447 1.003745
0.562395 1.003745
0.496931 1.51141
0.463982 1.51141
0.529446 1.51141
0.562395 1.51141
0.496931 1.51141
0.463982 1.51141
0.529446 1.51141
0.562395 1.51141
0.453171 1.007685
0.34282 1.007685
0.123565 1.007685
0.233919 1.007685
0.123565 1.994376
0.233919 1.994376
0.993495 1.990553
0.993495 1.819327
0.614868 1.994376
0.6637 1.994376
0.747296 1.994376
0.698465 1.994376
0.747296 1.007685
0.698465 1.007685
0.614868 1.007685
0.6637 1.007685
0.453171 1.007685
0.34282 1.007685
0.123565 1.007685
0.233919 1.007685
0.123565 1.994376
0.233919 1.994376
0.993495 1.990553
0.993495 1.819327
0.529446 1.992544
0.562394 1.992546
0.496931 1.992544
0.463982 1.992546
0.496931 1.003745
0.463982 1.003745
0.529447 1.003745
0.562395 1.003745
0.614868 1.994376
0.6637 1.994376
0.747296 1.994376
0.698465 1.994376
0.747296 1.007685
0.698465 1.007685
0.614868 1.007685
0.6637 1.007685
0.529446 1.992544
0.562394 1.992546
0.496931 1.992544
0.463982 1.992546
0.496931 1.003745
0.463982 1.003745
0.529447 1.003745
0.562395 1.003745
0.614868 1.994376
0.6637 1.994376
0.747296 1.994376
0.698465 1.994376
0.747296 1.007685
0.698465 1.007685
0.614868 1.007685
0.6637 1.007685
0.453171 1.007685
0.34282 1.007685
0.123565 1.007685
0.233919 1.007685
0.123565 1.994376
0.233919 1.994376
0.993495 1.990553
0.993495 1.819327
0.496931 1.003745
0.463982 1.003745
0.529447 1.003745
0.562395 1.003745
0.614868 1.994376
0.6637 1.994376
0.747296 1.994376
0.698465 1.994376
0.747296 1.007685
0.698465 1.007685
0.614868 1.007685
0.6637 1.007685
0.496931 1.003745
0.463982 1.003745
0.529447 1.003745
0.562395 1.003745
0.496931 1.51141
0.463982 1.51141
0.529446 1.51141
0.562395 1.51141
0.496931 1.51141
0.463982 1.51141
0.529446 1.51141
0.562395 1.51141
0.453171 1.007685
0.34282 1.007685
0.123565 1.007685
0.233919 1.007685
0.123565 1.994376
0.233919 1.994376
0.993495 1.990553
0.993495 1.819327
0.614868 1.994376
0.6637 1.994376
0.747296 1.994376
0.698465 1.994376
0.747296 1.007685
0.698465 1.007685
0.614868 1.007685
0.6637 1.007685
0.453171 1.007685
0.34282 1.007685
0.123565 1.007685
0.233919 1.007685
0.123565 1.994376
0.233919 1.994376
0.993495 1.990553
0.993495 1.819327
0.529446 1.992544
0.562394 1.992546
0.496931 1.992544
0.463982 1.992546
0.496931 1.003745
0.463982 1.003745
0.529447 1.003745
0.562395 1.003745
0.614868 1.994376
0.6637 1.994376
0.747296 1.994376
0.698465 1.994376
0.747296 1.007685
0.698465 1.007685
0.614868 1.007685
0.6637 1.007685
0.529446 1.992544
0.562394 1.992546
0.496931 1.992544
0.463982 1.992546
0.496931 1.003745
0.463982 1.003745
0.529447 1.003745
0.562395 1.003745
0.614868 1.994376
0.6637 1.994376
0.747296 1.994376
0.698465 1.994376
0.747296 1.007685
0.698465 1.007685
0.614868 1.007685
0.6637 1.007685
0.453171 1.007685
0.34282 1.007685
0.123565 1.007685
0.233919 1.007685
0.123565 1.994376
0.233919 1.994376
0.993495 1.990553
0.993495 1.819327
0.496931 1.003745
0.463982 1.003745
0.529447 1.003745
0.562395 1.003745
0.614868 1.994376
0.6637 1.994376
0.747296 1.994376
0.698465 1.994376
0.747296 1.007685
0.698465 1.007685
0.614868 1.007685
0.6637 1.007685
0.496931 1.003745
0.463982 1.003745
0.529447 1.003745
0.562395 1.003745
0.496931 1.51141
0.463982 1.51141
0.529446 1.51141
0.562395 1.51141
0.496931 1.51141
0.463982 1.51141
0.529446 1.51141
0.562395 1.51141
0.453171 1.007685
0.34282 1.007685
0.123565 1.007685
0.233919 1.007685
0.123565 1.994376
0.233919 1.994376
0.993495 1.990553
0.993495 1.819327
0.614868 1.994376
0.6637 1.994376
0.747296 1.994376
0.698465 1.994376
0.747296 1.007685
0.698465 1.007685
0.614868 1.007685
0.6637 1.007685
0.453171 1.007685
0.34282 1.007685
0.123565 1.007685
0.233919 1.007685
0.123565 1.994376
0.233919 1.994376
0.993495 1.990553
0.993495 1.819327
0.529446 1.992544
0.562394 1.992546
0.496931 1.992544
0.463982 1.992546
0.496931 1.003745
0.463982 1.003745
0.529447 1.003745
0.562395 1.003745
0.614868 1.994376
0.6637 1.994376
0.747296 1.994376
0.698465 1.994376
0.747296 1.007685
0.698465 1.007685
0.614868 1.007685
0.6637 1.007685
0.529446 1.992544
0.562394 1.992546
0.496931 1.992544
0.463982 1.992546
0.496931 1.003745
0.463982 1.003745
0.529447 1.003745
0.562395 1.003745
0.614868 1.994376
0.6637 1.994376
0.747296 1.994376
0.698465 1.994376
0.747296 1.007685
0.698465 1.007685
0.614868 1.007685
0.6637 1.007685
0.453171 1.007685
0.34282 1.007685
0.123565 1.007685
0.233919 1.007685
0.123565 1.994376
0.233919 1.994376
0.993495 1.990553
0.993495 1.819327
0.496931 1.003745
0.463982 1.003745
0.529447 1.003745
0.562395 1.003745
0.614868 1.994376
0.6637 1.994376
0.747296 1.994376
0.698465 1.994376
0.747296 1.007685
0.698465 1.007685
0.614868 1.007685
0.6637 1.007685
0.496931 1.003745
0.463982 1.003745
0.529447 1.003745
0.562395 1.003745
0.496931 1.51141
0.463982 1.51141
0.529446 1.51141
0.562395 1.51141
0.496931 1.51141
0.463982 1.51141
0.529446 1.51141
0.562395 1.51141
0.793026 1.990553
0.793026 1.819327
0.453171 1.994376
0.34282 1.994376
0.34282 1.007685
0.34282 1.994376
0.233919 1.007685
0.233919 1.994376
0.014666 1.994376
0.014666 1.007685
0.123565 1.994376
0.123565 1.007685
0.6637 1.994376
0.698465 1.994376
0.6637 1.007685
0.698465 1.007685
0.782061 1.007685
0.747296 1.007685
0.782061 1.994376
0.747296 1.994376
0.793026 1.990553
0.793026 1.819327
0.453171 1.994376
0.34282 1.994376
0.34282 1.007685
0.34282 1.994376
0.233919 1.007685
0.233919 1.994376
0.014666 1.994376
0.014666 1.007685
0.123565 1.994376
0.123565 1.007685
0.562394 1.992546
0.562395 1.003745
0.594909 1.992546
0.594909 1.003745
0.529447 1.003745
0.529446 1.992544
0.496931 1.003745
0.496931 1.992544
0.6637 1.994376
0.6637 1.007685
0.698465 1.994376
0.698465 1.007685
0.782061 1.007685
0.782061 1.994376
0.747296 1.007685
0.747296 1.994376
0.562394 1.992546
0.562395 1.003745
0.594909 1.992546
0.594909 1.003745
0.529447 1.003745
0.529446 1.992544
0.496931 1.003745
0.496931 1.992544
0.6637 1.994376
0.698465 1.994376
0.6637 1.007685
0.698465 1.007685
0.782061 1.007685
0.747296 1.007685
0.782061 1.994376
0.747296 1.994376
0.793026 1.990553
0.793026 1.819327
0.453171 1.994376
0.34282 1.994376
0.34282 1.007685
0.34282 1.994376
0.233919 1.007685
0.233919 1.994376
0.014666 1.994376
0.014666 1.007685
0.123565 1.994376
0.123565 1.007685
0.529447 1.003745
0.529446 1.51141
0.6637 1.994376
0.6637 1.007685
0.698465 1.994376
0.698465 1.007685
0.782061 1.007685
0.782061 1.994376
0.747296 1.007685
0.747296 1.994376
0.529447 1.003745
0.529446 1.51141
0.496931 1.51141
0.496931 1.003745
0.594909 1.51141
0.562395 1.51141
0.594909 1.003745
0.562395 1.003745
0.496931 1.51141
0.496931 1.003745
0.594909 1.51141
0.562395 1.51141
0.594909 1.003745
0.562395 1.003745
0.6637 1.994376
0.6637 1.007685
0.698465 1.994376
0.698465 1.007685
0.782061 1.007685
0.782061 1.994376
0.747296 1.007685
0.747296 1.994376
0.529447 1.003745
0.529446 1.51141
0.6637 1.994376
0.698465 1.994376
0.6637 1.007685
0.698465 1.007685
0.782061 1.007685
0.747296 1.007685
0.782061 1.994376
0.747296 1.994376
0.529447 1.003745
0.529446 1.51141
0.496931 1.51141
0.496931 1.003745
0.594909 1.51141
0.594909 1.003745
0.562395 1.51141
0.562395 1.003745
0.496931 1.51141
0.496931 1.003745
0.594909 1.51141
0.594909 1.003745
0.562395 1.51141
0.562395 1.003745
0.793026 1.990553
0.793026 1.819327
0.453171 1.994376
0.34282 1.994376
0.34282 1.007685
0.233919 1.007685
0.34282 1.994376
0.233919 1.994376
0.014666 1.994376
0.123565 1.994376
0.014666 1.007685
0.123565 1.007685
0.6637 1.994376
0.6637 1.007685
0.698465 1.994376
0.698465 1.007685
0.782061 1.007685
0.782061 1.994376
0.747296 1.007685
0.747296 1.994376
0.793026 1.990553
0.793026 1.819327
0.453171 1.994376
0.34282 1.994376
0.34282 1.007685
0.233919 1.007685
0.34282 1.994376
0.233919 1.994376
0.014666 1.994376
0.123565 1.994376
0.014666 1.007685
0.123565 1.007685
0.562394 1.992546
0.594909 1.992546
0.562395 1.003745
0.594909 1.003745
0.529447 1.003745
0.496931 1.003745
0.529446 1.992544
0.496931 1.992544
0.6637 1.994376
0.698465 1.994376
0.6637 1.007685
0.698465 1.007685
0.782061 1.007685
0.747296 1.007685
0.782061 1.994376
0.747296 1.994376
0.562394 1.992546
0.594909 1.992546
0.562395 1.003745
0.594909 1.003745
0.529447 1.003745
0.496931 1.003745
0.529446 1.992544
0.496931 1.992544
0.6637 1.994376
0.6637 1.007685
0.698465 1.994376
0.698465 1.007685
0.782061 1.007685
0.782061 1.994376
0.747296 1.007685
0.747296 1.994376
0.793026 1.990553
0.793026 1.819327
0.453171 1.994376
0.34282 1.994376
0.34282 1.007685
0.233919 1.007685
0.34282 1.994376
0.233919 1.994376
0.014666 1.994376
0.123565 1.994376
0.014666 1.007685
0.123565 1.007685
0.529447 1.003745
0.529446 1.51141
0.6637 1.994376
0.698465 1.994376
0.6637 1.007685
0.698465 1.007685
0.782061 1.007685
0.747296 1.007685
0.782061 1.994376
0.747296 1.994376
0.529447 1.003745
0.529446 1.51141
0.496931 1.51141
0.496931 1.003745
0.594909 1.51141
0.594909 1.003745
0.562395 1.51141
0.562395 1.003745
0.496931 1.51141
0.496931 1.003745
0.594909 1.51141
0.594909 1.003745
0.562395 1.51141
0.562395 1.003745
0.793026 1.990553
0.793026 1.819327
0.453171 1.994376
0.34282 1.994376
0.34282 1.007685
0.34282 1.994376
0.233919 1.007685
0.233919 1.994376
0.014666 1.994376
0.014666 1.007685
0.123565 1.994376
0.123565 1.007685
0.6637 1.994376
0.698465 1.994376
0.6637 1.007685
0.698465 1.007685
0.782061 1.007685
0.747296 1.007685
0.782061 1.994376
0.747296 1.994376
0.793026 1.990553
0.793026 1.819327
0.453171 1.994376
0.34282 1.994376
0.34282 1.007685
0.34282 1.994376
0.233919 1.007685
0.233919 1.994376
0.014666 1.994376
0.014666 1.007685
0.123565 1.994376
0.123565 1.007685
0.562394 1.992546
0.562395 1.003745
0.594909 1.992546
0.594909 1.003745
0.529447 1.003745
0.529446 1.992544
0.496931 1.003745
0.496931 1.992544
0.6637 1.994376
0.6637 1.007685
0.698465 1.994376
0.698465 1.007685
0.782061 1.007685
0.782061 1.994376
0.747296 1.007685
0.747296 1.994376
0.562394 1.992546
0.562395 1.003745
0.594909 1.992546
0.594909 1.003745
0.529447 1.003745
0.529446 1.992544
0.496931 1.003745
0.496931 1.992544
0.6637 1.994376
0.698465 1.994376
0.6637 1.007685
0.698465 1.007685
0.782061 1.007685
0.747296 1.007685
0.782061 1.994376
0.747296 1.994376
0.793026 1.990553
0.793026 1.819327
0.453171 1.994376
0.34282 1.994376
0.34282 1.007685
0.34282 1.994376
0.233919 1.007685
0.233919 1.994376
0.014666 1.994376
0.014666 1.007685
0.123565 1.994376
0.123565 1.007685
0.529447 1.003745
0.529446 1.51141
0.6637 1.994376
0.6637 1.007685
0.698465 1.994376
0.698465 1.007685
0.782061 1.007685
0.782061 1.994376
0.747296 1.007685
0.747296 1.994376
0.529447 1.003745
0.529446 1.51141
0.496931 1.51141
0.496931 1.003745
0.594909 1.51141
0.562395 1.51141
0.594909 1.003745
0.562395 1.003745
0.496931 1.51141
0.496931 1.003745
0.594909 1.51141
0.562395 1.51141
0.594909 1.003745
0.562395 1.003745
0.793026 1.990553
0.793026 1.819327
0.453171 1.994376
0.34282 1.994376
0.34282 1.007685
0.233919 1.007685
0.34282 1.994376
0.233919 1.994376
0.014666 1.994376
0.123565 1.994376
0.014666 1.007685
0.123565 1.007685
0.6637 1.994376
0.6637 1.007685
0.698465 1.994376
0.698465 1.007685
0.782061 1.007685
0.782061 1.994376
0.747296 1.007685
0.747296 1.994376
0.793026 1.990553
0.793026 1.819327
0.453171 1.994376
0.34282 1.994376
0.34282 1.007685
0.233919 1.007685
0.34282 1.994376
0.233919 1.994376
0.014666 1.994376
0.123565 1.994376
0.014666 1.007685
0.123565 1.007685
0.562394 1.992546
0.594909 1.992546
0.562395 1.003745
0.594909 1.003745
0.529447 1.003745
0.496931 1.003745
0.529446 1.992544
0.496931 1.992544
0.6637 1.994376
0.698465 1.994376
0.6637 1.007685
0.698465 1.007685
0.782061 1.007685
0.747296 1.007685
0.782061 1.994376
0.747296 1.994376
0.562394 1.992546
0.594909 1.992546
0.562395 1.003745
0.594909 1.003745
0.529447 1.003745
0.496931 1.003745
0.529446 1.992544
0.496931 1.992544
0.6637 1.994376
0.6637 1.007685
0.698465 1.994376
0.698465 1.007685
0.782061 1.007685
0.782061 1.994376
0.747296 1.007685
0.747296 1.994376
0.793026 1.990553
0.793026 1.819327
0.453171 1.994376
0.34282 1.994376
0.34282 1.007685
0.233919 1.007685
0.34282 1.994376
0.233919 1.994376
0.014666 1.994376
0.123565 1.994376
0.014666 1.007685
0.123565 1.007685
0.529447 1.003745
0.529446 1.51141
0.6637 1.994376
0.698465 1.994376
0.6637 1.007685
0.698465 1.007685
0.782061 1.007685
0.747296 1.007685
0.782061 1.994376
0.747296 1.994376
0.529447 1.003745
0.529446 1.51141
0.496931 1.51141
0.496931 1.003745
0.594909 1.51141
0.594909 1.003745
0.562395 1.51141
0.562395 1.003745
0.496931 1.51141
0.496931 1.003745
0.594909 1.51141
0.594909 1.003745
0.562395 1.51141
0.562395 1.003745
</float_array>
          <technique_common>
            <accessor source="#o_b_koyasaku02_0-lib-UV0-array" count="816" stride="2">
              <param name="S" type="float" />
              <param name="T" type="float" />
            </accessor>
          </technique_common>
        </source>
        <vertices id="o_b_koyasaku02_0-lib-Vertex">
          <input semantic="POSITION" source="#o_b_koyasaku02_0-lib-Position" />
        </vertices>
        <polygons material="m_b_koyahashira" count="408">
          <input semantic="VERTEX" offset="0" source="#o_b_koyasaku02_0-lib-Vertex" />
          <input semantic="NORMAL" offset="1" source="#o_b_koyasaku02_0-lib-Normal0" />
          <input semantic="TEXCOORD" offset="2" set="0" source="#o_b_koyasaku02_0-lib-UV0" />
          <p>2 2 2 3 3 3 4 4 4</p>
          <p>3 3 3 5 5 5 4 4 4</p>
          <p>384 384 384 385 385 385 6 6 6</p>
          <p>385 385 385 7 7 7 6 6 6</p>
          <p>386 386 386 387 387 387 0 0 0</p>
          <p>387 387 387 1 1 1 0 0 0</p>
          <p>388 388 388 389 389 389 390 390 390</p>
          <p>389 389 389 391 391 391 390 390 390</p>
          <p>392 392 392 393 393 393 394 394 394</p>
          <p>393 393 393 395 395 395 394 394 394</p>
          <p>10 10 10 12 12 12 11 11 11</p>
          <p>12 12 12 13 13 13 11 11 11</p>
          <p>8 8 8 9 9 9 14 14 14</p>
          <p>14 14 14 9 9 9 15 15 15</p>
          <p>396 396 396 397 397 397 398 398 398</p>
          <p>397 397 397 399 399 399 398 398 398</p>
          <p>400 400 400 401 401 401 402 402 402</p>
          <p>401 401 401 403 403 403 402 402 402</p>
          <p>18 18 18 19 19 19 20 20 20</p>
          <p>19 19 19 21 21 21 20 20 20</p>
          <p>404 404 404 405 405 405 22 22 22</p>
          <p>405 405 405 23 23 23 22 22 22</p>
          <p>406 406 406 407 407 407 16 16 16</p>
          <p>407 407 407 17 17 17 16 16 16</p>
          <p>408 408 408 409 409 409 410 410 410</p>
          <p>409 409 409 411 411 411 410 410 410</p>
          <p>412 412 412 413 413 413 414 414 414</p>
          <p>413 413 413 415 415 415 414 414 414</p>
          <p>27 27 27 29 29 29 26 26 26</p>
          <p>26 26 26 29 29 29 28 28 28</p>
          <p>30 30 30 31 31 31 24 24 24</p>
          <p>31 31 31 25 25 25 24 24 24</p>
          <p>416 416 416 417 417 417 418 418 418</p>
          <p>417 417 417 419 419 419 418 418 418</p>
          <p>420 420 420 421 421 421 422 422 422</p>
          <p>421 421 421 423 423 423 422 422 422</p>
          <p>34 34 34 35 35 35 36 36 36</p>
          <p>35 35 35 37 37 37 36 36 36</p>
          <p>39 39 39 33 33 33 38 38 38</p>
          <p>38 38 38 33 33 33 32 32 32</p>
          <p>424 424 424 425 425 425 426 426 426</p>
          <p>425 425 425 427 427 427 426 426 426</p>
          <p>428 428 428 429 429 429 430 430 430</p>
          <p>429 429 429 431 431 431 430 430 430</p>
          <p>43 43 43 45 45 45 42 42 42</p>
          <p>42 42 42 45 45 45 44 44 44</p>
          <p>46 46 46 47 47 47 40 40 40</p>
          <p>47 47 47 41 41 41 40 40 40</p>
          <p>432 432 432 433 433 433 434 434 434</p>
          <p>433 433 433 435 435 435 434 434 434</p>
          <p>436 436 436 437 437 437 438 438 438</p>
          <p>437 437 437 439 439 439 438 438 438</p>
          <p>52 52 52 53 53 53 50 50 50</p>
          <p>50 50 50 53 53 53 51 51 51</p>
          <p>54 54 54 48 48 48 55 55 55</p>
          <p>48 48 48 49 49 49 55 55 55</p>
          <p>440 440 440 441 441 441 442 442 442</p>
          <p>441 441 441 443 443 443 442 442 442</p>
          <p>444 444 444 445 445 445 446 446 446</p>
          <p>445 445 445 447 447 447 446 446 446</p>
          <p>58 58 58 59 59 59 60 60 60</p>
          <p>59 59 59 61 61 61 60 60 60</p>
          <p>448 448 448 449 449 449 62 62 62</p>
          <p>449 449 449 63 63 63 62 62 62</p>
          <p>450 450 450 451 451 451 56 56 56</p>
          <p>451 451 451 57 57 57 56 56 56</p>
          <p>452 452 452 453 453 453 454 454 454</p>
          <p>453 453 453 455 455 455 454 454 454</p>
          <p>456 456 456 457 457 457 458 458 458</p>
          <p>457 457 457 459 459 459 458 458 458</p>
          <p>66 66 66 67 67 67 82 82 82</p>
          <p>67 67 67 83 83 83 82 82 82</p>
          <p>460 460 460 461 461 461 64 64 64</p>
          <p>461 461 461 80 80 80 64 64 64</p>
          <p>71 71 71 73 73 73 70 70 70</p>
          <p>70 70 70 73 73 73 72 72 72</p>
          <p>74 74 74 75 75 75 68 68 68</p>
          <p>75 75 75 69 69 69 68 68 68</p>
          <p>462 462 462 463 463 463 464 464 464</p>
          <p>463 463 463 465 465 465 464 464 464</p>
          <p>466 466 466 467 467 467 468 468 468</p>
          <p>467 467 467 469 469 469 468 468 468</p>
          <p>78 78 78 79 79 79 86 86 86</p>
          <p>79 79 79 87 87 87 86 86 86</p>
          <p>470 470 470 471 471 471 76 76 76</p>
          <p>471 471 471 84 84 84 76 76 76</p>
          <p>472 472 472 81 81 81 473 473 473</p>
          <p>81 81 81 65 65 65 473 473 473</p>
          <p>474 474 474 475 475 475 476 476 476</p>
          <p>475 475 475 477 477 477 476 476 476</p>
          <p>478 478 478 85 85 85 479 479 479</p>
          <p>85 85 85 77 77 77 479 479 479</p>
          <p>480 480 480 481 481 481 482 482 482</p>
          <p>481 481 481 483 483 483 482 482 482</p>
          <p>92 92 92 90 90 90 93 93 93</p>
          <p>90 90 90 91 91 91 93 93 93</p>
          <p>94 94 94 95 95 95 88 88 88</p>
          <p>88 88 88 95 95 95 89 89 89</p>
          <p>484 484 484 485 485 485 486 486 486</p>
          <p>486 486 486 485 485 485 487 487 487</p>
          <p>488 488 488 489 489 489 490 490 490</p>
          <p>490 490 490 489 489 489 491 491 491</p>
          <p>98 98 98 114 114 114 99 99 99</p>
          <p>99 99 99 114 114 114 115 115 115</p>
          <p>492 492 492 96 96 96 493 493 493</p>
          <p>493 493 493 96 96 96 112 112 112</p>
          <p>103 103 103 102 102 102 105 105 105</p>
          <p>102 102 102 104 104 104 105 105 105</p>
          <p>106 106 106 100 100 100 107 107 107</p>
          <p>107 107 107 100 100 100 101 101 101</p>
          <p>494 494 494 495 495 495 496 496 496</p>
          <p>496 496 496 495 495 495 497 497 497</p>
          <p>498 498 498 499 499 499 500 500 500</p>
          <p>500 500 500 499 499 499 501 501 501</p>
          <p>110 110 110 118 118 118 111 111 111</p>
          <p>111 111 111 118 118 118 119 119 119</p>
          <p>502 502 502 108 108 108 503 503 503</p>
          <p>503 503 503 108 108 108 116 116 116</p>
          <p>504 504 504 505 505 505 113 113 113</p>
          <p>113 113 113 505 505 505 97 97 97</p>
          <p>506 506 506 507 507 507 508 508 508</p>
          <p>508 508 508 507 507 507 509 509 509</p>
          <p>510 510 510 511 511 511 117 117 117</p>
          <p>117 117 117 511 511 511 109 109 109</p>
          <p>512 512 512 513 513 513 514 514 514</p>
          <p>514 514 514 513 513 513 515 515 515</p>
          <p>122 122 122 124 124 124 123 123 123</p>
          <p>123 123 123 124 124 124 125 125 125</p>
          <p>516 516 516 126 126 126 517 517 517</p>
          <p>517 517 517 126 126 126 127 127 127</p>
          <p>518 518 518 120 120 120 519 519 519</p>
          <p>519 519 519 120 120 120 121 121 121</p>
          <p>520 520 520 521 521 521 522 522 522</p>
          <p>522 522 522 521 521 521 523 523 523</p>
          <p>524 524 524 525 525 525 526 526 526</p>
          <p>526 526 526 525 525 525 527 527 527</p>
          <p>130 130 130 131 131 131 132 132 132</p>
          <p>132 132 132 131 131 131 133 133 133</p>
          <p>128 128 128 134 134 134 129 129 129</p>
          <p>134 134 134 135 135 135 129 129 129</p>
          <p>528 528 528 529 529 529 530 530 530</p>
          <p>530 530 530 529 529 529 531 531 531</p>
          <p>532 532 532 533 533 533 534 534 534</p>
          <p>534 534 534 533 533 533 535 535 535</p>
          <p>138 138 138 140 140 140 139 139 139</p>
          <p>139 139 139 140 140 140 141 141 141</p>
          <p>536 536 536 142 142 142 537 537 537</p>
          <p>537 537 537 142 142 142 143 143 143</p>
          <p>538 538 538 136 136 136 539 539 539</p>
          <p>539 539 539 136 136 136 137 137 137</p>
          <p>540 540 540 541 541 541 542 542 542</p>
          <p>542 542 542 541 541 541 543 543 543</p>
          <p>544 544 544 545 545 545 546 546 546</p>
          <p>546 546 546 545 545 545 547 547 547</p>
          <p>147 147 147 146 146 146 149 149 149</p>
          <p>146 146 146 148 148 148 149 149 149</p>
          <p>150 150 150 144 144 144 151 151 151</p>
          <p>151 151 151 144 144 144 145 145 145</p>
          <p>548 548 548 549 549 549 550 550 550</p>
          <p>550 550 550 549 549 549 551 551 551</p>
          <p>552 552 552 553 553 553 554 554 554</p>
          <p>554 554 554 553 553 553 555 555 555</p>
          <p>154 154 154 156 156 156 155 155 155</p>
          <p>155 155 155 156 156 156 157 157 157</p>
          <p>159 159 159 158 158 158 153 153 153</p>
          <p>158 158 158 152 152 152 153 153 153</p>
          <p>556 556 556 557 557 557 558 558 558</p>
          <p>558 558 558 557 557 557 559 559 559</p>
          <p>560 560 560 561 561 561 562 562 562</p>
          <p>562 562 562 561 561 561 563 563 563</p>
          <p>163 163 163 162 162 162 165 165 165</p>
          <p>162 162 162 164 164 164 165 165 165</p>
          <p>166 166 166 160 160 160 167 167 167</p>
          <p>167 167 167 160 160 160 161 161 161</p>
          <p>564 564 564 565 565 565 566 566 566</p>
          <p>566 566 566 565 565 565 567 567 567</p>
          <p>568 568 568 569 569 569 570 570 570</p>
          <p>570 570 570 569 569 569 571 571 571</p>
          <p>172 172 172 170 170 170 173 173 173</p>
          <p>170 170 170 171 171 171 173 173 173</p>
          <p>174 174 174 175 175 175 168 168 168</p>
          <p>168 168 168 175 175 175 169 169 169</p>
          <p>572 572 572 573 573 573 574 574 574</p>
          <p>574 574 574 573 573 573 575 575 575</p>
          <p>576 576 576 577 577 577 578 578 578</p>
          <p>578 578 578 577 577 577 579 579 579</p>
          <p>178 178 178 180 180 180 179 179 179</p>
          <p>179 179 179 180 180 180 181 181 181</p>
          <p>580 580 580 182 182 182 581 581 581</p>
          <p>581 581 581 182 182 182 183 183 183</p>
          <p>582 582 582 176 176 176 583 583 583</p>
          <p>583 583 583 176 176 176 177 177 177</p>
          <p>584 584 584 585 585 585 586 586 586</p>
          <p>586 586 586 585 585 585 587 587 587</p>
          <p>588 588 588 589 589 589 590 590 590</p>
          <p>590 590 590 589 589 589 591 591 591</p>
          <p>186 186 186 202 202 202 187 187 187</p>
          <p>187 187 187 202 202 202 203 203 203</p>
          <p>592 592 592 184 184 184 593 593 593</p>
          <p>593 593 593 184 184 184 200 200 200</p>
          <p>191 191 191 190 190 190 193 193 193</p>
          <p>190 190 190 192 192 192 193 193 193</p>
          <p>194 194 194 188 188 188 195 195 195</p>
          <p>195 195 195 188 188 188 189 189 189</p>
          <p>594 594 594 595 595 595 596 596 596</p>
          <p>596 596 596 595 595 595 597 597 597</p>
          <p>598 598 598 599 599 599 600 600 600</p>
          <p>600 600 600 599 599 599 601 601 601</p>
          <p>198 198 198 206 206 206 199 199 199</p>
          <p>199 199 199 206 206 206 207 207 207</p>
          <p>602 602 602 196 196 196 603 603 603</p>
          <p>603 603 603 196 196 196 204 204 204</p>
          <p>604 604 604 605 605 605 201 201 201</p>
          <p>201 201 201 605 605 605 185 185 185</p>
          <p>606 606 606 607 607 607 608 608 608</p>
          <p>608 608 608 607 607 607 609 609 609</p>
          <p>610 610 610 611 611 611 205 205 205</p>
          <p>205 205 205 611 611 611 197 197 197</p>
          <p>612 612 612 613 613 613 614 614 614</p>
          <p>614 614 614 613 613 613 615 615 615</p>
          <p>210 210 210 211 211 211 212 212 212</p>
          <p>211 211 211 213 213 213 212 212 212</p>
          <p>616 616 616 617 617 617 214 214 214</p>
          <p>617 617 617 215 215 215 214 214 214</p>
          <p>618 618 618 619 619 619 208 208 208</p>
          <p>619 619 619 209 209 209 208 208 208</p>
          <p>620 620 620 621 621 621 622 622 622</p>
          <p>621 621 621 623 623 623 622 622 622</p>
          <p>624 624 624 625 625 625 626 626 626</p>
          <p>625 625 625 627 627 627 626 626 626</p>
          <p>218 218 218 220 220 220 219 219 219</p>
          <p>220 220 220 221 221 221 219 219 219</p>
          <p>216 216 216 217 217 217 222 222 222</p>
          <p>222 222 222 217 217 217 223 223 223</p>
          <p>628 628 628 629 629 629 630 630 630</p>
          <p>629 629 629 631 631 631 630 630 630</p>
          <p>632 632 632 633 633 633 634 634 634</p>
          <p>633 633 633 635 635 635 634 634 634</p>
          <p>226 226 226 227 227 227 228 228 228</p>
          <p>227 227 227 229 229 229 228 228 228</p>
          <p>636 636 636 637 637 637 230 230 230</p>
          <p>637 637 637 231 231 231 230 230 230</p>
          <p>638 638 638 639 639 639 224 224 224</p>
          <p>639 639 639 225 225 225 224 224 224</p>
          <p>640 640 640 641 641 641 642 642 642</p>
          <p>641 641 641 643 643 643 642 642 642</p>
          <p>644 644 644 645 645 645 646 646 646</p>
          <p>645 645 645 647 647 647 646 646 646</p>
          <p>235 235 235 237 237 237 234 234 234</p>
          <p>234 234 234 237 237 237 236 236 236</p>
          <p>238 238 238 239 239 239 232 232 232</p>
          <p>239 239 239 233 233 233 232 232 232</p>
          <p>648 648 648 649 649 649 650 650 650</p>
          <p>649 649 649 651 651 651 650 650 650</p>
          <p>652 652 652 653 653 653 654 654 654</p>
          <p>653 653 653 655 655 655 654 654 654</p>
          <p>242 242 242 243 243 243 244 244 244</p>
          <p>243 243 243 245 245 245 244 244 244</p>
          <p>247 247 247 241 241 241 246 246 246</p>
          <p>246 246 246 241 241 241 240 240 240</p>
          <p>656 656 656 657 657 657 658 658 658</p>
          <p>657 657 657 659 659 659 658 658 658</p>
          <p>660 660 660 661 661 661 662 662 662</p>
          <p>661 661 661 663 663 663 662 662 662</p>
          <p>251 251 251 253 253 253 250 250 250</p>
          <p>250 250 250 253 253 253 252 252 252</p>
          <p>254 254 254 255 255 255 248 248 248</p>
          <p>255 255 255 249 249 249 248 248 248</p>
          <p>664 664 664 665 665 665 666 666 666</p>
          <p>665 665 665 667 667 667 666 666 666</p>
          <p>668 668 668 669 669 669 670 670 670</p>
          <p>669 669 669 671 671 671 670 670 670</p>
          <p>260 260 260 261 261 261 258 258 258</p>
          <p>258 258 258 261 261 261 259 259 259</p>
          <p>262 262 262 256 256 256 263 263 263</p>
          <p>256 256 256 257 257 257 263 263 263</p>
          <p>672 672 672 673 673 673 674 674 674</p>
          <p>673 673 673 675 675 675 674 674 674</p>
          <p>676 676 676 677 677 677 678 678 678</p>
          <p>677 677 677 679 679 679 678 678 678</p>
          <p>266 266 266 267 267 267 268 268 268</p>
          <p>267 267 267 269 269 269 268 268 268</p>
          <p>680 680 680 681 681 681 270 270 270</p>
          <p>681 681 681 271 271 271 270 270 270</p>
          <p>682 682 682 683 683 683 264 264 264</p>
          <p>683 683 683 265 265 265 264 264 264</p>
          <p>684 684 684 685 685 685 686 686 686</p>
          <p>685 685 685 687 687 687 686 686 686</p>
          <p>688 688 688 689 689 689 690 690 690</p>
          <p>689 689 689 691 691 691 690 690 690</p>
          <p>274 274 274 275 275 275 290 290 290</p>
          <p>275 275 275 291 291 291 290 290 290</p>
          <p>692 692 692 693 693 693 272 272 272</p>
          <p>693 693 693 288 288 288 272 272 272</p>
          <p>279 279 279 281 281 281 278 278 278</p>
          <p>278 278 278 281 281 281 280 280 280</p>
          <p>282 282 282 283 283 283 276 276 276</p>
          <p>283 283 283 277 277 277 276 276 276</p>
          <p>694 694 694 695 695 695 696 696 696</p>
          <p>695 695 695 697 697 697 696 696 696</p>
          <p>698 698 698 699 699 699 700 700 700</p>
          <p>699 699 699 701 701 701 700 700 700</p>
          <p>286 286 286 287 287 287 294 294 294</p>
          <p>287 287 287 295 295 295 294 294 294</p>
          <p>702 702 702 703 703 703 284 284 284</p>
          <p>703 703 703 292 292 292 284 284 284</p>
          <p>704 704 704 289 289 289 705 705 705</p>
          <p>289 289 289 273 273 273 705 705 705</p>
          <p>706 706 706 707 707 707 708 708 708</p>
          <p>707 707 707 709 709 709 708 708 708</p>
          <p>710 710 710 293 293 293 711 711 711</p>
          <p>293 293 293 285 285 285 711 711 711</p>
          <p>712 712 712 713 713 713 714 714 714</p>
          <p>713 713 713 715 715 715 714 714 714</p>
          <p>298 298 298 300 300 300 299 299 299</p>
          <p>299 299 299 300 300 300 301 301 301</p>
          <p>716 716 716 302 302 302 717 717 717</p>
          <p>717 717 717 302 302 302 303 303 303</p>
          <p>718 718 718 296 296 296 719 719 719</p>
          <p>719 719 719 296 296 296 297 297 297</p>
          <p>720 720 720 721 721 721 722 722 722</p>
          <p>722 722 722 721 721 721 723 723 723</p>
          <p>724 724 724 725 725 725 726 726 726</p>
          <p>726 726 726 725 725 725 727 727 727</p>
          <p>306 306 306 307 307 307 308 308 308</p>
          <p>308 308 308 307 307 307 309 309 309</p>
          <p>304 304 304 310 310 310 305 305 305</p>
          <p>310 310 310 311 311 311 305 305 305</p>
          <p>728 728 728 729 729 729 730 730 730</p>
          <p>730 730 730 729 729 729 731 731 731</p>
          <p>732 732 732 733 733 733 734 734 734</p>
          <p>734 734 734 733 733 733 735 735 735</p>
          <p>314 314 314 316 316 316 315 315 315</p>
          <p>315 315 315 316 316 316 317 317 317</p>
          <p>736 736 736 318 318 318 737 737 737</p>
          <p>737 737 737 318 318 318 319 319 319</p>
          <p>738 738 738 312 312 312 739 739 739</p>
          <p>739 739 739 312 312 312 313 313 313</p>
          <p>740 740 740 741 741 741 742 742 742</p>
          <p>742 742 742 741 741 741 743 743 743</p>
          <p>744 744 744 745 745 745 746 746 746</p>
          <p>746 746 746 745 745 745 747 747 747</p>
          <p>323 323 323 322 322 322 325 325 325</p>
          <p>322 322 322 324 324 324 325 325 325</p>
          <p>326 326 326 320 320 320 327 327 327</p>
          <p>327 327 327 320 320 320 321 321 321</p>
          <p>748 748 748 749 749 749 750 750 750</p>
          <p>750 750 750 749 749 749 751 751 751</p>
          <p>752 752 752 753 753 753 754 754 754</p>
          <p>754 754 754 753 753 753 755 755 755</p>
          <p>330 330 330 332 332 332 331 331 331</p>
          <p>331 331 331 332 332 332 333 333 333</p>
          <p>335 335 335 334 334 334 329 329 329</p>
          <p>334 334 334 328 328 328 329 329 329</p>
          <p>756 756 756 757 757 757 758 758 758</p>
          <p>758 758 758 757 757 757 759 759 759</p>
          <p>760 760 760 761 761 761 762 762 762</p>
          <p>762 762 762 761 761 761 763 763 763</p>
          <p>339 339 339 338 338 338 341 341 341</p>
          <p>338 338 338 340 340 340 341 341 341</p>
          <p>342 342 342 336 336 336 343 343 343</p>
          <p>343 343 343 336 336 336 337 337 337</p>
          <p>764 764 764 765 765 765 766 766 766</p>
          <p>766 766 766 765 765 765 767 767 767</p>
          <p>768 768 768 769 769 769 770 770 770</p>
          <p>770 770 770 769 769 769 771 771 771</p>
          <p>348 348 348 346 346 346 349 349 349</p>
          <p>346 346 346 347 347 347 349 349 349</p>
          <p>350 350 350 351 351 351 344 344 344</p>
          <p>344 344 344 351 351 351 345 345 345</p>
          <p>772 772 772 773 773 773 774 774 774</p>
          <p>774 774 774 773 773 773 775 775 775</p>
          <p>776 776 776 777 777 777 778 778 778</p>
          <p>778 778 778 777 777 777 779 779 779</p>
          <p>354 354 354 356 356 356 355 355 355</p>
          <p>355 355 355 356 356 356 357 357 357</p>
          <p>780 780 780 358 358 358 781 781 781</p>
          <p>781 781 781 358 358 358 359 359 359</p>
          <p>782 782 782 352 352 352 783 783 783</p>
          <p>783 783 783 352 352 352 353 353 353</p>
          <p>784 784 784 785 785 785 786 786 786</p>
          <p>786 786 786 785 785 785 787 787 787</p>
          <p>788 788 788 789 789 789 790 790 790</p>
          <p>790 790 790 789 789 789 791 791 791</p>
          <p>362 362 362 378 378 378 363 363 363</p>
          <p>363 363 363 378 378 378 379 379 379</p>
          <p>792 792 792 360 360 360 793 793 793</p>
          <p>793 793 793 360 360 360 376 376 376</p>
          <p>367 367 367 366 366 366 369 369 369</p>
          <p>366 366 366 368 368 368 369 369 369</p>
          <p>370 370 370 364 364 364 371 371 371</p>
          <p>371 371 371 364 364 364 365 365 365</p>
          <p>794 794 794 795 795 795 796 796 796</p>
          <p>796 796 796 795 795 795 797 797 797</p>
          <p>798 798 798 799 799 799 800 800 800</p>
          <p>800 800 800 799 799 799 801 801 801</p>
          <p>374 374 374 382 382 382 375 375 375</p>
          <p>375 375 375 382 382 382 383 383 383</p>
          <p>802 802 802 372 372 372 803 803 803</p>
          <p>803 803 803 372 372 372 380 380 380</p>
          <p>804 804 804 805 805 805 377 377 377</p>
          <p>377 377 377 805 805 805 361 361 361</p>
          <p>806 806 806 807 807 807 808 808 808</p>
          <p>808 808 808 807 807 807 809 809 809</p>
          <p>810 810 810 811 811 811 381 381 381</p>
          <p>381 381 381 811 811 811 373 373 373</p>
          <p>812 812 812 813 813 813 814 814 814</p>
          <p>814 814 814 813 813 813 815 815 815</p>
        </polygons>
      </mesh>
    </geometry>
    <geometry id="o_b_koyamadowaku_0-lib" name="o_b_koyamadowaku_0Mesh">
      <mesh>
        <source id="o_b_koyamadowaku_0-lib-Position">
          <float_array id="o_b_koyamadowaku_0-lib-Position-array" count="288">
-449.7931 37.30559 443.7879
-449.1244 37.30559 443.7879
-449.7931 37.30553 444.1208
-449.1244 37.30553 444.1208
-449.7931 54.83805 444.1208
-449.1244 54.83805 444.1208
-449.7931 54.83811 443.7879
-449.1245 54.83811 443.7879
-457.6024 49.37742 443.8177
-457.6024 48.93249 443.8177
-457.6025 49.37742 444.0911
-457.6025 48.93249 444.0911
-441.2332 49.37742 444.0911
-441.2332 48.93249 444.0911
-441.2332 49.37742 443.8177
-441.2332 48.93249 443.8177
-457.6024 43.21935 443.8177
-457.6024 42.77442 443.8177
-457.6025 43.21935 444.0911
-457.6025 42.77442 444.0911
-441.2332 43.21935 444.0911
-441.2332 42.77442 444.0911
-441.2332 43.21935 443.8177
-441.2332 42.77442 443.8177
-438.0408 37.35443 460.6541
-438.0408 37.35443 461.099
-438.3738 37.35437 460.6541
-438.3738 37.35437 461.099
-438.3738 54.83805 460.6541
-438.3738 54.83805 461.099
-438.0408 54.97625 460.6541
-438.0408 54.97625 461.099
-438.0706 49.55319 452.5838
-438.0706 49.10826 452.5838
-438.3441 49.55319 452.5838
-438.3441 49.10826 452.5838
-438.344 49.55319 469.4409
-438.344 49.10826 469.4409
-438.0706 49.55319 469.441
-438.0706 49.10826 469.441
-438.0706 43.33603 452.5838
-438.0706 42.8911 452.5838
-438.3441 43.33603 452.5838
-438.3441 42.8911 452.5838
-438.344 43.33603 469.4409
-438.344 42.8911 469.4409
-438.0706 43.33603 469.441
-438.0706 42.8911 469.441
-449.1244 37.30559 443.7879
-449.1245 54.83811 443.7879
-449.1244 37.30553 444.1208
-449.1244 54.83805 444.1208
-449.7931 54.83811 443.7879
-449.7931 37.30559 443.7879
-449.7931 54.83805 444.1208
-449.7931 37.30553 444.1208
-457.6024 48.93249 443.8177
-441.2332 48.93249 443.8177
-457.6025 48.93249 444.0911
-441.2332 48.93249 444.0911
-441.2332 49.37742 443.8177
-457.6024 49.37742 443.8177
-441.2332 49.37742 444.0911
-457.6025 49.37742 444.0911
-457.6024 42.77442 443.8177
-441.2332 42.77442 443.8177
-457.6025 42.77442 444.0911
-441.2332 42.77442 444.0911
-441.2332 43.21935 443.8177
-457.6024 43.21935 443.8177
-441.2332 43.21935 444.0911
-457.6025 43.21935 444.0911
-438.0408 37.35443 461.099
-438.0408 54.97625 461.099
-438.3738 37.35437 461.099
-438.3738 54.83805 461.099
-438.0408 54.97625 460.6541
-438.0408 37.35443 460.6541
-438.3738 54.83805 460.6541
-438.3738 37.35437 460.6541
-438.0706 49.10826 452.5838
-438.0706 49.10826 469.441
-438.3441 49.10826 452.5838
-438.344 49.10826 469.4409
-438.0706 49.55319 469.441
-438.0706 49.55319 452.5838
-438.344 49.55319 469.4409
-438.3441 49.55319 452.5838
-438.0706 42.8911 452.5838
-438.0706 42.8911 469.441
-438.3441 42.8911 452.5838
-438.344 42.8911 469.4409
-438.0706 43.33603 469.441
-438.0706 43.33603 452.5838
-438.344 43.33603 469.4409
-438.3441 43.33603 452.5838
</float_array>
          <technique_common>
            <accessor source="#o_b_koyamadowaku_0-lib-Position-array" count="96" stride="3">
              <param name="X" type="float" />
              <param name="Y" type="float" />
              <param name="Z" type="float" />
            </accessor>
          </technique_common>
        </source>
        <source id="o_b_koyamadowaku_0-lib-Normal0">
          <float_array id="o_b_koyamadowaku_0-lib-Normal0-array" count="288">
-0.000034 0 -1
-0.000034 0 -1
-0.000006 0 1
-0.000006 0 1
-0.000006 0 1
-0.000006 0 1
-0.000034 0 -1
-0.000034 0 -1
0 0 -1
0 0 -1
-0.000001 0 1
0 0 1
0 0 1
0.000001 0 1
0 0 -1
0 0 -1
0 0 -1
0 0 -1
-0.000001 0 1
0 0 1
0 0 1
0.000001 0 1
0 0 -1
0 0 -1
1 0 0
1 -0.000002 0
-1 0.000001 0
-1 0 0
-1 0 0
-1 0 0
1 0.000002 0
1 0 0
1 -0.000018 0
1 -0.000018 0
-1 -0.000009 0.000002
-1 -0.000009 0.000002
-1 -0.000009 0.000002
-1 -0.000009 0.000002
1 -0.000018 0
1 -0.000018 0
1 -0.000018 0
1 -0.000018 0
-1 -0.000009 0.000002
-1 -0.000009 0.000002
-1 -0.000009 0.000002
-1 -0.000009 0.000002
1 -0.000018 0
1 -0.000018 0
1 0.000006 0
1 0.000004 -0.00009199999
1 0.000004 -0.00009199999
1 0.000003 -0.000183
-1 -0.000001 0.000183
-1 -0.000001 0.000183
-1 -0.000001 0.000183
-1 -0.000001 0.000183
0 -1 0.000003
0 -1 0.000001
0 -1 0.000001
0 -1 -0.000001
0 1 0.000007999999
0 1 0.000007999999
0 1 0.000007999999
0 1 0.000009
0 -1 -0.000004
0 -1 0.000003
0 -1 0.000003
0 -1 0.000009999999
0 1 -0.000012
0 1 -0.000003
0 1 -0.000003
0 1 0.000006
-0.000063 0.000002 1
-0.000003 0 1
-0.000003 0 1
0.00005800001 -0.000002 1
-0.00006399999 0 -1
-0.000007 0.000001 -1
-0.000007 0.000001 -1
0.000049 0.000002 -1
0 -1 0
0 -1 0
0 -1 0
0 -1 0
0 1 0
0 1 0
0 1 0
0 1 0
0 -1 0
0 -1 0
0 -1 0
0 -1 0
0 1 0
0 1 0
0 1 0
0 1 0
</float_array>
          <technique_common>
            <accessor source="#o_b_koyamadowaku_0-lib-Normal0-array" count="96" stride="3">
              <param name="X" type="float" />
              <param name="Y" type="float" />
              <param name="Z" type="float" />
            </accessor>
          </technique_common>
        </source>
        <source id="o_b_koyamadowaku_0-lib-UV0">
          <float_array id="o_b_koyamadowaku_0-lib-UV0-array" count="192">
0.453171 1.007685
0.34282 1.007685
0.123565 1.007685
0.233919 1.007685
0.123565 1.994376
0.233919 1.994376
0.453171 1.994376
0.34282 1.994376
0.453171 1.007685
0.34282 1.007685
0.123565 1.007685
0.233919 1.007685
0.123565 1.994376
0.233919 1.994376
0.453171 1.994376
0.34282 1.994376
0.453171 1.007685
0.34282 1.007685
0.123565 1.007685
0.233919 1.007685
0.123565 1.994376
0.233919 1.994376
0.453171 1.994376
0.34282 1.994376
0.453171 1.007685
0.34282 1.007685
0.123565 1.007685
0.233919 1.007685
0.123565 1.994376
0.233919 1.994376
0.453171 1.994376
0.34282 1.994376
0.453171 1.007685
0.34282 1.007685
0.123565 1.007685
0.233919 1.007685
0.123565 1.994376
0.233919 1.994376
0.453171 1.994376
0.34282 1.994376
0.453171 1.007685
0.34282 1.007685
0.123565 1.007685
0.233919 1.007685
0.123565 1.994376
0.233919 1.994376
0.453171 1.994376
0.34282 1.994376
0.34282 1.007685
0.34282 1.994376
0.233919 1.007685
0.233919 1.994376
0.014666 1.994376
0.014666 1.007685
0.123565 1.994376
0.123565 1.007685
0.34282 1.007685
0.34282 1.994376
0.233919 1.007685
0.233919 1.994376
0.014666 1.994376
0.014666 1.007685
0.123565 1.994376
0.123565 1.007685
0.34282 1.007685
0.34282 1.994376
0.233919 1.007685
0.233919 1.994376
0.014666 1.994376
0.014666 1.007685
0.123565 1.994376
0.123565 1.007685
0.34282 1.007685
0.34282 1.994376
0.233919 1.007685
0.233919 1.994376
0.014666 1.994376
0.014666 1.007685
0.123565 1.994376
0.123565 1.007685
0.34282 1.007685
0.34282 1.994376
0.233919 1.007685
0.233919 1.994376
0.014666 1.994376
0.014666 1.007685
0.123565 1.994376
0.123565 1.007685
0.34282 1.007685
0.34282 1.994376
0.233919 1.007685
0.233919 1.994376
0.014666 1.994376
0.014666 1.007685
0.123565 1.994376
0.123565 1.007685
</float_array>
          <technique_common>
            <accessor source="#o_b_koyamadowaku_0-lib-UV0-array" count="96" stride="2">
              <param name="S" type="float" />
              <param name="T" type="float" />
            </accessor>
          </technique_common>
        </source>
        <vertices id="o_b_koyamadowaku_0-lib-Vertex">
          <input semantic="POSITION" source="#o_b_koyamadowaku_0-lib-Position" />
        </vertices>
        <polygons material="m_b_koyahashira" count="48">
          <input semantic="VERTEX" offset="0" source="#o_b_koyamadowaku_0-lib-Vertex" />
          <input semantic="NORMAL" offset="1" source="#o_b_koyamadowaku_0-lib-Normal0" />
          <input semantic="TEXCOORD" offset="2" set="0" source="#o_b_koyamadowaku_0-lib-UV0" />
          <p>2 2 2 3 3 3 4 4 4</p>
          <p>3 3 3 5 5 5 4 4 4</p>
          <p>6 6 6 7 7 7 0 0 0</p>
          <p>7 7 7 1 1 1 0 0 0</p>
          <p>48 48 48 49 49 49 50 50 50</p>
          <p>49 49 49 51 51 51 50 50 50</p>
          <p>52 52 52 53 53 53 54 54 54</p>
          <p>53 53 53 55 55 55 54 54 54</p>
          <p>10 10 10 11 11 11 12 12 12</p>
          <p>11 11 11 13 13 13 12 12 12</p>
          <p>14 14 14 15 15 15 8 8 8</p>
          <p>15 15 15 9 9 9 8 8 8</p>
          <p>56 56 56 57 57 57 58 58 58</p>
          <p>57 57 57 59 59 59 58 58 58</p>
          <p>60 60 60 61 61 61 62 62 62</p>
          <p>61 61 61 63 63 63 62 62 62</p>
          <p>18 18 18 19 19 19 20 20 20</p>
          <p>19 19 19 21 21 21 20 20 20</p>
          <p>22 22 22 23 23 23 16 16 16</p>
          <p>23 23 23 17 17 17 16 16 16</p>
          <p>64 64 64 65 65 65 66 66 66</p>
          <p>65 65 65 67 67 67 66 66 66</p>
          <p>68 68 68 69 69 69 70 70 70</p>
          <p>69 69 69 71 71 71 70 70 70</p>
          <p>26 26 26 27 27 27 28 28 28</p>
          <p>27 27 27 29 29 29 28 28 28</p>
          <p>30 30 30 31 31 31 24 24 24</p>
          <p>31 31 31 25 25 25 24 24 24</p>
          <p>72 72 72 73 73 73 74 74 74</p>
          <p>73 73 73 75 75 75 74 74 74</p>
          <p>76 76 76 77 77 77 78 78 78</p>
          <p>77 77 77 79 79 79 78 78 78</p>
          <p>34 34 34 35 35 35 36 36 36</p>
          <p>35 35 35 37 37 37 36 36 36</p>
          <p>38 38 38 39 39 39 32 32 32</p>
          <p>39 39 39 33 33 33 32 32 32</p>
          <p>80 80 80 81 81 81 82 82 82</p>
          <p>81 81 81 83 83 83 82 82 82</p>
          <p>84 84 84 85 85 85 86 86 86</p>
          <p>85 85 85 87 87 87 86 86 86</p>
          <p>42 42 42 43 43 43 44 44 44</p>
          <p>43 43 43 45 45 45 44 44 44</p>
          <p>46 46 46 47 47 47 40 40 40</p>
          <p>47 47 47 41 41 41 40 40 40</p>
          <p>88 88 88 89 89 89 90 90 90</p>
          <p>89 89 89 91 91 91 90 90 90</p>
          <p>92 92 92 93 93 93 94 94 94</p>
          <p>93 93 93 95 95 95 94 94 94</p>
        </polygons>
      </mesh>
    </geometry>
    <geometry id="o_b_koyakashi02_0-lib" name="o_b_koyakashi02_0Mesh">
      <mesh>
        <source id="o_b_koyakashi02_0-lib-Position">
          <float_array id="o_b_koyakashi02_0-lib-Position-array" count="960">
-512.1348 -3.901002 394.0908
-509.3096 -3.905126 394.0908
-512.1348 -3.901002 397.3987
-509.3096 -3.905126 397.3987
-512.1348 21.06244 397.3987
-509.3096 21.06244 397.3987
-512.1348 21.06244 394.0908
-509.3096 21.06244 394.0908
-512.1348 -2.721951 397.3987
-509.3096 -2.71971 397.3987
-512.1348 -2.721951 394.0908
-509.3096 -2.71971 394.0908
-464.9199 -4.00578 394.0908
-462.0947 -4.009903 394.0908
-464.9199 -4.00578 397.3987
-462.0947 -4.009903 397.3987
-464.9199 20.99701 397.3987
-462.0947 20.99701 397.3987
-464.9199 20.99701 394.0908
-462.0947 20.99701 394.0908
-464.9199 -2.787557 397.3987
-462.0947 -2.785316 397.3987
-464.9199 -2.787557 394.0908
-462.0947 -2.785316 394.0908
-508.235 -3.902218 406.5543
-511.0602 -3.90634 406.5543
-508.235 -3.902218 403.2463
-511.0602 -3.90634 403.2463
-508.235 23.68261 403.2463
-511.0602 23.68261 403.2463
-508.235 23.68261 406.5543
-511.0602 23.68261 406.5543
-508.235 -2.306904 403.2463
-511.0602 -2.304661 403.2463
-508.235 -2.306904 406.5543
-511.0602 -2.304661 406.5543
-511.0602 -3.18314 487.7312
-508.235 -3.187263 487.7312
-511.0602 -3.18314 491.0391
-508.235 -3.187263 491.0391
-511.0602 23.68261 491.0391
-508.235 23.68261 491.0391
-511.0602 23.68261 487.7312
-508.235 23.68261 487.7312
-511.0602 -2.315378 491.0391
-508.235 -2.313137 491.0391
-511.0602 -2.315378 487.7312
-508.235 -2.313137 487.7312
-441.0416 -8.430128 406.5543
-443.8668 -8.43425 406.5543
-441.0416 -8.430128 403.2463
-443.8668 -8.43425 403.2463
-441.0416 23.68261 403.2463
-443.8668 23.68261 403.2463
-441.0416 23.68261 406.5543
-443.8668 23.68261 406.5543
-441.0416 -1.945448 403.2463
-443.8668 -1.943205 403.2463
-441.0416 -1.945448 406.5543
-443.8668 -1.943205 406.5543
-443.8668 -3.196815 487.7312
-441.0416 -3.200939 487.7312
-443.8668 -3.196815 491.0391
-441.0416 -3.200939 491.0391
-443.8668 23.68261 491.0391
-441.0416 23.68261 491.0391
-443.8668 23.68261 487.7312
-441.0416 23.68261 487.7312
-443.8668 -2.130951 491.0391
-441.0416 -2.12871 491.0391
-443.8668 -2.130951 487.7312
-441.0416 -2.12871 487.7312
-511.0602 -4.300154 443.0385
-508.235 -4.304278 443.0385
-511.0602 -4.300154 446.3465
-508.235 -4.304278 446.3465
-511.0602 23.68261 446.3465
-508.235 23.68261 446.3465
-511.0602 23.68261 443.0385
-508.235 23.68261 443.0385
-511.0602 -3.432393 446.3465
-508.235 -3.430151 446.3465
-511.0602 -3.432393 443.0386
-508.235 -3.430151 443.0386
-443.8668 -4.31383 443.0385
-441.0416 -4.317954 443.0385
-443.8668 -4.31383 446.3465
-441.0416 -4.317954 446.3465
-443.8668 23.68261 446.3465
-441.0416 23.68261 446.3465
-443.8668 23.68261 443.0385
-441.0416 23.68261 443.0385
-443.8668 -3.247965 446.3465
-441.0416 -3.245724 446.3465
-443.8668 -3.247965 443.0386
-441.0416 -3.245724 443.0386
-512.1348 -3.901002 358.9294
-509.3096 -3.905126 358.9294
-512.1348 -3.901002 362.2373
-509.3096 -3.905126 362.2373
-512.1348 21.06244 362.2373
-509.3096 21.06244 362.2373
-512.1348 21.06244 358.9294
-509.3096 21.06244 358.9294
-512.1348 -2.721951 362.2373
-509.3096 -2.71971 362.2373
-512.1348 -2.721951 358.9294
-509.3096 -2.71971 358.9294
-464.9199 -4.00578 358.9294
-462.0947 -4.009903 358.9294
-464.9199 -4.00578 362.2373
-462.0947 -4.009903 362.2373
-464.9199 20.99701 362.2373
-462.0947 20.99701 362.2373
-464.9199 20.99701 358.9294
-462.0947 20.99701 358.9294
-464.9199 -2.787557 362.2373
-462.0947 -2.785316 362.2373
-464.9199 -2.787557 358.9294
-462.0947 -2.785316 358.9294
-509.3096 -2.71971 394.0908
-509.3096 -3.905126 397.3987
-509.3096 -2.71971 397.3987
-512.1348 21.06244 394.0908
-512.1348 -2.721951 394.0908
-512.1348 -2.721951 397.3987
-512.1348 -2.721951 397.3987
-509.3096 -2.71971 397.3987
-512.1348 21.06244 397.3987
-509.3096 -2.71971 394.0908
-509.3096 -3.905126 394.0908
-512.1348 -2.721951 394.0908
-509.3096 -2.71971 397.3987
-509.3096 -2.71971 394.0908
-509.3096 21.06244 397.3987
-509.3096 21.06244 394.0908
-512.1348 -2.721951 397.3987
-512.1348 -2.721951 394.0908
-512.1348 -3.901002 397.3987
-512.1348 -3.901002 394.0908
-462.0947 -2.785316 394.0908
-462.0947 -4.009903 397.3987
-462.0947 -2.785316 397.3987
-464.9199 20.99701 394.0908
-464.9199 -2.787557 394.0908
-464.9199 -2.787557 397.3987
-464.9199 -2.787557 397.3987
-462.0947 -2.785316 397.3987
-464.9199 20.99701 397.3987
-462.0947 -2.785316 394.0908
-462.0947 -4.009903 394.0908
-464.9199 -2.787557 394.0908
-462.0947 -2.785316 397.3987
-462.0947 -2.785316 394.0908
-462.0947 20.99701 397.3987
-462.0947 20.99701 394.0908
-464.9199 -2.787557 397.3987
-464.9199 -2.787557 394.0908
-464.9199 -4.00578 397.3987
-464.9199 -4.00578 394.0908
-511.0602 -2.304661 406.5543
-511.0602 -3.90634 403.2463
-511.0602 -2.304661 403.2463
-508.235 23.68261 406.5543
-508.235 -2.306904 406.5543
-508.235 -2.306904 403.2463
-508.235 -2.306904 403.2463
-511.0602 -2.304661 403.2463
-508.235 23.68261 403.2463
-511.0602 -2.304661 406.5543
-511.0602 -3.90634 406.5543
-508.235 -2.306904 406.5543
-511.0602 -2.304661 403.2463
-511.0602 -2.304661 406.5543
-511.0602 23.68261 403.2463
-511.0602 23.68261 406.5543
-508.235 -2.306904 403.2463
-508.235 -2.306904 406.5543
-508.235 -3.902218 403.2463
-508.235 -3.902218 406.5543
-508.235 -2.313137 487.7312
-508.235 -3.187263 491.0391
-508.235 -2.313137 491.0391
-511.0602 23.68261 487.7312
-511.0602 -2.315378 487.7312
-511.0602 -2.315378 491.0391
-511.0602 -2.315378 491.0391
-508.235 -2.313137 491.0391
-511.0602 23.68261 491.0391
-508.235 -2.313137 487.7312
-508.235 -3.187263 487.7312
-511.0602 -2.315378 487.7312
-508.235 -2.313137 491.0391
-508.235 -2.313137 487.7312
-508.235 23.68261 491.0391
-508.235 23.68261 487.7312
-511.0602 -2.315378 491.0391
-511.0602 -2.315378 487.7312
-511.0602 -3.18314 491.0391
-511.0602 -3.18314 487.7312
-443.8668 -1.943205 406.5543
-443.8668 -8.43425 403.2463
-443.8668 -1.943205 403.2463
-441.0416 23.68261 406.5543
-441.0416 -1.945448 406.5543
-441.0416 -1.945448 403.2463
-441.0416 -1.945448 403.2463
-443.8668 -1.943205 403.2463
-441.0416 23.68261 403.2463
-443.8668 -1.943205 406.5543
-443.8668 -8.43425 406.5543
-441.0416 -1.945448 406.5543
-443.8668 -1.943205 403.2463
-443.8668 -1.943205 406.5543
-443.8668 23.68261 403.2463
-443.8668 23.68261 406.5543
-441.0416 -1.945448 403.2463
-441.0416 -1.945448 406.5543
-441.0416 -8.430128 403.2463
-441.0416 -8.430128 406.5543
-441.0416 -2.12871 487.7312
-441.0416 -3.200939 491.0391
-441.0416 -2.12871 491.0391
-443.8668 23.68261 487.7312
-443.8668 -2.130951 487.7312
-443.8668 -2.130951 491.0391
-443.8668 -2.130951 491.0391
-441.0416 -2.12871 491.0391
-443.8668 23.68261 491.0391
-441.0416 -2.12871 487.7312
-441.0416 -3.200939 487.7312
-443.8668 -2.130951 487.7312
-441.0416 -2.12871 491.0391
-441.0416 -2.12871 487.7312
-441.0416 23.68261 491.0391
-441.0416 23.68261 487.7312
-443.8668 -2.130951 491.0391
-443.8668 -2.130951 487.7312
-443.8668 -3.196815 491.0391
-443.8668 -3.196815 487.7312
-508.235 -3.430151 443.0386
-508.235 -4.304278 446.3465
-508.235 -3.430151 446.3465
-511.0602 23.68261 443.0385
-511.0602 -3.432393 443.0386
-511.0602 -3.432393 446.3465
-511.0602 -3.432393 446.3465
-508.235 -3.430151 446.3465
-511.0602 23.68261 446.3465
-508.235 -3.430151 443.0386
-508.235 -4.304278 443.0385
-511.0602 -3.432393 443.0386
-508.235 -3.430151 446.3465
-508.235 -3.430151 443.0386
-508.235 23.68261 446.3465
-508.235 23.68261 443.0385
-511.0602 -3.432393 446.3465
-511.0602 -3.432393 443.0386
-511.0602 -4.300154 446.3465
-511.0602 -4.300154 443.0385
-441.0416 -3.245724 443.0386
-441.0416 -4.317954 446.3465
-441.0416 -3.245724 446.3465
-443.8668 23.68261 443.0385
-443.8668 -3.247965 443.0386
-443.8668 -3.247965 446.3465
-443.8668 -3.247965 446.3465
-441.0416 -3.245724 446.3465
-443.8668 23.68261 446.3465
-441.0416 -3.245724 443.0386
-441.0416 -4.317954 443.0385
-443.8668 -3.247965 443.0386
-441.0416 -3.245724 446.3465
-441.0416 -3.245724 443.0386
-441.0416 23.68261 446.3465
-441.0416 23.68261 443.0385
-443.8668 -3.247965 446.3465
-443.8668 -3.247965 443.0386
-443.8668 -4.31383 446.3465
-443.8668 -4.31383 443.0385
-509.3096 -2.71971 358.9294
-509.3096 -3.905126 362.2373
-509.3096 -2.71971 362.2373
-512.1348 21.06244 358.9294
-512.1348 -2.721951 358.9294
-512.1348 -2.721951 362.2373
-512.1348 -2.721951 362.2373
-509.3096 -2.71971 362.2373
-512.1348 21.06244 362.2373
-509.3096 -2.71971 358.9294
-509.3096 -3.905126 358.9294
-512.1348 -2.721951 358.9294
-509.3096 -2.71971 362.2373
-509.3096 -2.71971 358.9294
-509.3096 21.06244 362.2373
-509.3096 21.06244 358.9294
-512.1348 -2.721951 362.2373
-512.1348 -2.721951 358.9294
-512.1348 -3.901002 362.2373
-512.1348 -3.901002 358.9294
-462.0947 -2.785316 358.9294
-462.0947 -4.009903 362.2373
-462.0947 -2.785316 362.2373
-464.9199 20.99701 358.9294
-464.9199 -2.787557 358.9294
-464.9199 -2.787557 362.2373
-464.9199 -2.787557 362.2373
-462.0947 -2.785316 362.2373
-464.9199 20.99701 362.2373
-462.0947 -2.785316 358.9294
-462.0947 -4.009903 358.9294
-464.9199 -2.787557 358.9294
-462.0947 -2.785316 362.2373
-462.0947 -2.785316 358.9294
-462.0947 20.99701 362.2373
-462.0947 20.99701 358.9294
-464.9199 -2.787557 362.2373
-464.9199 -2.787557 358.9294
-464.9199 -4.00578 362.2373
-464.9199 -4.00578 358.9294
</float_array>
          <technique_common>
            <accessor source="#o_b_koyakashi02_0-lib-Position-array" count="320" stride="3">
              <param name="X" type="float" />
              <param name="Y" type="float" />
              <param name="Z" type="float" />
            </accessor>
          </technique_common>
        </source>
        <source id="o_b_koyakashi02_0-lib-Normal0">
          <float_array id="o_b_koyakashi02_0-lib-Normal0-array" count="960">
-0.000009 0.000026 -1
1 0.000028 0
-0.000002 0 1
-0.000007 0 1
-1 0 0
0.000004999999 0 1
-0.000004999999 -0.000001 -1
-0.000004999999 -0.000001 -1
0.000002 0 1
-0.000002 0 1
-0.000004999999 -0.000001 -1
-0.000004999999 -0.000001 -1
-0.000013 0.000025 -1
1 -0.000028 0
0.000001 0 1
-0.000004 0 1
-1 0.000001 0
-0.000004 0 1
-0.000007999999 -0.000001 -1
-0.000007999999 -0.000001 -1
0.000006 0 1
0.000001 0 1
-0.000007999999 -0.000001 -1
-0.000007999999 -0.000001 -1
-0.000001 0.000019 1
-1 0.000003 0
-0.000002 0 -1
0.000012 0 -1
1 0.000001 0
0.000007999999 0 -1
-0.000003 -0.000001 1
-0.000003 -0.000001 1
-0.000016 0 -1
-0.000002 0 -1
-0.000003 -0.000001 1
-0.000003 -0.000001 1
-0.00002 0.000035 -1
1 -0.000039 0
0.000002 0 1
-0.000006 0 1
-1 0 0
-0.000002 0 1
0 -0.000001 -1
0 -0.000001 -1
0.000009999999 0 1
0.000002 0 1
0 -0.000001 -1
0 -0.000001 -1
0.000007 0.000004999999 1
-1 0 0
-0.000009 0 -1
-0.000012 0 -1
1 -0.000001 0
0.000006 0 -1
0.000009999999 -0.000001 1
0.000009999999 -0.000001 1
-0.000006 0 -1
-0.000009 0 -1
0.000009999999 -0.000001 1
0.000009999999 -0.000001 1
0.000014 0.000029 -1
1 0.000016 0
-0.000013 0 1
-0.000009 0 1
-1 -0.000001 0
0.000012 0 1
-0.000007 -0.000001 -1
-0.000007 -0.000001 -1
-0.000016 0 1
-0.000013 0 1
-0.000007 -0.000001 -1
-0.000007 -0.000001 -1
-0.000009 0.000035 -1
1 -0.000039 0
0 0 1
0.000002 0 1
-1 0 0
0.000009 0 1
0 -0.000001 -1
0 -0.000001 -1
-0.000001 0 1
0 0 1
0 -0.000001 -1
0 -0.000001 -1
-0.000009999999 0.000029 -1
1 0.000016 0
0.000007999999 0 1
0.000009 0 1
-1 -0.000001 0
0.000006 0 1
0.000009999999 -0.000001 -1
0.000009999999 -0.000001 -1
0.000007 0 1
0.000007999999 0 1
0.000009999999 -0.000001 -1
0.000009999999 -0.000001 -1
-0.000003 0 -1
1 -0.000014 0
0.000004999999 0 1
0.000006 0 1
-1 0 0
0.000004 0 1
0.000009 0 -1
0.000009 0 -1
0.000004 0 1
0.000004999999 0 1
0.000009 0 -1
0.000009 0 -1
0.000013 0 -1
1 0.000003 0
0.000006 0 1
0.000007 0 1
-1 0.000001 0
0.000014 0 1
-0.000013 0 -1
0.000002 0 -1
0.000004999999 0 1
0.000006 0 1
0.000002 0 -1
0.000017 0 -1
1 0.000007 0
1 0.000007 0
1 -0.000014 0
-1 0 0
-1 0 0
-1 0 0
0.000004999999 0 1
0.000004999999 0 1
0.000004999999 0 1
-0.000001 0.000026 -1
-0.000004999999 0.000026 -1
-0.000004999999 0.000026 -1
1 0.000001 0
1 0 0
1 0 0
1 -0.000001 0
-1 -0.000003 0
-1 0 0
-1 0 0
-1 0.000003 0
1 -0.000013 0
1 -0.000013 0
1 0.000003 0
-1 0 0
-1 0.000001 0
-1 0.000001 0
-0.000004 0 1
-0.000004 0 1
-0.000004 0 1
-0.000004999999 0.000025 -1
-0.000009 0.000025 -1
-0.000009 0.000025 -1
1 0 0
1 0 0
1 0 0
1 0 0
-1 -0.00002 0
-1 0 0
-1 0 0
-1 0.00002 0
-1 -0.000014 0.000004999999
-1 -0.000014 0.000004999999
-1 -0.000032 0.000009
1 0.000001 0
1 0.000001 0
1 0.000001 0
-0.000013 0 -1
-0.000002 0 -1
-0.000002 0 -1
0 0.000019 1
0 0.000019 1
0 0.000019 1
-1 0.000002 0.000009
-1 0.000001 0.000004999999
-1 0.000001 0.000004999999
-1 0.000001 0
1 -0.000019 0
1 0 0
1 0 0
1 0.000019 0
1 -0.000037 0
1 -0.000037 0
1 -0.000034 0
-1 0 0
-1 0 0
-1 0 0
-0.000004999999 0 1
-0.000004 0 1
-0.000004 0 1
-0.000006 0.000035 -1
-0.000013 0.000035 -1
-0.000013 0.000035 -1
1 0.000001 0
1 0 0
1 0 0
1 -0.000001 0
-1 0.000011 0
-1 0 0
-1 0 0
-1 -0.000011 0
-1 0 0
-1 0 0
-1 0.000001 0
1 -0.000001 0
1 -0.000001 0
1 -0.000001 0
0.000011 0 -1
0.000007999999 0 -1
0.000007999999 0 -1
0.000007 0.000004999999 1
0.000007 0.000004999999 1
0.000007 0.000004999999 1
-1 0 0
-1 0 0
-1 0 0
-1 0 0
1 0.000006 0
1 0 0
1 0 0
1 -0.000006 0
1 0.000025 0
1 0.000025 0
1 0.000034 0
-1 -0.000001 0
-1 -0.000001 0
-1 -0.000001 0
0.000009 0 1
0.000011 0 1
0.000011 0 1
0.000004999999 0.000028 -1
0.000009 0.000029 -1
0.000009 0.000029 -1
1 -0.000001 0
1 0 0
1 0 0
1 0.000001 0
-1 0.000016 0
-1 0 0
-1 0 0
-1 -0.000016 0
1 -0.000037 0
1 -0.000037 0
1 -0.000034 0
-1 0 0
-1 0 0
-1 0 0
-0.000007999999 0 1
0.000001 0 1
0.000001 0 1
0.000009999999 0.000035 -1
0.000001 0.000035 -1
0.000001 0.000035 -1
1 0.000001 0
1 0 0
1 0 0
1 -0.000001 0
-1 0.000011 0
-1 0 0
-1 0 0
-1 -0.000011 0
1 0.000025 0
1 0.000025 0
1 0.000034 0
-1 -0.000001 0
-1 -0.000001 0
-1 -0.000001 0
-0.000011 0 1
-0.000002 0 1
-0.000002 0 1
0.000006 0.000028 -1
-0.000002 0.000029 -1
-0.000002 0.000029 -1
1 -0.000001 0
1 0 0
1 0 0
1 0.000001 0
-1 0.000016 0
-1 0 0
-1 0 0
-1 -0.000016 0
1 -0.000014 0
1 -0.000014 0
1 -0.000014 0
-1 0 0
-1 0 0
-1 0 0
0.000013 0 1
0.000007999999 0 1
0.000007999999 0 1
-0.000007 0 -1
-0.000004999999 0 -1
-0.000004999999 0 -1
1 0.000001 0
1 0 0
1 0 0
1 -0.000001 0
-1 -0.000003 0
-1 0 0
-1 0 0
-1 0.000003 0
1 0.000003 0
1 0.000003 0
1 0.000003 0
-1 0.000001 0
-1 0.000001 0
-1 0.000001 0
-0.000006 0 1
0.000004 0 1
0.000004 0 1
-0.000007999999 0 -1
0.000002 0 -1
0.000002 0 -1
1 0 0
1 0 0
1 0 0
1 0 0
-1 -0.00002 0
-1 0 0
-1 0 0
-1 0.00002 0
</float_array>
          <technique_common>
            <accessor source="#o_b_koyakashi02_0-lib-Normal0-array" count="320" stride="3">
              <param name="X" type="float" />
              <param name="Y" type="float" />
              <param name="Z" type="float" />
            </accessor>
          </technique_common>
        </source>
        <source id="o_b_koyakashi02_0-lib-UV0">
          <float_array id="o_b_koyakashi02_0-lib-UV0-array" count="640">
0.610345 0.00684607
0.4742 0.00684607
0.171649 0.006844997
0.307793 0.006844997
0.171649 0.7474641
0.307793 0.7474641
0.610345 0.7474641
0.4742 0.7474641
0.171649 0.168791
0.307794 0.168791
0.610346 0.168791
0.474199 0.168791
0.610345 0.00684607
0.4742 0.00684607
0.171649 0.006844997
0.307793 0.006844997
0.171649 0.7474641
0.307793 0.7474641
0.610345 0.7474641
0.4742 0.7474641
0.171649 0.168791
0.307794 0.168791
0.610346 0.168791
0.474199 0.168791
0.610345 0.00684607
0.4742 0.00684607
0.171649 0.006844997
0.307793 0.006844997
0.171649 0.7474641
0.307793 0.7474641
0.610345 0.7474641
0.4742 0.7474641
0.171649 0.168791
0.307794 0.168791
0.610346 0.168791
0.474199 0.168791
0.610345 0.00684607
0.4742 0.00684607
0.171649 0.006844997
0.307793 0.006844997
0.171649 0.7474641
0.307793 0.7474641
0.610345 0.7474641
0.4742 0.7474641
0.171649 0.168791
0.307794 0.168791
0.610346 0.168791
0.474199 0.168791
0.610345 0.00684607
0.4742 0.00684607
0.171649 0.006844997
0.307793 0.006844997
0.171649 0.7474641
0.307793 0.7474641
0.610345 0.7474641
0.4742 0.7474641
0.171649 0.168791
0.307794 0.168791
0.610346 0.168791
0.474199 0.168791
0.610345 0.00684607
0.4742 0.00684607
0.171649 0.006844997
0.307793 0.006844997
0.171649 0.7474641
0.307793 0.7474641
0.610345 0.7474641
0.4742 0.7474641
0.171649 0.168791
0.307794 0.168791
0.610346 0.168791
0.474199 0.168791
0.610345 0.00684607
0.4742 0.00684607
0.171649 0.006844997
0.307793 0.006844997
0.171649 0.7474641
0.307793 0.7474641
0.610345 0.7474641
0.4742 0.7474641
0.171649 0.168791
0.307794 0.168791
0.610346 0.168791
0.474199 0.168791
0.610345 0.00684607
0.4742 0.00684607
0.171649 0.006844997
0.307793 0.006844997
0.171649 0.7474641
0.307793 0.7474641
0.610345 0.7474641
0.4742 0.7474641
0.171649 0.168791
0.307794 0.168791
0.610346 0.168791
0.474199 0.168791
0.610345 0.00684607
0.4742 0.00684607
0.171649 0.006844997
0.307793 0.006844997
0.171649 0.7474641
0.307793 0.7474641
0.610345 0.7474641
0.4742 0.7474641
0.171649 0.168791
0.307794 0.168791
0.610346 0.168791
0.474199 0.168791
0.610345 0.00684607
0.4742 0.00684607
0.171649 0.006844997
0.307793 0.006844997
0.171649 0.7474641
0.307793 0.7474641
0.610345 0.7474641
0.4742 0.7474641
0.171649 0.168791
0.307794 0.168791
0.610346 0.168791
0.474199 0.168791
0.474199 0.168791
0.307793 0.006844997
0.307794 0.168791
0.005242 0.7474641
0.005243 0.168791
0.171649 0.168791
0.171649 0.168791
0.307794 0.168791
0.171649 0.7474641
0.474199 0.168791
0.4742 0.00684607
0.610346 0.168791
0.307794 0.168791
0.474199 0.168791
0.307793 0.7474641
0.4742 0.7474641
0.171649 0.168791
0.005243 0.168791
0.171649 0.006844997
0.005242 0.00684607
0.474199 0.168791
0.307793 0.006844997
0.307794 0.168791
0.005242 0.7474641
0.005243 0.168791
0.171649 0.168791
0.171649 0.168791
0.307794 0.168791
0.171649 0.7474641
0.474199 0.168791
0.4742 0.00684607
0.610346 0.168791
0.307794 0.168791
0.474199 0.168791
0.307793 0.7474641
0.4742 0.7474641
0.171649 0.168791
0.005243 0.168791
0.171649 0.006844997
0.005242 0.00684607
0.474199 0.168791
0.307793 0.006844997
0.307794 0.168791
0.005242 0.7474641
0.005243 0.168791
0.171649 0.168791
0.171649 0.168791
0.307794 0.168791
0.171649 0.7474641
0.474199 0.168791
0.4742 0.00684607
0.610346 0.168791
0.307794 0.168791
0.474199 0.168791
0.307793 0.7474641
0.4742 0.7474641
0.171649 0.168791
0.005243 0.168791
0.171649 0.006844997
0.005242 0.00684607
0.474199 0.168791
0.307793 0.006844997
0.307794 0.168791
0.005242 0.7474641
0.005243 0.168791
0.171649 0.168791
0.171649 0.168791
0.307794 0.168791
0.171649 0.7474641
0.474199 0.168791
0.4742 0.00684607
0.610346 0.168791
0.307794 0.168791
0.474199 0.168791
0.307793 0.7474641
0.4742 0.7474641
0.171649 0.168791
0.005243 0.168791
0.171649 0.006844997
0.005242 0.00684607
0.474199 0.168791
0.307793 0.006844997
0.307794 0.168791
0.005242 0.7474641
0.005243 0.168791
0.171649 0.168791
0.171649 0.168791
0.307794 0.168791
0.171649 0.7474641
0.474199 0.168791
0.4742 0.00684607
0.610346 0.168791
0.307794 0.168791
0.474199 0.168791
0.307793 0.7474641
0.4742 0.7474641
0.171649 0.168791
0.005243 0.168791
0.171649 0.006844997
0.005242 0.00684607
0.474199 0.168791
0.307793 0.006844997
0.307794 0.168791
0.005242 0.7474641
0.005243 0.168791
0.171649 0.168791
0.171649 0.168791
0.307794 0.168791
0.171649 0.7474641
0.474199 0.168791
0.4742 0.00684607
0.610346 0.168791
0.307794 0.168791
0.474199 0.168791
0.307793 0.7474641
0.4742 0.7474641
0.171649 0.168791
0.005243 0.168791
0.171649 0.006844997
0.005242 0.00684607
0.474199 0.168791
0.307793 0.006844997
0.307794 0.168791
0.005242 0.7474641
0.005243 0.168791
0.171649 0.168791
0.171649 0.168791
0.307794 0.168791
0.171649 0.7474641
0.474199 0.168791
0.4742 0.00684607
0.610346 0.168791
0.307794 0.168791
0.474199 0.168791
0.307793 0.7474641
0.4742 0.7474641
0.171649 0.168791
0.005243 0.168791
0.171649 0.006844997
0.005242 0.00684607
0.474199 0.168791
0.307793 0.006844997
0.307794 0.168791
0.005242 0.7474641
0.005243 0.168791
0.171649 0.168791
0.171649 0.168791
0.307794 0.168791
0.171649 0.7474641
0.474199 0.168791
0.4742 0.00684607
0.610346 0.168791
0.307794 0.168791
0.474199 0.168791
0.307793 0.7474641
0.4742 0.7474641
0.171649 0.168791
0.005243 0.168791
0.171649 0.006844997
0.005242 0.00684607
0.474199 0.168791
0.307793 0.006844997
0.307794 0.168791
0.005242 0.7474641
0.005243 0.168791
0.171649 0.168791
0.171649 0.168791
0.307794 0.168791
0.171649 0.7474641
0.474199 0.168791
0.4742 0.00684607
0.610346 0.168791
0.307794 0.168791
0.474199 0.168791
0.307793 0.7474641
0.4742 0.7474641
0.171649 0.168791
0.005243 0.168791
0.171649 0.006844997
0.005242 0.00684607
0.474199 0.168791
0.307793 0.006844997
0.307794 0.168791
0.005242 0.7474641
0.005243 0.168791
0.171649 0.168791
0.171649 0.168791
0.307794 0.168791
0.171649 0.7474641
0.474199 0.168791
0.4742 0.00684607
0.610346 0.168791
0.307794 0.168791
0.474199 0.168791
0.307793 0.7474641
0.4742 0.7474641
0.171649 0.168791
0.005243 0.168791
0.171649 0.006844997
0.005242 0.00684607
</float_array>
          <technique_common>
            <accessor source="#o_b_koyakashi02_0-lib-UV0-array" count="320" stride="2">
              <param name="S" type="float" />
              <param name="T" type="float" />
            </accessor>
          </technique_common>
        </source>
        <vertices id="o_b_koyakashi02_0-lib-Vertex">
          <input semantic="POSITION" source="#o_b_koyakashi02_0-lib-Position" />
        </vertices>
        <polygons material="m_b_koyaashi" count="160">
          <input semantic="VERTEX" offset="0" source="#o_b_koyakashi02_0-lib-Vertex" />
          <input semantic="NORMAL" offset="1" source="#o_b_koyakashi02_0-lib-Normal0" />
          <input semantic="TEXCOORD" offset="2" set="0" source="#o_b_koyakashi02_0-lib-UV0" />
          <p>3 3 3 9 9 9 2 2 2</p>
          <p>2 2 2 9 9 9 8 8 8</p>
          <p>6 6 6 7 7 7 10 10 10</p>
          <p>7 7 7 11 11 11 10 10 10</p>
          <p>1 1 1 120 120 120 121 121 121</p>
          <p>120 120 120 122 122 122 121 121 121</p>
          <p>123 123 123 124 124 124 4 4 4</p>
          <p>124 124 124 125 125 125 4 4 4</p>
          <p>126 126 126 127 127 127 128 128 128</p>
          <p>127 127 127 5 5 5 128 128 128</p>
          <p>129 129 129 130 130 130 131 131 131</p>
          <p>131 131 131 130 130 130 0 0 0</p>
          <p>132 132 132 133 133 133 134 134 134</p>
          <p>133 133 133 135 135 135 134 134 134</p>
          <p>136 136 136 137 137 137 138 138 138</p>
          <p>137 137 137 139 139 139 138 138 138</p>
          <p>15 15 15 21 21 21 14 14 14</p>
          <p>14 14 14 21 21 21 20 20 20</p>
          <p>18 18 18 19 19 19 22 22 22</p>
          <p>19 19 19 23 23 23 22 22 22</p>
          <p>13 13 13 140 140 140 141 141 141</p>
          <p>140 140 140 142 142 142 141 141 141</p>
          <p>143 143 143 144 144 144 16 16 16</p>
          <p>144 144 144 145 145 145 16 16 16</p>
          <p>146 146 146 147 147 147 148 148 148</p>
          <p>147 147 147 17 17 17 148 148 148</p>
          <p>149 149 149 150 150 150 151 151 151</p>
          <p>151 151 151 150 150 150 12 12 12</p>
          <p>152 152 152 153 153 153 154 154 154</p>
          <p>153 153 153 155 155 155 154 154 154</p>
          <p>156 156 156 157 157 157 158 158 158</p>
          <p>157 157 157 159 159 159 158 158 158</p>
          <p>27 27 27 33 33 33 26 26 26</p>
          <p>26 26 26 33 33 33 32 32 32</p>
          <p>30 30 30 31 31 31 34 34 34</p>
          <p>31 31 31 35 35 35 34 34 34</p>
          <p>25 25 25 160 160 160 161 161 161</p>
          <p>160 160 160 162 162 162 161 161 161</p>
          <p>163 163 163 164 164 164 28 28 28</p>
          <p>164 164 164 165 165 165 28 28 28</p>
          <p>166 166 166 167 167 167 168 168 168</p>
          <p>167 167 167 29 29 29 168 168 168</p>
          <p>169 169 169 170 170 170 171 171 171</p>
          <p>171 171 171 170 170 170 24 24 24</p>
          <p>172 172 172 173 173 173 174 174 174</p>
          <p>173 173 173 175 175 175 174 174 174</p>
          <p>176 176 176 177 177 177 178 178 178</p>
          <p>177 177 177 179 179 179 178 178 178</p>
          <p>39 39 39 45 45 45 38 38 38</p>
          <p>38 38 38 45 45 45 44 44 44</p>
          <p>42 42 42 43 43 43 46 46 46</p>
          <p>43 43 43 47 47 47 46 46 46</p>
          <p>37 37 37 180 180 180 181 181 181</p>
          <p>180 180 180 182 182 182 181 181 181</p>
          <p>183 183 183 184 184 184 40 40 40</p>
          <p>184 184 184 185 185 185 40 40 40</p>
          <p>186 186 186 187 187 187 188 188 188</p>
          <p>187 187 187 41 41 41 188 188 188</p>
          <p>189 189 189 190 190 190 191 191 191</p>
          <p>191 191 191 190 190 190 36 36 36</p>
          <p>192 192 192 193 193 193 194 194 194</p>
          <p>193 193 193 195 195 195 194 194 194</p>
          <p>196 196 196 197 197 197 198 198 198</p>
          <p>197 197 197 199 199 199 198 198 198</p>
          <p>51 51 51 57 57 57 50 50 50</p>
          <p>50 50 50 57 57 57 56 56 56</p>
          <p>54 54 54 55 55 55 58 58 58</p>
          <p>55 55 55 59 59 59 58 58 58</p>
          <p>49 49 49 200 200 200 201 201 201</p>
          <p>200 200 200 202 202 202 201 201 201</p>
          <p>203 203 203 204 204 204 52 52 52</p>
          <p>204 204 204 205 205 205 52 52 52</p>
          <p>206 206 206 207 207 207 208 208 208</p>
          <p>207 207 207 53 53 53 208 208 208</p>
          <p>209 209 209 210 210 210 211 211 211</p>
          <p>211 211 211 210 210 210 48 48 48</p>
          <p>212 212 212 213 213 213 214 214 214</p>
          <p>213 213 213 215 215 215 214 214 214</p>
          <p>216 216 216 217 217 217 218 218 218</p>
          <p>217 217 217 219 219 219 218 218 218</p>
          <p>63 63 63 69 69 69 62 62 62</p>
          <p>62 62 62 69 69 69 68 68 68</p>
          <p>66 66 66 67 67 67 70 70 70</p>
          <p>67 67 67 71 71 71 70 70 70</p>
          <p>61 61 61 220 220 220 221 221 221</p>
          <p>220 220 220 222 222 222 221 221 221</p>
          <p>223 223 223 224 224 224 64 64 64</p>
          <p>224 224 224 225 225 225 64 64 64</p>
          <p>226 226 226 227 227 227 228 228 228</p>
          <p>227 227 227 65 65 65 228 228 228</p>
          <p>229 229 229 230 230 230 231 231 231</p>
          <p>231 231 231 230 230 230 60 60 60</p>
          <p>232 232 232 233 233 233 234 234 234</p>
          <p>233 233 233 235 235 235 234 234 234</p>
          <p>236 236 236 237 237 237 238 238 238</p>
          <p>237 237 237 239 239 239 238 238 238</p>
          <p>75 75 75 81 81 81 74 74 74</p>
          <p>74 74 74 81 81 81 80 80 80</p>
          <p>78 78 78 79 79 79 82 82 82</p>
          <p>79 79 79 83 83 83 82 82 82</p>
          <p>73 73 73 240 240 240 241 241 241</p>
          <p>240 240 240 242 242 242 241 241 241</p>
          <p>243 243 243 244 244 244 76 76 76</p>
          <p>244 244 244 245 245 245 76 76 76</p>
          <p>246 246 246 247 247 247 248 248 248</p>
          <p>247 247 247 77 77 77 248 248 248</p>
          <p>249 249 249 250 250 250 251 251 251</p>
          <p>251 251 251 250 250 250 72 72 72</p>
          <p>252 252 252 253 253 253 254 254 254</p>
          <p>253 253 253 255 255 255 254 254 254</p>
          <p>256 256 256 257 257 257 258 258 258</p>
          <p>257 257 257 259 259 259 258 258 258</p>
          <p>87 87 87 93 93 93 86 86 86</p>
          <p>86 86 86 93 93 93 92 92 92</p>
          <p>90 90 90 91 91 91 94 94 94</p>
          <p>91 91 91 95 95 95 94 94 94</p>
          <p>85 85 85 260 260 260 261 261 261</p>
          <p>260 260 260 262 262 262 261 261 261</p>
          <p>263 263 263 264 264 264 88 88 88</p>
          <p>264 264 264 265 265 265 88 88 88</p>
          <p>266 266 266 267 267 267 268 268 268</p>
          <p>267 267 267 89 89 89 268 268 268</p>
          <p>269 269 269 270 270 270 271 271 271</p>
          <p>271 271 271 270 270 270 84 84 84</p>
          <p>272 272 272 273 273 273 274 274 274</p>
          <p>273 273 273 275 275 275 274 274 274</p>
          <p>276 276 276 277 277 277 278 278 278</p>
          <p>277 277 277 279 279 279 278 278 278</p>
          <p>99 99 99 105 105 105 98 98 98</p>
          <p>98 98 98 105 105 105 104 104 104</p>
          <p>102 102 102 103 103 103 106 106 106</p>
          <p>103 103 103 107 107 107 106 106 106</p>
          <p>97 97 97 280 280 280 281 281 281</p>
          <p>280 280 280 282 282 282 281 281 281</p>
          <p>283 283 283 284 284 284 100 100 100</p>
          <p>284 284 284 285 285 285 100 100 100</p>
          <p>286 286 286 287 287 287 288 288 288</p>
          <p>287 287 287 101 101 101 288 288 288</p>
          <p>289 289 289 290 290 290 291 291 291</p>
          <p>291 291 291 290 290 290 96 96 96</p>
          <p>292 292 292 293 293 293 294 294 294</p>
          <p>293 293 293 295 295 295 294 294 294</p>
          <p>296 296 296 297 297 297 298 298 298</p>
          <p>297 297 297 299 299 299 298 298 298</p>
          <p>111 111 111 117 117 117 110 110 110</p>
          <p>110 110 110 117 117 117 116 116 116</p>
          <p>114 114 114 115 115 115 118 118 118</p>
          <p>115 115 115 119 119 119 118 118 118</p>
          <p>109 109 109 300 300 300 301 301 301</p>
          <p>300 300 300 302 302 302 301 301 301</p>
          <p>303 303 303 304 304 304 112 112 112</p>
          <p>304 304 304 305 305 305 112 112 112</p>
          <p>306 306 306 307 307 307 308 308 308</p>
          <p>307 307 307 113 113 113 308 308 308</p>
          <p>309 309 309 310 310 310 311 311 311</p>
          <p>311 311 311 310 310 310 108 108 108</p>
          <p>312 312 312 313 313 313 314 314 314</p>
          <p>313 313 313 315 315 315 314 314 314</p>
          <p>316 316 316 317 317 317 318 318 318</p>
          <p>317 317 317 319 319 319 318 318 318</p>
        </polygons>
      </mesh>
    </geometry>
    <geometry id="o_b_koyakaidan_0-lib" name="o_b_koyakaidan_0Mesh">
      <mesh>
        <source id="o_b_koyakaidan_0-lib-Position">
          <float_array id="o_b_koyakaidan_0-lib-Position-array" count="120">
-493.4819 37.88082 400.8328
-493.4819 37.88082 400.6558
-493.4819 37.70566 400.8328
-493.4819 37.70566 400.6558
-492.1503 37.70566 400.8328
-492.1503 37.70566 400.6558
-492.1502 37.88082 400.8328
-492.1502 37.88082 400.6558
-463.521 38.70042 426.3873
-463.344 38.70042 426.3873
-463.521 38.52526 426.3872
-463.344 38.52526 426.3872
-463.521 38.52526 427.7189
-463.344 38.52526 427.7189
-463.521 38.70042 427.7189
-463.344 38.70042 427.7189
-492.1503 37.70566 400.8328
-492.1503 37.70566 400.6558
-492.1502 37.88082 400.8328
-492.1502 37.88082 400.6558
-492.1502 37.88082 400.6558
-492.1503 37.70566 400.6558
-493.4819 37.88082 400.6558
-493.4819 37.70566 400.6558
-492.1502 37.88082 400.8328
-493.4819 37.88082 400.8328
-492.1503 37.70566 400.8328
-493.4819 37.70566 400.8328
-463.521 38.52526 427.7189
-463.344 38.52526 427.7189
-463.521 38.70042 427.7189
-463.344 38.70042 427.7189
-463.344 38.70042 427.7189
-463.344 38.52526 427.7189
-463.344 38.70042 426.3873
-463.344 38.52526 426.3872
-463.521 38.70042 427.7189
-463.521 38.70042 426.3873
-463.521 38.52526 427.7189
-463.521 38.52526 426.3872
</float_array>
          <technique_common>
            <accessor source="#o_b_koyakaidan_0-lib-Position-array" count="40" stride="3">
              <param name="X" type="float" />
              <param name="Y" type="float" />
              <param name="Z" type="float" />
            </accessor>
          </technique_common>
        </source>
        <source id="o_b_koyakaidan_0-lib-Normal0">
          <float_array id="o_b_koyakaidan_0-lib-Normal0-array" count="120">
0 1 0.000007999999
0 1 0.000007999999
0 -1 0.000013
0 -1 0.000013
0 -1 0.000013
0 -1 0.000013
1 -0.000246 0
1 -0.000136 0
0 1 -0.000002
0 1 -0.000003
0 -1 0.000001
0 -1 0
0 -1 0
0 -1 -0.000001
0.000209 -0.000348 1
0.000209 -0.000348 1
1 -0.000357 0
1 -0.000246 0
0 1 0.000007999999
0 1 0.000007999999
-0.000025 0 -1
-0.000025 0 -1
-0.000025 0 -1
-0.000025 0 -1
-0.000019 0 1
-0.000019 0 1
-0.000019 0 1
-0.000019 0 1
0.000209 -0.000348 1
0.000209 -0.000348 1
0 1 -0.000001
0 1 -0.000002
1 -0.000039 0
1 0.00009 0
1 0.00009 0
1 0.000219 0
-1 -0.000175 0
-1 -0.000125 0
-1 -0.000125 0
-1 -0.000076 0
</float_array>
          <technique_common>
            <accessor source="#o_b_koyakaidan_0-lib-Normal0-array" count="40" stride="3">
              <param name="X" type="float" />
              <param name="Y" type="float" />
              <param name="Z" type="float" />
            </accessor>
          </technique_common>
        </source>
        <source id="o_b_koyakaidan_0-lib-UV0">
          <float_array id="o_b_koyakaidan_0-lib-UV0-array" count="80">
0.453171 1.007685
0.34282 1.007685
0.123565 1.007685
0.233919 1.007685
0.123565 1.994376
0.233919 1.994376
0.993495 1.990553
0.993495 1.819327
0.453171 1.007685
0.34282 1.007685
0.123565 1.007685
0.233919 1.007685
0.123565 1.994376
0.233919 1.994376
0.993495 1.990553
0.993495 1.819327
0.793026 1.990553
0.793026 1.819327
0.453171 1.994376
0.34282 1.994376
0.34282 1.994376
0.233919 1.994376
0.34282 1.007685
0.233919 1.007685
0.014666 1.994376
0.014666 1.007685
0.123565 1.994376
0.123565 1.007685
0.793026 1.990553
0.793026 1.819327
0.453171 1.994376
0.34282 1.994376
0.34282 1.994376
0.233919 1.994376
0.34282 1.007685
0.233919 1.007685
0.014666 1.994376
0.014666 1.007685
0.123565 1.994376
0.123565 1.007685
</float_array>
          <technique_common>
            <accessor source="#o_b_koyakaidan_0-lib-UV0-array" count="40" stride="2">
              <param name="S" type="float" />
              <param name="T" type="float" />
            </accessor>
          </technique_common>
        </source>
        <vertices id="o_b_koyakaidan_0-lib-Vertex">
          <input semantic="POSITION" source="#o_b_koyakaidan_0-lib-Position" />
        </vertices>
        <polygons material="m_b_koyahashira" count="20">
          <input semantic="VERTEX" offset="0" source="#o_b_koyakaidan_0-lib-Vertex" />
          <input semantic="NORMAL" offset="1" source="#o_b_koyakaidan_0-lib-Normal0" />
          <input semantic="TEXCOORD" offset="2" set="0" source="#o_b_koyakaidan_0-lib-UV0" />
          <p>2 2 2 3 3 3 4 4 4</p>
          <p>3 3 3 5 5 5 4 4 4</p>
          <p>16 16 16 17 17 17 6 6 6</p>
          <p>17 17 17 7 7 7 6 6 6</p>
          <p>18 18 18 19 19 19 0 0 0</p>
          <p>19 19 19 1 1 1 0 0 0</p>
          <p>20 20 20 21 21 21 22 22 22</p>
          <p>22 22 22 21 21 21 23 23 23</p>
          <p>24 24 24 25 25 25 26 26 26</p>
          <p>25 25 25 27 27 27 26 26 26</p>
          <p>10 10 10 11 11 11 12 12 12</p>
          <p>11 11 11 13 13 13 12 12 12</p>
          <p>28 28 28 29 29 29 14 14 14</p>
          <p>29 29 29 15 15 15 14 14 14</p>
          <p>30 30 30 31 31 31 8 8 8</p>
          <p>31 31 31 9 9 9 8 8 8</p>
          <p>32 32 32 33 33 33 34 34 34</p>
          <p>34 34 34 33 33 33 35 35 35</p>
          <p>36 36 36 37 37 37 38 38 38</p>
          <p>37 37 37 39 39 39 38 38 38</p>
        </polygons>
      </mesh>
    </geometry>
    <geometry id="o_b_koyakaidan_1-lib" name="o_b_koyakaidan_1Mesh">
      <mesh>
        <source id="o_b_koyakaidan_1-lib-Position">
          <float_array id="o_b_koyakaidan_1-lib-Position-array" count="240">
-314.5605 3.108454 417.122
-309.8246 3.108454 417.122
-318.9544 6.189881 417.122
-313.6665 6.189881 417.122
-322.8521 9.081352 417.122
-317.3008 9.081352 417.122
-326.8267 12.10294 417.122
-321.5388 12.10294 417.122
-331.0894 15.23437 417.122
-325.6616 15.23437 417.122
-424.2201 20.36213 440.7584
-428.9921 20.36213 440.7584
-427.5182 21.9221 417.2769
-433.0496 21.9221 417.2769
-427.5182 22.41328 417.2769
-433.0496 22.41328 417.2769
-427.5182 22.41328 440.7584
-433.0496 22.41328 440.7584
-427.5182 21.9221 440.7584
-433.0496 21.9221 440.7584
-431.3521 24.39847 440.7584
-437.7673 24.39847 440.7584
-314.5605 3.108454 440.9985
-309.8246 3.108454 440.9985
-314.5605 2.670998 417.122
-309.8246 2.670998 417.122
-314.5605 2.670998 440.9985
-309.8246 2.670998 440.9985
-318.9544 6.189881 440.9985
-313.6665 6.189881 440.9985
-318.9544 5.752425 417.122
-313.6665 5.752425 417.122
-318.9544 5.752425 440.9985
-313.6665 5.752425 440.9985
-322.8521 9.081352 440.9985
-317.3008 9.081352 440.9985
-322.8521 8.643896 417.122
-317.3008 8.643896 417.122
-322.8521 8.643896 440.9985
-317.3008 8.643896 440.9985
-326.8267 12.10294 440.9985
-321.5388 12.10294 440.9985
-326.8267 11.66549 417.122
-321.5388 11.66549 417.122
-326.8267 11.66549 440.9985
-321.5388 11.66549 440.9985
-331.0894 15.23437 440.9985
-325.6616 15.23437 440.9985
-331.0894 14.79691 417.122
-325.6616 14.79691 417.122
-331.0894 14.79691 440.9985
-325.6616 14.79691 440.9985
-424.2201 20.36213 417.2769
-428.9921 20.36213 417.2769
-424.2201 19.87095 440.7584
-428.9921 19.87095 440.7584
-424.2201 19.87095 417.2769
-428.9921 19.87095 417.2769
-427.5182 22.41328 417.2769
-433.0496 22.41328 417.2769
-427.5182 22.41328 440.7584
-433.0496 22.41328 440.7584
-427.5182 21.9221 440.7584
-433.0496 21.9221 440.7584
-427.5182 21.9221 417.2769
-433.0496 21.9221 417.2769
-433.0496 21.9221 417.2769
-433.0496 21.9221 440.7584
-433.0496 22.41328 417.2769
-433.0496 22.41328 440.7584
-427.5182 21.9221 440.7584
-427.5182 21.9221 417.2769
-427.5182 22.41328 440.7584
-427.5182 22.41328 417.2769
-431.3522 24.39847 417.2769
-437.7673 24.39847 417.2769
-431.3521 23.9073 440.7584
-437.7673 23.9073 440.7584
-431.3522 23.9073 417.2769
-437.7673 23.9073 417.2769
</float_array>
          <technique_common>
            <accessor source="#o_b_koyakaidan_1-lib-Position-array" count="80" stride="3">
              <param name="X" type="float" />
              <param name="Y" type="float" />
              <param name="Z" type="float" />
            </accessor>
          </technique_common>
        </source>
        <source id="o_b_koyakaidan_1-lib-Normal0">
          <float_array id="o_b_koyakaidan_1-lib-Normal0-array" count="240">
0 1 0
0 1 0
0 1 0
0 1 0
0 1 0
0 1 0
0 1 0
0 1 0
0 1 0
0 1 0
0 1 0
0 1 0
-0.000002 0 -1
-0.000002 0 -1
-0.000002 0 -1
-0.000002 0 -1
0 1 0
0 1 0
0.000004999999 0 1
0.000004999999 0 1
0 1 0
0 1 0
0 1 0
0 1 0
0 -1 0
0 -1 0
0 -1 0
0 -1 0
0 1 0
0 1 0
0 -1 0
0 -1 0
0 -1 0
0 -1 0
0 1 0
0 1 0
0 -1 0
0 -1 0
0 -1 0
0 -1 0
0 1 0
0 1 0
0 -1 0
0 -1 0
0 -1 0
0 -1 0
0 1 0
0 1 0
0 -1 0
0 -1 0
0 -1 0
0 -1 0
0 1 0
0 1 0
0 -1 0
0 -1 0
0 -1 0
0 -1 0
0 1 0
0 1 0
0.000004999999 0 1
0.000004999999 0 1
0 -1 0
0 -1 0
0 -1 0
0 -1 0
-1 0.00007099999 0.000001
-1 0 0.000001
-1 0 0.000001
-1 -0.00007099999 0.000001
1 0.000034 -0.000003
1 0 -0.000003
1 0 -0.000003
1 -0.000034 -0.000003
0 1 0
0 1 0
0 -1 0
0 -1 0
0 -1 0
0 -1 0
</float_array>
          <technique_common>
            <accessor source="#o_b_koyakaidan_1-lib-Normal0-array" count="80" stride="3">
              <param name="X" type="float" />
              <param name="Y" type="float" />
              <param name="Z" type="float" />
            </accessor>
          </technique_common>
        </source>
        <source id="o_b_koyakaidan_1-lib-UV0">
          <float_array id="o_b_koyakaidan_1-lib-UV0-array" count="160">
0.528276 0.99143
0.756458 0.99143
0.528276 0.99143
0.756458 0.99143
0.528276 0.99143
0.756458 0.99143
0.528276 0.99143
0.756458 0.99143
0.528276 0.991429
0.756457 0.991429
0.259861 1.009816
0.006477 1.009816
0.8572451 0.993457
0.8572451 0.749376
0.919395 0.993457
0.919395 0.749376
0.259861 1.009816
0.006477 1.009816
0.929287 0.749376
0.929287 0.993457
0.259861 1.009816
0.006477 1.009816
0.528276 0.01019907
0.756458 0.01019907
0.7596761 1.011687
0.987857 1.011687
0.7596761 1.993942
0.987857 1.993942
0.528276 0.01019907
0.756458 0.01019907
0.7596761 1.011687
0.987857 1.011687
0.7596761 1.993942
0.987857 1.993942
0.528276 0.01019907
0.756458 0.01019907
0.7596761 1.011687
0.987857 1.011687
0.7596761 1.993942
0.987857 1.993942
0.528276 0.01019907
0.756458 0.01019907
0.7596761 1.011687
0.987857 1.011687
0.7596761 1.993942
0.987857 1.993942
0.528276 0.01019907
0.756457 0.01019907
0.7596761 1.011687
0.987857 1.011687
0.7596761 1.993942
0.987857 1.993942
0.259861 1.993942
0.006477 1.993942
0.521208 1.993942
0.267823 1.993942
0.521208 1.009816
0.267823 1.009816
0.259861 1.993942
0.006477 1.993942
0.9902331 0.749376
0.9902331 0.993457
0.521208 1.993942
0.267823 1.993942
0.521208 1.009816
0.267823 1.009816
0.8572451 0.744544
0.8572451 0.007947922
0.919395 0.744544
0.919395 0.007947922
0.929287 0.744544
0.929287 0.007947922
0.9902331 0.744544
0.9902331 0.007947922
0.259861 1.993942
0.006477 1.993942
0.521208 1.993942
0.267823 1.993942
0.521208 1.009816
0.267823 1.009816
</float_array>
          <technique_common>
            <accessor source="#o_b_koyakaidan_1-lib-UV0-array" count="80" stride="2">
              <param name="S" type="float" />
              <param name="T" type="float" />
            </accessor>
          </technique_common>
        </source>
        <vertices id="o_b_koyakaidan_1-lib-Vertex">
          <input semantic="POSITION" source="#o_b_koyakaidan_1-lib-Position" />
        </vertices>
        <polygons material="m_b_koyakaidan01" count="40">
          <input semantic="VERTEX" offset="0" source="#o_b_koyakaidan_1-lib-Vertex" />
          <input semantic="NORMAL" offset="1" source="#o_b_koyakaidan_1-lib-Normal0" />
          <input semantic="TEXCOORD" offset="2" set="0" source="#o_b_koyakaidan_1-lib-UV0" />
          <p>22 22 22 23 23 23 0 0 0</p>
          <p>23 23 23 1 1 1 0 0 0</p>
          <p>24 24 24 25 25 25 26 26 26</p>
          <p>25 25 25 27 27 27 26 26 26</p>
          <p>28 28 28 29 29 29 2 2 2</p>
          <p>29 29 29 3 3 3 2 2 2</p>
          <p>30 30 30 31 31 31 32 32 32</p>
          <p>31 31 31 33 33 33 32 32 32</p>
          <p>34 34 34 35 35 35 4 4 4</p>
          <p>35 35 35 5 5 5 4 4 4</p>
          <p>36 36 36 37 37 37 38 38 38</p>
          <p>37 37 37 39 39 39 38 38 38</p>
          <p>40 40 40 41 41 41 6 6 6</p>
          <p>41 41 41 7 7 7 6 6 6</p>
          <p>42 42 42 43 43 43 44 44 44</p>
          <p>43 43 43 45 45 45 44 44 44</p>
          <p>46 46 46 47 47 47 8 8 8</p>
          <p>47 47 47 9 9 9 8 8 8</p>
          <p>48 48 48 49 49 49 50 50 50</p>
          <p>49 49 49 51 51 51 50 50 50</p>
          <p>52 52 52 53 53 53 10 10 10</p>
          <p>53 53 53 11 11 11 10 10 10</p>
          <p>54 54 54 55 55 55 56 56 56</p>
          <p>55 55 55 57 57 57 56 56 56</p>
          <p>12 12 12 13 13 13 14 14 14</p>
          <p>13 13 13 15 15 15 14 14 14</p>
          <p>58 58 58 59 59 59 16 16 16</p>
          <p>59 59 59 17 17 17 16 16 16</p>
          <p>60 60 60 61 61 61 18 18 18</p>
          <p>61 61 61 19 19 19 18 18 18</p>
          <p>62 62 62 63 63 63 64 64 64</p>
          <p>63 63 63 65 65 65 64 64 64</p>
          <p>66 66 66 67 67 67 68 68 68</p>
          <p>67 67 67 69 69 69 68 68 68</p>
          <p>70 70 70 71 71 71 72 72 72</p>
          <p>71 71 71 73 73 73 72 72 72</p>
          <p>74 74 74 75 75 75 20 20 20</p>
          <p>75 75 75 21 21 21 20 20 20</p>
          <p>76 76 76 77 77 77 78 78 78</p>
          <p>77 77 77 79 79 79 78 78 78</p>
        </polygons>
      </mesh>
    </geometry>
    <geometry id="o_b_koyakaidan_2-lib" name="o_b_koyakaidan_2Mesh">
      <mesh>
        <source id="o_b_koyakaidan_2-lib-Position">
          <float_array id="o_b_koyakaidan_2-lib-Position-array" count="336">
-314.5605 2.670998 440.9985
-309.8246 2.670998 440.9985
-314.5605 3.108454 440.9985
-309.8246 3.108454 440.9985
-314.5605 2.670998 417.122
-309.8246 2.670998 417.122
-318.9544 5.752425 440.9985
-313.6665 5.752425 440.9985
-318.9544 6.189881 440.9985
-313.6665 6.189881 440.9985
-318.9544 5.752425 417.122
-313.6665 5.752425 417.122
-322.8521 8.643896 440.9985
-317.3008 8.643896 440.9985
-322.8521 9.081352 440.9985
-317.3008 9.081352 440.9985
-322.8521 8.643896 417.122
-317.3008 8.643896 417.122
-326.8267 11.66549 440.9985
-321.5388 11.66549 440.9985
-326.8267 12.10294 440.9985
-321.5388 12.10294 440.9985
-326.8267 11.66549 417.122
-321.5388 11.66549 417.122
-331.0894 14.79691 440.9985
-325.6616 14.79691 440.9985
-331.0894 15.23437 440.9985
-325.6616 15.23437 440.9985
-331.0894 14.79691 417.122
-325.6616 14.79691 417.122
-424.2201 19.87095 417.2769
-428.9921 19.87095 417.2769
-424.2201 20.36213 417.2769
-428.9921 20.36213 417.2769
-424.2201 19.87095 440.7584
-428.9921 19.87095 440.7584
-431.3522 23.9073 417.2769
-437.7673 23.9073 417.2769
-431.3522 24.39847 417.2769
-437.7673 24.39847 417.2769
-431.3521 23.9073 440.7584
-437.7673 23.9073 440.7584
-314.5605 3.108454 417.122
-309.8246 3.108454 417.122
-309.8246 2.670998 440.9985
-309.8246 2.670998 417.122
-309.8246 3.108454 440.9985
-309.8246 3.108454 417.122
-314.5605 2.670998 417.122
-314.5605 2.670998 440.9985
-314.5605 3.108454 417.122
-314.5605 3.108454 440.9985
-318.9544 6.189881 417.122
-313.6665 6.189881 417.122
-313.6665 5.752425 440.9985
-313.6665 5.752425 417.122
-313.6665 6.189881 440.9985
-313.6665 6.189881 417.122
-318.9544 5.752425 417.122
-318.9544 5.752425 440.9985
-318.9544 6.189881 417.122
-318.9544 6.189881 440.9985
-322.8521 9.081352 417.122
-317.3008 9.081352 417.122
-317.3008 8.643896 440.9985
-317.3008 8.643896 417.122
-317.3008 9.081352 440.9985
-317.3008 9.081352 417.122
-322.8521 8.643896 417.122
-322.8521 8.643896 440.9985
-322.8521 9.081352 417.122
-322.8521 9.081352 440.9985
-326.8267 12.10294 417.122
-321.5388 12.10294 417.122
-321.5388 11.66549 440.9985
-321.5388 11.66549 417.122
-321.5388 12.10294 440.9985
-321.5388 12.10294 417.122
-326.8267 11.66549 417.122
-326.8267 11.66549 440.9985
-326.8267 12.10294 417.122
-326.8267 12.10294 440.9985
-331.0894 15.23437 417.122
-325.6616 15.23437 417.122
-325.6616 14.79691 440.9985
-325.6616 14.79691 417.122
-325.6616 15.23437 440.9985
-325.6616 15.23437 417.122
-331.0894 14.79691 417.122
-331.0894 14.79691 440.9985
-331.0894 15.23437 417.122
-331.0894 15.23437 440.9985
-424.2201 20.36213 440.7584
-428.9921 20.36213 440.7584
-428.9921 19.87095 417.2769
-428.9921 19.87095 440.7584
-428.9921 20.36213 417.2769
-428.9921 20.36213 440.7584
-424.2201 19.87095 440.7584
-424.2201 19.87095 417.2769
-424.2201 20.36213 440.7584
-424.2201 20.36213 417.2769
-431.3521 24.39847 440.7584
-437.7673 24.39847 440.7584
-437.7673 23.9073 417.2769
-437.7673 23.9073 440.7584
-437.7673 24.39847 417.2769
-437.7673 24.39847 440.7584
-431.3521 23.9073 440.7584
-431.3522 23.9073 417.2769
-431.3521 24.39847 440.7584
-431.3522 24.39847 417.2769
</float_array>
          <technique_common>
            <accessor source="#o_b_koyakaidan_2-lib-Position-array" count="112" stride="3">
              <param name="X" type="float" />
              <param name="Y" type="float" />
              <param name="Z" type="float" />
            </accessor>
          </technique_common>
        </source>
        <source id="o_b_koyakaidan_2-lib-Normal0">
          <float_array id="o_b_koyakaidan_2-lib-Normal0-array" count="336">
0.000004 0 1
0.000004 0 1
0.000004 0 1
0.000004 0 1
0 0 -1
0 0 -1
0.000003 0 1
0.000003 0 1
0.000003 0 1
0.000003 0 1
0 0 -1
0 0 -1
0.000003 0 1
0.000003 0 1
0.000003 0 1
0.000003 0 1
0 0 -1
0 0 -1
0.000003 0 1
0.000003 0 1
0.000003 0 1
0.000003 0 1
0 0 -1
0 0 -1
0.000003 0 1
0.000003 0 1
0.000003 0 1
0.000003 0 1
0 0 -1
0 0 -1
-0.000003 0 -1
-0.000003 0 -1
-0.000003 0 -1
-0.000003 0 -1
0.000006 0 1
0.000006 0 1
-0.000002 0 -1
-0.000002 0 -1
-0.000002 0 -1
-0.000002 0 -1
0.000004 0 1
0.000004 0 1
0 0 -1
0 0 -1
1 -0.000024 0
1 0 0
1 0 0
1 0.000024 0
-1 0.000013 0
-1 0 0
-1 0 0
-1 -0.000013 0
0 0 -1
0 0 -1
1 -0.000002 0
1 0 0
1 0 0
1 0.000002 0
-1 -0.000044 0
-1 0 0
-1 0 0
-1 0.000044 0
0 0 -1
0 0 -1
1 -0.000026 0
1 0 0
1 0 0
1 0.000026 0
-1 0.000037 0
-1 0 0
-1 0 0
-1 -0.000037 0
0 0 -1
0 0 -1
1 -0.00002 0
1 0 0
1 0 0
1 0.00002 0
-1 -0.000025 0
-1 0 0
-1 0 0
-1 0.000025 0
0 0 -1
0 0 -1
1 0.000044 0
1 0 0
1 0 0
1 -0.000044 0
-1 -0.000007 0
-1 0 0
-1 0 0
-1 0.000007 0
0.000006 0 1
0.000006 0 1
-1 -0.000015 0
-1 0 0
-1 0 0
-1 0.000015 0
1 0.000021 0
1 0 0
1 0 0
1 -0.000021 0
0.000004 0 1
0.000004 0 1
-1 -0.000038 0
-1 0 0
-1 0 0
-1 0.000038 0
1 0.000018 -0.000001
1 0 -0.000001
1 0 -0.000001
1 -0.000018 -0.000001
</float_array>
          <technique_common>
            <accessor source="#o_b_koyakaidan_2-lib-Normal0-array" count="112" stride="3">
              <param name="X" type="float" />
              <param name="Y" type="float" />
              <param name="Z" type="float" />
            </accessor>
          </technique_common>
        </source>
        <source id="o_b_koyakaidan_2-lib-UV0">
          <float_array id="o_b_koyakaidan_2-lib-UV0-array" count="224">
0.9193939 0.749376
0.9193939 0.993457
0.8572451 0.749376
0.8572451 0.993457
0.9902331 0.993457
0.9902331 0.749376
0.9193939 0.749376
0.9193939 0.993457
0.8572451 0.749376
0.8572451 0.993457
0.9902331 0.993457
0.9902331 0.749376
0.9193939 0.749376
0.9193939 0.993457
0.8572451 0.749376
0.8572451 0.993457
0.9902331 0.993457
0.9902331 0.749376
0.9193939 0.749376
0.9193939 0.993457
0.8572451 0.749376
0.8572451 0.993457
0.9902331 0.993457
0.9902331 0.749376
0.9193939 0.749376
0.9193939 0.993457
0.8572451 0.749376
0.8572451 0.993457
0.9902331 0.993457
0.9902331 0.749376
0.8572451 0.993457
0.8572451 0.749376
0.919395 0.993457
0.919395 0.749376
0.929287 0.749376
0.929287 0.993457
0.8572451 0.993457
0.8572451 0.749376
0.919395 0.993457
0.919395 0.749376
0.929287 0.749376
0.929287 0.993457
0.929287 0.993457
0.929287 0.749376
0.9902331 0.007947922
0.9902331 0.744544
0.929287 0.007947922
0.929287 0.744544
0.919395 0.007947922
0.9193939 0.744544
0.8572451 0.007947922
0.8572451 0.744544
0.929287 0.993457
0.929287 0.749376
0.9902331 0.007947922
0.9902331 0.744544
0.929287 0.007947922
0.929287 0.744544
0.919395 0.007947922
0.9193939 0.744544
0.8572451 0.007947922
0.8572451 0.744544
0.929287 0.993457
0.929287 0.749376
0.9902331 0.007947922
0.9902331 0.744544
0.929287 0.007947922
0.929287 0.744544
0.919395 0.007947922
0.9193939 0.744544
0.8572451 0.007947922
0.8572451 0.744544
0.929287 0.993457
0.929287 0.749376
0.9902331 0.007947922
0.9902331 0.744544
0.929287 0.007947922
0.929287 0.744544
0.919395 0.007947922
0.9193939 0.744544
0.8572451 0.007947922
0.8572451 0.744544
0.929287 0.993457
0.929287 0.749376
0.9902331 0.007947922
0.9902331 0.744544
0.929287 0.007947922
0.929287 0.744544
0.919395 0.007947922
0.9193939 0.744544
0.8572451 0.007947922
0.8572451 0.744544
0.9902331 0.749376
0.9902331 0.993457
0.8572451 0.744544
0.8572451 0.007947922
0.919395 0.744544
0.919395 0.007947922
0.929287 0.744544
0.929287 0.007947922
0.9902331 0.744544
0.9902331 0.007947922
0.9902331 0.749376
0.9902331 0.993457
0.8572451 0.744544
0.8572451 0.007947922
0.919395 0.744544
0.919395 0.007947922
0.929287 0.744544
0.929287 0.007947922
0.9902331 0.744544
0.9902331 0.007947922
</float_array>
          <technique_common>
            <accessor source="#o_b_koyakaidan_2-lib-UV0-array" count="112" stride="2">
              <param name="S" type="float" />
              <param name="T" type="float" />
            </accessor>
          </technique_common>
        </source>
        <vertices id="o_b_koyakaidan_2-lib-Vertex">
          <input semantic="POSITION" source="#o_b_koyakaidan_2-lib-Position" />
        </vertices>
        <polygons material="m_b_koyakaidan00" count="56">
          <input semantic="VERTEX" offset="0" source="#o_b_koyakaidan_2-lib-Vertex" />
          <input semantic="NORMAL" offset="1" source="#o_b_koyakaidan_2-lib-Normal0" />
          <input semantic="TEXCOORD" offset="2" set="0" source="#o_b_koyakaidan_2-lib-UV0" />
          <p>0 0 0 1 1 1 2 2 2</p>
          <p>1 1 1 3 3 3 2 2 2</p>
          <p>42 42 42 43 43 43 4 4 4</p>
          <p>43 43 43 5 5 5 4 4 4</p>
          <p>44 44 44 45 45 45 46 46 46</p>
          <p>45 45 45 47 47 47 46 46 46</p>
          <p>48 48 48 49 49 49 50 50 50</p>
          <p>49 49 49 51 51 51 50 50 50</p>
          <p>6 6 6 7 7 7 8 8 8</p>
          <p>7 7 7 9 9 9 8 8 8</p>
          <p>52 52 52 53 53 53 10 10 10</p>
          <p>53 53 53 11 11 11 10 10 10</p>
          <p>54 54 54 55 55 55 56 56 56</p>
          <p>55 55 55 57 57 57 56 56 56</p>
          <p>58 58 58 59 59 59 60 60 60</p>
          <p>59 59 59 61 61 61 60 60 60</p>
          <p>12 12 12 13 13 13 14 14 14</p>
          <p>13 13 13 15 15 15 14 14 14</p>
          <p>62 62 62 63 63 63 16 16 16</p>
          <p>63 63 63 17 17 17 16 16 16</p>
          <p>64 64 64 65 65 65 66 66 66</p>
          <p>65 65 65 67 67 67 66 66 66</p>
          <p>68 68 68 69 69 69 70 70 70</p>
          <p>69 69 69 71 71 71 70 70 70</p>
          <p>18 18 18 19 19 19 20 20 20</p>
          <p>19 19 19 21 21 21 20 20 20</p>
          <p>72 72 72 73 73 73 22 22 22</p>
          <p>73 73 73 23 23 23 22 22 22</p>
          <p>74 74 74 75 75 75 76 76 76</p>
          <p>75 75 75 77 77 77 76 76 76</p>
          <p>78 78 78 79 79 79 80 80 80</p>
          <p>79 79 79 81 81 81 80 80 80</p>
          <p>24 24 24 25 25 25 26 26 26</p>
          <p>25 25 25 27 27 27 26 26 26</p>
          <p>82 82 82 83 83 83 28 28 28</p>
          <p>83 83 83 29 29 29 28 28 28</p>
          <p>84 84 84 85 85 85 86 86 86</p>
          <p>85 85 85 87 87 87 86 86 86</p>
          <p>88 88 88 89 89 89 90 90 90</p>
          <p>89 89 89 91 91 91 90 90 90</p>
          <p>30 30 30 31 31 31 32 32 32</p>
          <p>31 31 31 33 33 33 32 32 32</p>
          <p>92 92 92 93 93 93 34 34 34</p>
          <p>93 93 93 35 35 35 34 34 34</p>
          <p>94 94 94 95 95 95 96 96 96</p>
          <p>95 95 95 97 97 97 96 96 96</p>
          <p>98 98 98 99 99 99 100 100 100</p>
          <p>99 99 99 101 101 101 100 100 100</p>
          <p>36 36 36 37 37 37 38 38 38</p>
          <p>37 37 37 39 39 39 38 38 38</p>
          <p>102 102 102 103 103 103 40 40 40</p>
          <p>103 103 103 41 41 41 40 40 40</p>
          <p>104 104 104 105 105 105 106 106 106</p>
          <p>105 105 105 107 107 107 106 106 106</p>
          <p>108 108 108 109 109 109 110 110 110</p>
          <p>109 109 109 111 111 111 110 110 110</p>
        </polygons>
      </mesh>
    </geometry>
    <geometry id="o_b_koyasaku_0-lib" name="o_b_koyasaku_0Mesh">
      <mesh>
        <source id="o_b_koyasaku_0-lib-Position">
          <float_array id="o_b_koyasaku_0-lib-Position-array" count="2856">
-462.8033 24.07514 403.2851
-461.1639 24.07514 403.2851
-462.8033 24.07513 404.9074
-461.1639 24.07513 404.9074
-462.8033 38.77582 404.9074
-461.1639 38.77582 404.9074
-462.8033 38.77582 403.2851
-461.1639 38.77582 403.2851
-461.0448 37.46835 404.2433
-461.7574 36.75614 404.2433
-461.0448 37.46835 403.8636
-461.7574 36.75614 403.8636
-450.5119 26.92849 403.8636
-451.2246 26.21627 403.8636
-450.5119 26.92849 404.2433
-451.2246 26.21627 404.2433
-451.2246 37.46835 404.2996
-450.5119 36.75614 404.2996
-451.2246 37.46835 403.8059
-450.5119 36.75614 403.8059
-461.7574 26.92849 403.8059
-461.0448 26.21627 403.8059
-461.7574 26.92849 404.2996
-461.0448 26.21627 404.2996
-450.4597 37.46835 404.2433
-451.1724 36.75614 404.2433
-450.4597 37.46835 403.8636
-451.1724 36.75614 403.8636
-439.9269 26.92849 403.8636
-440.6396 26.21627 403.8636
-439.9269 26.92849 404.2433
-440.6396 26.21627 404.2433
-440.7002 24.07514 403.2851
-439.0609 24.07514 403.2851
-440.7002 24.07513 404.9074
-439.0609 24.07513 404.9074
-440.7002 38.77582 404.9074
-439.0609 38.77582 404.9074
-440.7002 38.77582 403.2851
-439.0609 38.77582 403.2851
-461.4026 38.24673 404.5741
-461.4027 38.24673 403.5997
-461.4026 37.28245 404.5741
-461.4027 37.28245 403.5997
-440.6161 37.28245 404.5741
-440.6161 37.28245 403.5997
-440.6161 38.24673 404.5741
-440.6161 38.24673 403.5997
-451.2679 37.29638 404.5227
-450.2604 37.29638 404.5227
-451.2679 37.29638 403.6519
-450.2604 37.29638 403.6519
-451.2679 26.40278 403.6518
-450.2604 26.40278 403.6518
-451.2679 26.40278 404.5227
-450.2604 26.40278 404.5227
-440.6396 37.46835 404.2996
-439.9269 36.75614 404.2996
-440.6396 37.46835 403.8059
-439.9269 36.75614 403.8059
-451.1724 26.92849 403.8059
-450.4597 26.21627 403.8059
-451.1724 26.92849 404.2996
-450.4597 26.21627 404.2996
-461.4026 26.48177 404.5741
-461.4027 26.48177 403.5997
-461.4026 25.48202 404.5741
-461.4027 25.48202 403.5997
-440.6161 25.48202 404.5741
-440.6161 25.48202 403.5997
-440.6161 26.48177 404.5741
-440.6161 26.48177 403.5997
-440.088 37.49969 404.7938
-440.088 36.78748 404.0811
-439.7083 37.49969 404.7938
-439.7083 36.78748 404.0811
-439.7083 26.95984 415.8306
-439.7083 26.24762 415.118
-440.088 26.95984 415.8306
-440.088 26.24762 415.118
-439.1298 24.10648 415.1825
-439.1298 24.10648 416.8218
-440.7522 24.10647 415.1825
-440.7522 24.10647 416.8218
-440.7522 38.80716 415.1825
-440.7522 38.80716 416.8218
-439.1298 38.80716 415.1825
-439.1298 38.80716 416.8218
-440.4188 37.31379 415.2665
-439.4444 37.31379 415.2665
-440.4188 38.27808 415.2665
-439.4444 38.27808 415.2665
-440.1443 37.49969 415.118
-440.1443 36.78748 415.8306
-439.6506 37.49969 415.118
-439.6506 36.78748 415.8306
-439.6506 26.95984 404.0811
-439.6506 26.24762 404.7938
-440.1443 26.95984 404.0811
-440.1443 26.24762 404.7938
-440.4188 25.51336 415.2665
-439.4444 25.51336 415.2665
-440.4188 26.51312 415.2665
-439.4444 26.51312 415.2665
-440.4188 37.31379 403.9652
-439.4444 37.31379 403.9652
-440.4188 38.27808 403.9652
-439.4444 38.27808 403.9652
-440.4188 25.51336 403.9652
-439.4444 25.51336 403.9652
-440.4188 26.51312 403.9652
-439.4444 26.51312 403.9652
-439.1298 24.10648 441.3007
-439.1298 24.10648 442.94
-440.7522 24.10647 441.3007
-440.7522 24.10647 442.94
-440.7522 38.80716 441.3007
-440.7522 38.80716 442.94
-439.1298 38.80716 441.3007
-439.1298 38.80716 442.94
-439.6269 37.79825 442.2835
-440.3395 37.08604 442.2835
-439.6269 37.79825 441.9037
-440.3395 37.08605 441.9037
-428.59 20.74939 441.9037
-429.3027 20.03718 441.9037
-428.59 20.74939 442.2835
-429.3027 20.03718 442.2835
-429.2382 18.36566 441.3253
-427.5988 18.36566 441.3253
-429.2382 18.36565 442.9476
-427.5988 18.36565 442.9476
-429.2382 33.43198 442.9476
-427.5988 33.43198 442.9476
-429.2382 33.43198 441.3253
-427.5988 33.43198 441.3253
-429.1541 31.93861 442.6142
-429.1541 31.93861 441.6398
-429.1541 32.90289 442.6142
-429.1541 32.90289 441.6398
-429.3027 32.1245 442.3397
-428.59 31.4123 442.3397
-429.3027 32.1245 441.8461
-428.59 31.4123 441.8461
-440.3395 26.30518 441.8461
-439.6269 25.59296 441.8461
-440.3395 26.30518 442.3397
-439.6269 25.59296 442.3397
-429.1541 19.77254 442.6142
-429.1541 19.77254 441.6398
-429.1541 20.77229 442.6142
-429.1541 20.77229 441.6398
-440.4554 37.61236 442.6142
-440.4554 37.61236 441.6398
-440.4554 38.57664 442.6142
-440.4554 38.57664 441.6399
-440.4554 26.24022 442.6142
-440.4554 26.24022 441.6398
-440.4554 27.23997 442.6142
-440.4554 27.23997 441.6399
-439.6269 37.79825 416.1652
-440.3395 37.08604 416.1652
-439.6269 37.79825 415.7854
-440.3395 37.08605 415.7854
-428.59 20.74939 415.7854
-429.3027 20.03718 415.7854
-428.59 20.74939 416.1652
-429.3027 20.03718 416.1652
-429.2382 18.36566 415.207
-427.5988 18.36566 415.207
-429.2382 18.36565 416.8293
-427.5988 18.36565 416.8293
-429.2382 33.43198 416.8293
-427.5988 33.43198 416.8293
-429.2382 33.43198 415.207
-427.5988 33.43198 415.207
-429.1541 31.93861 416.4959
-429.1541 31.93861 415.5215
-429.1541 32.90289 416.4959
-429.1541 32.90289 415.5215
-429.3027 32.1245 416.2214
-428.59 31.4123 416.2214
-429.3027 32.1245 415.7278
-428.59 31.4123 415.7278
-440.3395 26.30518 415.7278
-439.6269 25.59296 415.7278
-440.3395 26.30518 416.2214
-439.6269 25.59296 416.2214
-429.1541 19.77254 416.4959
-429.1541 19.77254 415.5215
-429.1541 20.77229 416.4959
-429.1541 20.77229 415.5215
-440.4554 37.61236 416.4959
-440.4554 37.61236 415.5215
-440.4554 38.57664 416.4959
-440.4554 38.57664 415.5216
-440.4554 26.24022 416.4959
-440.4554 26.24022 415.5215
-440.4554 27.23997 416.4959
-440.4554 27.23997 415.5216
-427.3083 31.76238 442.2453
-428.021 31.05018 442.2453
-427.3083 31.76238 441.8656
-428.021 31.05018 441.8656
-416.7755 21.22253 441.8656
-417.4882 20.51031 441.8656
-416.7755 21.22253 442.2453
-417.4882 20.51031 442.2453
-417.4882 31.76238 442.3016
-416.7755 31.05018 442.3016
-417.4882 31.76238 441.8079
-416.7755 31.05018 441.8079
-428.021 21.22253 441.8079
-427.3083 20.51031 441.8079
-428.021 21.22253 442.3016
-427.3083 20.51031 442.3016
-416.7233 31.76238 442.2453
-417.436 31.05018 442.2453
-416.7233 31.76238 441.8656
-417.436 31.05018 441.8656
-406.1905 21.22253 441.8656
-406.9031 20.51031 441.8656
-406.1905 21.22253 442.2453
-406.9031 20.51031 442.2453
-406.9638 18.36917 441.2871
-405.3245 18.36917 441.2871
-406.9638 18.36917 442.9095
-405.3245 18.36917 442.9095
-406.9638 33.06986 442.9095
-405.3245 33.06986 442.9095
-406.9638 33.06986 441.2871
-405.3245 33.06986 441.2871
-427.6662 32.54077 442.5761
-427.6663 32.54077 441.6017
-427.6662 31.57649 442.5761
-427.6663 31.57649 441.6017
-406.8797 31.57649 442.5761
-406.8797 31.57649 441.6017
-406.8797 32.54077 442.5761
-406.8797 32.54077 441.6017
-417.5315 31.59041 442.5247
-416.524 31.59041 442.5247
-417.5315 31.59041 441.6539
-416.524 31.59041 441.6539
-417.5315 20.69682 441.6538
-416.524 20.69682 441.6538
-417.5315 20.69682 442.5247
-416.524 20.69682 442.5247
-406.9031 31.76238 442.3016
-406.1905 31.05018 442.3016
-406.9031 31.76238 441.8079
-406.1905 31.05018 441.8079
-417.436 21.22253 441.8079
-416.7233 20.51031 441.8079
-417.436 21.22253 442.3016
-416.7233 20.51031 442.3016
-427.6662 20.77581 442.5761
-427.6663 20.77581 441.6017
-427.6662 19.77606 442.5761
-427.6663 19.77606 441.6017
-406.8797 19.77606 442.5761
-406.8797 19.77606 441.6017
-406.8797 20.77581 442.5761
-406.8797 20.77581 441.6017
-405.2206 31.76238 442.2453
-405.9332 31.05018 442.2453
-405.2206 31.76238 441.8656
-405.9332 31.05018 441.8656
-394.6877 21.22253 441.8656
-395.4004 20.51031 441.8656
-394.6877 21.22253 442.2453
-395.4004 20.51031 442.2453
-395.4004 31.76238 442.3016
-394.6877 31.05018 442.3016
-395.4004 31.76238 441.8079
-394.6877 31.05018 441.8079
-405.9332 21.22253 441.8079
-405.2206 20.51031 441.8079
-405.9332 21.22253 442.3016
-405.2206 20.51031 442.3016
-394.6356 31.76238 442.2453
-395.3482 31.05018 442.2453
-394.6356 31.76238 441.8656
-395.3482 31.05018 441.8656
-384.1027 21.22253 441.8656
-384.8154 20.51031 441.8656
-384.1027 21.22253 442.2453
-384.8154 20.51031 442.2453
-384.876 18.36917 441.2871
-383.2367 18.36917 441.2871
-384.876 18.36917 442.9095
-383.2367 18.36917 442.9095
-384.876 33.06986 442.9095
-383.2367 33.06986 442.9095
-384.876 33.06986 441.2871
-383.2367 33.06986 441.2871
-405.5785 32.54077 442.5761
-405.5785 32.54077 441.6017
-405.5785 31.57649 442.5761
-405.5785 31.57649 441.6017
-384.792 31.57649 442.5761
-384.792 31.57649 441.6017
-384.792 32.54077 442.5761
-384.792 32.54077 441.6017
-395.4437 31.59041 442.5247
-394.4362 31.59041 442.5247
-395.4437 31.59041 441.6539
-394.4362 31.59041 441.6539
-395.4437 20.69682 441.6538
-394.4362 20.69682 441.6538
-395.4437 20.69682 442.5247
-394.4362 20.69682 442.5247
-384.8154 31.76238 442.3016
-384.1027 31.05018 442.3016
-384.8154 31.76238 441.8079
-384.1027 31.05018 441.8079
-395.3482 21.22253 441.8079
-394.6356 20.51031 441.8079
-395.3482 21.22253 442.3016
-394.6356 20.51031 442.3016
-405.5785 20.77581 442.5761
-405.5785 20.77581 441.6017
-405.5785 19.77606 442.5761
-405.5785 19.77606 441.6017
-384.792 19.77606 442.5761
-384.792 19.77606 441.6017
-384.792 20.77581 442.5761
-384.792 20.77581 441.6017
-405.2206 31.76238 416.1901
-405.9332 31.05018 416.1901
-405.2206 31.76238 415.8103
-405.9332 31.05018 415.8103
-394.6877 21.22253 415.8103
-395.4004 20.51031 415.8103
-394.6877 21.22253 416.1901
-395.4004 20.51031 416.1901
-395.4004 31.76238 416.2463
-394.6877 31.05018 416.2463
-395.4004 31.76238 415.7527
-394.6877 31.05018 415.7527
-405.9332 21.22253 415.7527
-405.2206 20.51031 415.7527
-405.9332 21.22253 416.2463
-405.2206 20.51031 416.2463
-394.6356 31.76238 416.1901
-395.3482 31.05018 416.1901
-394.6356 31.76238 415.8103
-395.3482 31.05018 415.8103
-384.1027 21.22253 415.8103
-384.8154 20.51031 415.8103
-384.1027 21.22253 416.1901
-384.8154 20.51031 416.1901
-384.876 18.36917 415.2318
-383.2367 18.36917 415.2318
-384.876 18.36917 416.8542
-383.2367 18.36917 416.8542
-384.876 33.06986 416.8542
-383.2367 33.06986 416.8542
-384.876 33.06986 415.2318
-383.2367 33.06986 415.2318
-405.5785 32.54077 416.5208
-405.5785 32.54077 415.5464
-405.5785 31.57649 416.5208
-405.5785 31.57649 415.5464
-384.792 31.57649 416.5208
-384.792 31.57649 415.5464
-384.792 32.54077 416.5208
-384.792 32.54077 415.5464
-395.4437 31.59041 416.4694
-394.4362 31.59041 416.4694
-395.4437 31.59041 415.5986
-394.4362 31.59041 415.5986
-395.4437 20.69682 415.5986
-394.4362 20.69682 415.5986
-395.4437 20.69682 416.4694
-394.4362 20.69682 416.4694
-384.8154 31.76238 416.2463
-384.1027 31.05018 416.2463
-384.8154 31.76238 415.7527
-384.1027 31.05018 415.7527
-395.3482 21.22253 415.7527
-394.6356 20.51031 415.7527
-395.3482 21.22253 416.2463
-394.6356 20.51031 416.2463
-405.5785 20.77581 416.5208
-405.5785 20.77581 415.5464
-405.5785 19.77606 416.5208
-405.5785 19.77606 415.5464
-384.792 19.77606 416.5208
-384.792 19.77606 415.5464
-384.792 20.77581 416.5208
-384.792 20.77581 415.5464
-427.4173 31.76238 416.1901
-428.1299 31.05018 416.1901
-427.4173 31.76238 415.8103
-428.1299 31.05018 415.8103
-416.8844 21.22253 415.8103
-417.5971 20.51031 415.8103
-416.8844 21.22253 416.1901
-417.5971 20.51031 416.1901
-417.5971 31.76238 416.2463
-416.8844 31.05018 416.2463
-417.5971 31.76238 415.7527
-416.8844 31.05018 415.7527
-428.1299 21.22253 415.7527
-427.4173 20.51031 415.7527
-428.1299 21.22253 416.2463
-427.4173 20.51031 416.2463
-416.8322 31.76238 416.1901
-417.5449 31.05018 416.1901
-416.8322 31.76238 415.8103
-417.5449 31.05018 415.8103
-406.2994 21.22253 415.8103
-407.0121 20.51031 415.8103
-406.2994 21.22253 416.1901
-407.0121 20.51031 416.1901
-407.0727 18.36917 415.2318
-405.4334 18.36917 415.2318
-407.0727 18.36917 416.8542
-405.4334 18.36917 416.8542
-407.0727 33.06986 416.8542
-405.4334 33.06986 416.8542
-407.0727 33.06986 415.2318
-405.4334 33.06986 415.2318
-427.7751 32.54077 416.5208
-427.7752 32.54077 415.5464
-427.7751 31.57649 416.5208
-427.7752 31.57649 415.5464
-406.9886 31.57649 416.5208
-406.9886 31.57649 415.5464
-406.9886 32.54077 416.5208
-406.9886 32.54077 415.5464
-417.6404 31.59041 416.4694
-416.6329 31.59041 416.4694
-417.6404 31.59041 415.5986
-416.6329 31.59041 415.5986
-417.6404 20.69682 415.5986
-416.6329 20.69682 415.5986
-417.6404 20.69682 416.4694
-416.6329 20.69682 416.4694
-407.0121 31.76238 416.2463
-406.2994 31.05018 416.2463
-407.0121 31.76238 415.7527
-406.2994 31.05018 415.7527
-417.5449 21.22253 415.7527
-416.8322 20.51031 415.7527
-417.5449 21.22253 416.2463
-416.8322 20.51031 416.2463
-427.7751 20.77581 416.5208
-427.7752 20.77581 415.5464
-427.7751 19.77606 416.5208
-427.7752 19.77606 415.5464
-406.9886 19.77606 416.5208
-406.9886 19.77606 415.5464
-406.9886 20.77581 416.5208
-406.9886 20.77581 415.5464
-462.8033 38.77582 404.9074
-461.1639 38.77582 404.9074
-462.8033 38.77582 403.2851
-461.1639 38.77582 403.2851
-461.1639 24.07514 403.2851
-461.1639 38.77582 403.2851
-461.1639 24.07513 404.9074
-461.1639 38.77582 404.9074
-462.8033 38.77582 403.2851
-462.8033 24.07514 403.2851
-462.8033 38.77582 404.9074
-462.8033 24.07513 404.9074
-461.7574 36.75614 404.2433
-461.7574 36.75614 403.8636
-451.2246 26.21627 404.2433
-451.2246 26.21627 403.8636
-450.5119 26.92849 404.2433
-450.5119 26.92849 403.8636
-461.0448 37.46835 404.2433
-461.0448 37.46835 403.8636
-450.5119 36.75614 404.2996
-461.0448 26.21627 404.2996
-450.5119 36.75614 403.8059
-461.0448 26.21627 403.8059
-461.7574 26.92849 404.2996
-451.2246 37.46835 404.2996
-461.7574 26.92849 403.8059
-451.2246 37.46835 403.8059
-451.1724 36.75614 404.2433
-451.1724 36.75614 403.8636
-440.6396 26.21627 404.2433
-440.6396 26.21627 403.8636
-439.9269 26.92849 404.2433
-439.9269 26.92849 403.8636
-450.4597 37.46835 404.2433
-450.4597 37.46835 403.8636
-440.7002 38.77582 404.9074
-439.0609 38.77582 404.9074
-440.7002 38.77582 403.2851
-439.0609 38.77582 403.2851
-439.0609 24.07514 403.2851
-439.0609 38.77582 403.2851
-439.0609 24.07513 404.9074
-439.0609 38.77582 404.9074
-440.7002 38.77582 403.2851
-440.7002 24.07514 403.2851
-440.7002 38.77582 404.9074
-440.7002 24.07513 404.9074
-461.4027 38.24673 403.5997
-440.6161 38.24673 403.5997
-461.4027 37.28245 403.5997
-440.6161 37.28245 403.5997
-440.6161 38.24673 404.5741
-461.4026 38.24673 404.5741
-440.6161 37.28245 404.5741
-461.4026 37.28245 404.5741
-450.2604 37.29638 404.5227
-450.2604 26.40278 404.5227
-450.2604 37.29638 403.6519
-450.2604 26.40278 403.6518
-451.2679 26.40278 404.5227
-451.2679 37.29638 404.5227
-451.2679 26.40278 403.6518
-451.2679 37.29638 403.6519
-439.9269 36.75614 404.2996
-450.4597 26.21627 404.2996
-439.9269 36.75614 403.8059
-450.4597 26.21627 403.8059
-451.1724 26.92849 404.2996
-440.6396 37.46835 404.2996
-451.1724 26.92849 403.8059
-440.6396 37.46835 403.8059
-461.4027 26.48177 403.5997
-440.6161 26.48177 403.5997
-461.4027 25.48202 403.5997
-440.6161 25.48202 403.5997
-440.6161 26.48177 404.5741
-461.4026 26.48177 404.5741
-440.6161 25.48202 404.5741
-461.4026 25.48202 404.5741
-440.088 36.78748 404.0811
-439.7083 36.78748 404.0811
-440.088 26.24762 415.118
-439.7083 26.24762 415.118
-440.088 26.95984 415.8306
-439.7083 26.95984 415.8306
-440.088 37.49969 404.7938
-439.7083 37.49969 404.7938
-440.7522 38.80716 415.1825
-440.7522 38.80716 416.8218
-439.1298 38.80716 415.1825
-439.1298 38.80716 416.8218
-439.1298 24.10648 416.8218
-439.1298 38.80716 416.8218
-440.7522 24.10647 416.8218
-440.7522 38.80716 416.8218
-439.1298 38.80716 415.1825
-439.1298 24.10648 415.1825
-440.7522 38.80716 415.1825
-440.7522 24.10647 415.1825
-440.4188 38.27808 415.2665
-440.4188 38.27808 403.9652
-440.1443 36.78748 415.8306
-440.1443 26.24762 404.7938
-439.6506 36.78748 415.8306
-439.6506 26.24762 404.7938
-440.1443 26.95984 404.0811
-440.1443 37.49969 415.118
-439.6506 26.95984 404.0811
-439.6506 37.49969 415.118
-440.4188 26.51312 415.2665
-440.4188 26.51312 403.9652
-440.4188 37.31379 403.9652
-440.4188 37.31379 415.2665
-439.4444 37.31379 403.9652
-439.4444 38.27808 403.9652
-439.4444 37.31379 415.2665
-439.4444 38.27808 415.2665
-440.4188 25.51336 403.9652
-440.4188 25.51336 415.2665
-439.4444 25.51336 403.9652
-439.4444 26.51312 403.9652
-439.4444 25.51336 415.2665
-439.4444 26.51312 415.2665
-440.7522 38.80716 441.3007
-440.7522 38.80716 442.94
-439.1298 38.80716 441.3007
-439.1298 38.80716 442.94
-439.1298 24.10648 442.94
-439.1298 38.80716 442.94
-440.7522 24.10647 442.94
-440.7522 38.80716 442.94
-439.1298 38.80716 441.3007
-439.1298 24.10648 441.3007
-440.7522 38.80716 441.3007
-440.7522 24.10647 441.3007
-440.3395 37.08604 442.2835
-440.3395 37.08605 441.9037
-429.3027 20.03718 442.2835
-429.3027 20.03718 441.9037
-428.59 20.74939 442.2835
-428.59 20.74939 441.9037
-439.6269 37.79825 442.2835
-439.6269 37.79825 441.9037
-429.2382 33.43198 442.9476
-427.5988 33.43198 442.9476
-429.2382 33.43198 441.3253
-427.5988 33.43198 441.3253
-427.5988 18.36566 441.3253
-427.5988 33.43198 441.3253
-427.5988 18.36565 442.9476
-427.5988 33.43198 442.9476
-429.2382 33.43198 441.3253
-429.2382 18.36566 441.3253
-429.2382 33.43198 442.9476
-429.2382 18.36565 442.9476
-440.4554 38.57664 442.6142
-429.1541 32.90289 442.6142
-428.59 31.4123 442.3397
-439.6269 25.59296 442.3397
-428.59 31.4123 441.8461
-439.6269 25.59296 441.8461
-440.3395 26.30518 442.3397
-429.3027 32.1245 442.3397
-440.3395 26.30518 441.8461
-429.3027 32.1245 441.8461
-440.4554 27.23997 442.6142
-429.1541 20.77229 442.6142
-440.4554 37.61236 442.6142
-429.1541 31.93861 442.6142
-440.4554 38.57664 441.6399
-429.1541 32.90289 441.6398
-440.4554 37.61236 441.6398
-429.1541 31.93861 441.6398
-440.4554 26.24022 442.6142
-429.1541 19.77254 442.6142
-440.4554 27.23997 441.6399
-429.1541 20.77229 441.6398
-440.4554 26.24022 441.6398
-429.1541 19.77254 441.6398
-440.3395 37.08605 415.7854
-429.3027 20.03718 415.7854
-440.3395 37.08604 416.1652
-429.3027 20.03718 416.1652
-428.59 20.74939 416.1652
-428.59 20.74939 415.7854
-439.6269 37.79825 416.1652
-439.6269 37.79825 415.7854
-429.2382 33.43198 416.8293
-427.5988 33.43198 416.8293
-429.2382 33.43198 415.207
-427.5988 33.43198 415.207
-427.5988 18.36566 415.207
-427.5988 33.43198 415.207
-427.5988 18.36565 416.8293
-427.5988 33.43198 416.8293
-429.2382 33.43198 415.207
-429.2382 18.36566 415.207
-429.2382 33.43198 416.8293
-429.2382 18.36565 416.8293
-440.4554 38.57664 416.4959
-429.1541 32.90289 416.4959
-428.59 31.4123 416.2214
-439.6269 25.59296 416.2214
-428.59 31.4123 415.7278
-439.6269 25.59296 415.7278
-440.3395 26.30518 416.2214
-429.3027 32.1245 416.2214
-440.3395 26.30518 415.7278
-429.3027 32.1245 415.7278
-440.4554 27.23997 416.4959
-429.1541 20.77229 416.4959
-440.4554 37.61236 416.4959
-429.1541 31.93861 416.4959
-440.4554 38.57664 415.5216
-429.1541 32.90289 415.5215
-440.4554 37.61236 415.5215
-429.1541 31.93861 415.5215
-440.4554 26.24022 416.4959
-429.1541 19.77254 416.4959
-440.4554 27.23997 415.5216
-429.1541 20.77229 415.5215
-440.4554 26.24022 415.5215
-429.1541 19.77254 415.5215
-428.021 31.05018 442.2453
-428.021 31.05018 441.8656
-417.4882 20.51031 442.2453
-417.4882 20.51031 441.8656
-416.7755 21.22253 442.2453
-416.7755 21.22253 441.8656
-427.3083 31.76238 442.2453
-427.3083 31.76238 441.8656
-416.7755 31.05018 442.3016
-427.3083 20.51031 442.3016
-416.7755 31.05018 441.8079
-427.3083 20.51031 441.8079
-428.021 21.22253 442.3016
-417.4882 31.76238 442.3016
-428.021 21.22253 441.8079
-417.4882 31.76238 441.8079
-417.436 31.05018 442.2453
-417.436 31.05018 441.8656
-406.9031 20.51031 442.2453
-406.9031 20.51031 441.8656
-406.1905 21.22253 442.2453
-406.1905 21.22253 441.8656
-416.7233 31.76238 442.2453
-416.7233 31.76238 441.8656
-406.9638 33.06986 442.9095
-405.3245 33.06986 442.9095
-406.9638 33.06986 441.2871
-405.3245 33.06986 441.2871
-405.3245 18.36917 441.2871
-405.3245 33.06986 441.2871
-405.3245 18.36917 442.9095
-405.3245 33.06986 442.9095
-406.9638 33.06986 441.2871
-406.9638 18.36917 441.2871
-406.9638 33.06986 442.9095
-406.9638 18.36917 442.9095
-427.6663 32.54077 441.6017
-406.8797 32.54077 441.6017
-427.6663 31.57649 441.6017
-406.8797 31.57649 441.6017
-406.8797 32.54077 442.5761
-427.6662 32.54077 442.5761
-406.8797 31.57649 442.5761
-427.6662 31.57649 442.5761
-416.524 31.59041 442.5247
-416.524 20.69682 442.5247
-416.524 31.59041 441.6539
-416.524 20.69682 441.6538
-417.5315 20.69682 442.5247
-417.5315 31.59041 442.5247
-417.5315 20.69682 441.6538
-417.5315 31.59041 441.6539
-406.1905 31.05018 442.3016
-416.7233 20.51031 442.3016
-406.1905 31.05018 441.8079
-416.7233 20.51031 441.8079
-417.436 21.22253 442.3016
-406.9031 31.76238 442.3016
-417.436 21.22253 441.8079
-406.9031 31.76238 441.8079
-427.6663 20.77581 441.6017
-406.8797 20.77581 441.6017
-427.6663 19.77606 441.6017
-406.8797 19.77606 441.6017
-406.8797 20.77581 442.5761
-427.6662 20.77581 442.5761
-406.8797 19.77606 442.5761
-427.6662 19.77606 442.5761
-405.9332 31.05018 442.2453
-405.9332 31.05018 441.8656
-395.4004 20.51031 442.2453
-395.4004 20.51031 441.8656
-394.6877 21.22253 442.2453
-394.6877 21.22253 441.8656
-405.2206 31.76238 442.2453
-405.2206 31.76238 441.8656
-394.6877 31.05018 442.3016
-405.2206 20.51031 442.3016
-394.6877 31.05018 441.8079
-405.2206 20.51031 441.8079
-405.9332 21.22253 442.3016
-395.4004 31.76238 442.3016
-405.9332 21.22253 441.8079
-395.4004 31.76238 441.8079
-395.3482 31.05018 442.2453
-395.3482 31.05018 441.8656
-384.8154 20.51031 442.2453
-384.8154 20.51031 441.8656
-384.1027 21.22253 442.2453
-384.1027 21.22253 441.8656
-394.6356 31.76238 442.2453
-394.6356 31.76238 441.8656
-384.876 33.06986 442.9095
-383.2367 33.06986 442.9095
-384.876 33.06986 441.2871
-383.2367 33.06986 441.2871
-383.2367 18.36917 441.2871
-383.2367 33.06986 441.2871
-383.2367 18.36917 442.9095
-383.2367 33.06986 442.9095
-384.876 33.06986 441.2871
-384.876 18.36917 441.2871
-384.876 33.06986 442.9095
-384.876 18.36917 442.9095
-405.5785 32.54077 441.6017
-384.792 32.54077 441.6017
-405.5785 31.57649 441.6017
-384.792 31.57649 441.6017
-384.792 32.54077 442.5761
-405.5785 32.54077 442.5761
-384.792 31.57649 442.5761
-405.5785 31.57649 442.5761
-394.4362 31.59041 442.5247
-394.4362 20.69682 442.5247
-394.4362 31.59041 441.6539
-394.4362 20.69682 441.6538
-395.4437 20.69682 442.5247
-395.4437 31.59041 442.5247
-395.4437 20.69682 441.6538
-395.4437 31.59041 441.6539
-384.1027 31.05018 442.3016
-394.6356 20.51031 442.3016
-384.1027 31.05018 441.8079
-394.6356 20.51031 441.8079
-395.3482 21.22253 442.3016
-384.8154 31.76238 442.3016
-395.3482 21.22253 441.8079
-384.8154 31.76238 441.8079
-405.5785 20.77581 441.6017
-384.792 20.77581 441.6017
-405.5785 19.77606 441.6017
-384.792 19.77606 441.6017
-384.792 20.77581 442.5761
-405.5785 20.77581 442.5761
-384.792 19.77606 442.5761
-405.5785 19.77606 442.5761
-405.9332 31.05018 416.1901
-405.9332 31.05018 415.8103
-395.4004 20.51031 416.1901
-395.4004 20.51031 415.8103
-394.6877 21.22253 416.1901
-394.6877 21.22253 415.8103
-405.2206 31.76238 416.1901
-405.2206 31.76238 415.8103
-394.6877 31.05018 416.2463
-405.2206 20.51031 416.2463
-394.6877 31.05018 415.7527
-405.2206 20.51031 415.7527
-405.9332 21.22253 416.2463
-395.4004 31.76238 416.2463
-405.9332 21.22253 415.7527
-395.4004 31.76238 415.7527
-395.3482 31.05018 416.1901
-395.3482 31.05018 415.8103
-384.8154 20.51031 416.1901
-384.8154 20.51031 415.8103
-384.1027 21.22253 416.1901
-384.1027 21.22253 415.8103
-394.6356 31.76238 416.1901
-394.6356 31.76238 415.8103
-384.876 33.06986 416.8542
-383.2367 33.06986 416.8542
-384.876 33.06986 415.2318
-383.2367 33.06986 415.2318
-383.2367 18.36917 415.2318
-383.2367 33.06986 415.2318
-383.2367 18.36917 416.8542
-383.2367 33.06986 416.8542
-384.876 33.06986 415.2318
-384.876 18.36917 415.2318
-384.876 33.06986 416.8542
-384.876 18.36917 416.8542
-405.5785 32.54077 415.5464
-384.792 32.54077 415.5464
-405.5785 31.57649 415.5464
-384.792 31.57649 415.5464
-384.792 32.54077 416.5208
-405.5785 32.54077 416.5208
-384.792 31.57649 416.5208
-405.5785 31.57649 416.5208
-394.4362 31.59041 416.4694
-394.4362 20.69682 416.4694
-394.4362 31.59041 415.5986
-394.4362 20.69682 415.5986
-395.4437 20.69682 416.4694
-395.4437 31.59041 416.4694
-395.4437 20.69682 415.5986
-395.4437 31.59041 415.5986
-384.1027 31.05018 416.2463
-394.6356 20.51031 416.2463
-384.1027 31.05018 415.7527
-394.6356 20.51031 415.7527
-395.3482 21.22253 416.2463
-384.8154 31.76238 416.2463
-395.3482 21.22253 415.7527
-384.8154 31.76238 415.7527
-405.5785 20.77581 415.5464
-384.792 20.77581 415.5464
-405.5785 19.77606 415.5464
-384.792 19.77606 415.5464
-384.792 20.77581 416.5208
-405.5785 20.77581 416.5208
-384.792 19.77606 416.5208
-405.5785 19.77606 416.5208
-428.1299 31.05018 416.1901
-428.1299 31.05018 415.8103
-417.5971 20.51031 416.1901
-417.5971 20.51031 415.8103
-416.8844 21.22253 416.1901
-416.8844 21.22253 415.8103
-427.4173 31.76238 416.1901
-427.4173 31.76238 415.8103
-416.8844 31.05018 416.2463
-427.4173 20.51031 416.2463
-416.8844 31.05018 415.7527
-427.4173 20.51031 415.7527
-428.1299 21.22253 416.2463
-417.5971 31.76238 416.2463
-428.1299 21.22253 415.7527
-417.5971 31.76238 415.7527
-417.5449 31.05018 416.1901
-417.5449 31.05018 415.8103
-407.0121 20.51031 416.1901
-407.0121 20.51031 415.8103
-406.2994 21.22253 416.1901
-406.2994 21.22253 415.8103
-416.8322 31.76238 416.1901
-416.8322 31.76238 415.8103
-407.0727 33.06986 416.8542
-405.4334 33.06986 416.8542
-407.0727 33.06986 415.2318
-405.4334 33.06986 415.2318
-405.4334 18.36917 415.2318
-405.4334 33.06986 415.2318
-405.4334 18.36917 416.8542
-405.4334 33.06986 416.8542
-407.0727 33.06986 415.2318
-407.0727 18.36917 415.2318
-407.0727 33.06986 416.8542
-407.0727 18.36917 416.8542
-427.7752 32.54077 415.5464
-406.9886 32.54077 415.5464
-427.7752 31.57649 415.5464
-406.9886 31.57649 415.5464
-406.9886 32.54077 416.5208
-427.7751 32.54077 416.5208
-406.9886 31.57649 416.5208
-427.7751 31.57649 416.5208
-416.6329 31.59041 416.4694
-416.6329 20.69682 416.4694
-416.6329 31.59041 415.5986
-416.6329 20.69682 415.5986
-417.6404 20.69682 416.4694
-417.6404 31.59041 416.4694
-417.6404 20.69682 415.5986
-417.6404 31.59041 415.5986
-406.2994 31.05018 416.2463
-416.8322 20.51031 416.2463
-406.2994 31.05018 415.7527
-416.8322 20.51031 415.7527
-417.5449 21.22253 416.2463
-407.0121 31.76238 416.2463
-417.5449 21.22253 415.7527
-407.0121 31.76238 415.7527
-427.7752 20.77581 415.5464
-406.9886 20.77581 415.5464
-427.7752 19.77606 415.5464
-406.9886 19.77606 415.5464
-406.9886 20.77581 416.5208
-427.7751 20.77581 416.5208
-406.9886 19.77606 416.5208
-427.7751 19.77606 416.5208
</float_array>
          <technique_common>
            <accessor source="#o_b_koyasaku_0-lib-Position-array" count="952" stride="3">
              <param name="X" type="float" />
              <param name="Y" type="float" />
              <param name="Z" type="float" />
            </accessor>
          </technique_common>
        </source>
        <source id="o_b_koyasaku_0-lib-Normal0">
          <float_array id="o_b_koyasaku_0-lib-Normal0-array" count="2856">
0.000003 0 -1
0.000003 0 -1
-0.000015 0 1
-0.000015 0 1
-0.000015 0 1
-0.000015 0 1
0 1 0
0 1 0.000001
-0.000004 0 1
0.000001 0 1
0.000021 0 -1
0.000004999999 0 -1
0.000004999999 0 -1
-0.000011 0 -1
0.000001 0 1
0.000007 0 1
0.000007999999 0 1
0.000004 0 1
-0.000021 0 -1
-0.000029 0 -1
-0.000029 0 -1
-0.000036 0 -1
0.000004 0 1
-0.000001 0 1
-0.000004 0 1
0.000001 0 1
0.000021 0 -1
0.000004999999 0 -1
0.000004999999 0 -1
-0.000011 0 -1
0.000001 0 1
0.000007 0 1
0.000003 0 -1
0.000003 0 -1
-0.000015 0 1
-0.000015 0 1
-0.000015 0 1
-0.000015 0 1
0 1 0
0 1 0.000001
0 1 0
0 1 0.000003
0 -1 0.000001
0 -1 0.000002
0 -1 -0.000001
0 -1 0.000001
0 1 -0.000003
0 1 0
-0.000009999999 0 1
-0.000009999999 0 1
0.000043 0.000003 -1
0.000043 0.000003 -1
0.000043 0.000003 -1
0.000043 0.000003 -1
-0.000009999999 0 1
-0.000009999999 0 1
0.000007999999 0 1
0.000004 0 1
-0.000021 0 -1
-0.000029 0 -1
-0.000029 0 -1
-0.000036 0 -1
0.000004 0 1
-0.000001 0 1
0 1 0.000002
0 1 0.000002
0 -1 0
0 -1 -0.000001
0 -1 0.000001
0 -1 0
0 1 0.000002
0 1 0.000002
-1 -0.000016 0
-1 -0.000004999999 0
1 -0.000024 0
1 -0.000029 0
1 -0.00002 0
1 -0.000024 0
-1 -0.000028 0
-1 -0.000016 0
1 0 0
1 0.000002 0
-1 0 0
-1 0 0
-1 0 0
-1 0 0
0 1 0
0 1 0
-1 0 0
0 -1 0
0 1 0
0 1 0
-1 -0.000006 0
-1 -0.000019 0
1 -0.000022 0
1 -0.000021 0
1 -0.000023 0
1 -0.000022 0
-1 0.000007 0
-1 -0.000006 0
-1 0 0
0 -1 0
0 1 0
0 1 0
-1 0.000004 0
0 -1 0
0 1 0
0 1 0
-1 0.000004 0
0 -1 0
0 1 0
0 1 0
1 0 0
1 0.000002 0
-1 0 0
-1 0 0
-1 0 0
-1 0 0
0 1 0
0 1 0
0.000022 0 1
0.000015 0 1
0.000009 0 -1
0 0 -1
0 0 -1
-0.000009999999 0 -1
0.000015 0 1
0.000009 0 1
-0.000009999999 0 -1
-0.000009999999 0 -1
0.000009999999 0 1
0.000009999999 0 1
0.000009999999 0 1
0.000009999999 0 1
0 1 0
0 1 -0.000001
-0.000019 0 1
-0.448669 -0.8936979 0.000001
0.448676 0.893694 -0.000001
0.448676 0.893694 -0.000001
-0.000007 0 1
-0.000004999999 0 1
-0.000007999999 0 -1
-0.000012 0 -1
-0.000004 0 -1
-0.000007999999 0 -1
-0.000009 0 1
-0.000007 0 1
0.000021 0 1
-0.49672 -0.867911 -0.000002
0.49671 0.867916 -0.000001
0.496707 0.8679179 -0.000001
-0.000017 0 1
-0.448673 -0.893696 0.000001
0.448676 0.893694 -0.000001
0.448677 0.893694 -0.000001
0.000016 0 1
-0.496715 -0.867914 -0.000002
0.496707 0.8679179 -0.000001
0.4967031 0.867921 -0.000001
0.000007999999 0 1
-0.000004 0 1
-0.000004999999 0 -1
-0.000001 0 -1
-0.000001 0 -1
0.000003 0 -1
-0.000004 0 1
-0.000016 0 1
0.000004 0 -1
0.000004 0 -1
-0.000016 0 1
-0.000016 0 1
-0.000016 0 1
-0.000016 0 1
0 1 0
0 1 -0.000001
0.000007999999 0 1
-0.448688 -0.893689 0.000001
0.448682 0.8936911 -0.000001
0.448683 0.8936911 -0.000001
0 0 1
-0.000006 0 1
-0.000014 0 -1
-0.000009 0 -1
-0.000018 0 -1
-0.000014 0 -1
0.000004999999 0 1
0 0 1
-0.000016 0 1
-0.4967139 -0.867914 -0.000002
0.496704 0.8679201 -0.000001
0.4967 0.867922 -0.000001
0.000015 0 1
-0.448676 -0.893694 0.000001
0.448683 0.8936911 -0.000001
0.448683 0.8936911 -0.000001
0.000002 0 1
-0.496708 -0.8679179 -0.000002
0.4967 0.867922 -0.000001
0.496696 0.867924 -0.000001
-0.000027 0 1
0 0 1
-0.000003 0 -1
-0.000012 0 -1
-0.000012 0 -1
-0.00002 0 -1
0 0 1
0.000026 0 1
0.000031 0 1
0.000001 0 1
0.000021 0 -1
-0.000003 0 -1
-0.000003 0 -1
-0.000027 0 -1
0.000001 0 1
-0.000028 0 1
-0.000027 0 1
0 0 1
-0.000003 0 -1
-0.000012 0 -1
-0.000012 0 -1
-0.00002 0 -1
0 0 1
0.000026 0 1
0 0 -1
0 0 -1
-0.000006 0 1
-0.000006 0 1
-0.000006 0 1
-0.000006 0 1
0 1 0
0 1 0.000001
0 1 0.000001
0 1 0.000004
0 -1 0.000002
0 -1 0.000001
0 -1 0.000002
0 -1 0.000002
0 1 -0.000002
0 1 0.000001
-0.000007 0 1
-0.000007 0 1
0.000041 0.000003 -1
0.000041 0.000003 -1
0.000041 0.000003 -1
0.000041 0.000003 -1
-0.000007 0 1
-0.000007 0 1
0.000031 0 1
0.000001 0 1
0.000021 0 -1
-0.000003 0 -1
-0.000003 0 -1
-0.000027 0 -1
0.000001 0 1
-0.000028 0 1
0 1 -0.000001
0 1 -0.000001
0 -1 0.000001
0 -1 0.000001
0 -1 0.000001
0 -1 0.000001
0 1 -0.000001
0 1 -0.000001
-0.000027 0 1
0 0 1
-0.000003 0 -1
-0.000012 0 -1
-0.000012 0 -1
-0.00002 0 -1
0 0 1
0.000026 0 1
0.000031 0 1
0.000001 0 1
0.000021 0 -1
-0.000003 0 -1
-0.000003 0 -1
-0.000027 0 -1
0.000001 0 1
-0.000028 0 1
-0.000027 0 1
0 0 1
-0.000003 0 -1
-0.000012 0 -1
-0.000012 0 -1
-0.00002 0 -1
0 0 1
0.000026 0 1
0 0 -1
0 0 -1
-0.000006 0 1
-0.000006 0 1
-0.000006 0 1
-0.000006 0 1
0 1 0
0 1 0.000001
0 1 0.000001
0 1 0.000004
0 -1 0.000002
0 -1 0.000001
0 -1 0.000002
0 -1 0.000002
0 1 -0.000002
0 1 0.000001
-0.000007 0 1
-0.000007 0 1
0.000041 0.000003 -1
0.000041 0.000003 -1
0.000041 0.000003 -1
0.000041 0.000003 -1
-0.000007 0 1
-0.000007 0 1
0.000031 0 1
0.000001 0 1
0.000021 0 -1
-0.000003 0 -1
-0.000003 0 -1
-0.000027 0 -1
0.000001 0 1
-0.000028 0 1
0 1 -0.000001
0 1 -0.000001
0 -1 0.000001
0 -1 0.000001
0 -1 0.000001
0 -1 0.000001
0 1 -0.000001
0 1 -0.000001
-0.000025 0 1
-0.000012 0 1
0 0 -1
0.000007 0 -1
0.000007 0 -1
0.000014 0 -1
-0.000012 0 1
0.000001 0 1
0.000029 0 1
0.000009 0 1
0.000022 0 -1
0.00003 0 -1
0.00003 0 -1
0.000037 0 -1
0.000009 0 1
-0.000011 0 1
-0.000025 0 1
-0.000012 0 1
0 0 -1
0.000007 0 -1
0.000007 0 -1
0.000014 0 -1
-0.000012 0 1
0.000001 0 1
-0.000003 0 -1
-0.000003 0 -1
-0.000019 0 1
-0.000019 0 1
-0.000019 0 1
-0.000019 0 1
0 1 0
0 1 0.000001
0 1 0.000001
0 1 0.000004
0 -1 0.000002
0 -1 0.000001
0 -1 0.000002
0 -1 0.000002
0 1 -0.000002
0 1 0.000001
0.000007 0 1
0.000007 0 1
0.000027 0.000003 -1
0.000027 0.000003 -1
0.000027 0.000003 -1
0.000027 0.000003 -1
0.000007 0 1
0.000007 0 1
0.000029 0 1
0.000009 0 1
0.000022 0 -1
0.00003 0 -1
0.00003 0 -1
0.000037 0 -1
0.000009 0 1
-0.000011 0 1
0 1 -0.000001
0 1 -0.000001
0 -1 0.000001
0 -1 0.000001
0 -1 0.000001
0 -1 0.000001
0 1 -0.000001
0 1 -0.000001
-0.000025 0 1
-0.000012 0 1
0 0 -1
0.000007 0 -1
0.000007 0 -1
0.000014 0 -1
-0.000012 0 1
0.000001 0 1
0.000029 0 1
0.000009 0 1
0.000022 0 -1
0.00003 0 -1
0.00003 0 -1
0.000037 0 -1
0.000009 0 1
-0.000011 0 1
-0.000025 0 1
-0.000012 0 1
0 0 -1
0.000007 0 -1
0.000007 0 -1
0.000014 0 -1
-0.000012 0 1
0.000001 0 1
-0.000003 0 -1
-0.000003 0 -1
-0.000019 0 1
-0.000019 0 1
-0.000019 0 1
-0.000019 0 1
0 1 0
0 1 0.000001
0 1 0.000001
0 1 0.000004
0 -1 0.000002
0 -1 0.000001
0 -1 0.000002
0 -1 0.000002
0 1 -0.000002
0 1 0.000001
0.000007 0 1
0.000007 0 1
0.000027 0.000003 -1
0.000027 0.000003 -1
0.000027 0.000003 -1
0.000027 0.000003 -1
0.000007 0 1
0.000007 0 1
0.000029 0 1
0.000009 0 1
0.000022 0 -1
0.00003 0 -1
0.00003 0 -1
0.000037 0 -1
0.000009 0 1
-0.000011 0 1
0 1 -0.000001
0 1 -0.000001
0 -1 0.000001
0 -1 0.000001
0 -1 0.000001
0 -1 0.000001
0 1 -0.000001
0 1 -0.000001
0 1 -0.000001
0 1 0
0.000003 0 -1
0.000003 0 -1
1 -0.000001 0
1 -0.000001 0
1 -0.000001 0
1 -0.000001 0
-1 0.000001 0
-1 0.000001 0
-1 0.000001 0
-1 0.000001 0
-0.7073649 -0.706849 -0.000009
-0.707342 -0.706872 -0.000006
-0.707342 -0.706872 -0.000006
-0.707319 -0.706895 -0.000002
0.707375 0.706839 -0.000002
0.7073451 0.706868 -0.000002
0.7073451 0.706868 -0.000002
0.707316 0.7068971 -0.000002
0.707342 -0.706872 -0.000007
0.707355 -0.706859 -0.000004
0.707355 -0.706859 -0.000004
0.707368 -0.706845 -0.000002
-0.7073351 0.706879 0.000002
-0.70735 0.7068639 0
-0.70735 0.7068639 0
-0.7073649 0.706849 -0.000002
-0.707364 -0.706849 -0.000009
-0.707342 -0.706872 -0.000006
-0.707342 -0.706872 -0.000006
-0.707319 -0.706895 -0.000002
0.707375 0.706839 -0.000002
0.7073451 0.706868 -0.000002
0.7073451 0.706868 -0.000002
0.707316 0.7068971 -0.000002
0 1 -0.000001
0 1 0
0.000003 0 -1
0.000003 0 -1
1 0.000001 0
1 0.000001 0
1 0.000001 0
1 0.000001 0
-1 0.000002 0
-1 0.000002 0
-1 0.000002 0
-1 0.000002 0
-0.000002 0.000032 -1
-0.000001 0.000016 -1
-0.000001 0.000016 -1
0 0 -1
0.000002 0 1
0.000002 -0.000016 1
0.000002 -0.000016 1
0.000001 -0.000032 1
1 -0.000001 0
1 -0.000001 0
1 -0.000001 0
1 -0.000001 0
-1 0.000002 0
-1 0.000002 0
-1 0.000002 0
-1 0.000002 0
0.7073399 -0.7068729 -0.000007
0.7073539 -0.7068599 -0.000004
0.7073539 -0.7068599 -0.000004
0.7073671 -0.7068471 -0.000002
-0.707334 0.70688 0.000002
-0.707349 0.7068639 0
-0.707349 0.7068639 0
-0.707364 0.706849 -0.000002
-0.000001 0.000031 -1
-0.000001 0.000015 -1
-0.000001 0.000015 -1
0 0 -1
0.000002 0 1
0.000001 -0.000015 1
0.000001 -0.000015 1
0 -0.000031 1
0.000013 -0.723172 -0.690668
0.000013 -0.723174 -0.6906661
0.000013 -0.723174 -0.6906661
0.000013 -0.7231761 -0.6906639
-0.000061 0.723172 0.690668
-0.000061 0.723174 0.6906661
-0.000061 0.723174 0.6906661
-0.000061 0.7231761 0.690663
0 1 0
0 1 0
1 -0.000002 0
1 0 0
0.000009999999 0 1
0.000002 0 1
0.000002 0 1
-0.000006 0 1
-0.000019 0 -1
0 0 -1
0 0 -1
0.000019 0 -1
-1 -0.000004 0
-1 0 0
0.000019 -0.723209 0.6906301
0 -0.723194 0.690645
0 -0.723194 0.690645
-0.000019 -0.72318 0.69066
-0.000036 0.723209 -0.6906291
0 0.723195 -0.690644
0 0.723195 -0.690644
0.000036 0.72318 -0.69066
-1 -0.000004 0
-1 0 0
0 -1 0
0 -1 0
1 0.000039 0
1 0.000023 -0.000001
1 0.000023 -0.000001
1 0.000007 -0.000003
0 -1 0
0 -1 0
1 0.000037 0
1 0.000022 -0.000001
1 0.000022 -0.000001
1 0.000007 -0.000003
0 1 0
0 1 0
1 -0.000002 0
1 0 0
-0.000018 0 1
-0.000004 0 1
-0.000004 0 1
0.000009999999 0 1
0.000009 0 -1
0 0 -1
0 0 -1
-0.000009 0 -1
-0.839464 -0.543415 -0.000007
-0.839457 -0.543427 -0.000004
-0.839457 -0.543427 -0.000004
-0.839449 -0.543438 -0.000001
0.839442 0.54345 -0.000003
0.839444 0.5434459 -0.000003
0.839444 0.5434459 -0.000003
0.8394459 0.543443 -0.000003
0 1 0.000001
0 1 0
-0.000009999999 0 -1
-0.000009999999 0 -1
1 -0.000001 0
1 -0.000001 0
1 -0.000001 0
1 -0.000001 0
-1 0.000001 0
-1 0.000001 0
-1 0.000001 0
-1 0.000001 0
-0.000015 0 1
-0.000017 0 1
0.466435 -0.884556 -0.000004
0.466428 -0.884559 0
0.466428 -0.884559 0
0.466421 -0.884563 0.000004
-0.466417 0.8845651 -0.000001
-0.466413 0.8845671 0
-0.466413 0.8845671 0
-0.466409 0.884569 0.000001
0.000011 0 1
0.000016 0 1
-0.4486781 -0.893694 0.000001
-0.448673 -0.893696 0.000001
0.000014 0.000032 -1
0.000012 0.000016 -1
0.000012 0.000016 -1
0.000009999999 0 -1
-0.496709 -0.8679171 -0.000002
-0.496715 -0.867914 -0.000002
0.00002 0.000031 -1
0 0.000015 -1
0 0.000015 -1
-0.00002 0 -1
-0.8394701 -0.543406 -0.000007
-0.8394631 -0.543416 -0.000003
-0.8394631 -0.543416 -0.000003
-0.839457 -0.543426 0.000001
0.8394521 0.543433 -0.000003
0.8394549 0.54343 -0.000003
0.8394549 0.54343 -0.000003
0.839457 0.543426 -0.000003
0 1 0.000001
0 1 0
0.000004 0 -1
0.000004 0 -1
1 -0.000001 0
1 -0.000001 0
1 -0.000001 0
1 -0.000001 0
-1 0.000001 0
-1 0.000001 0
-1 0.000001 0
-1 0.000001 0
0.000022 0 1
0.000015 0 1
0.466427 -0.8845599 -0.000004
0.466422 -0.884563 0
0.466422 -0.884563 0
0.466416 -0.8845651 0.000004
-0.4663951 0.884576 -0.000001
-0.466413 0.8845671 0
-0.466413 0.8845671 0
-0.466431 0.8845579 0.000001
0.00002 0 1
0.000002 0 1
-0.448665 -0.8937 0.000001
-0.448676 -0.893694 0.000001
0.000003 0.000032 -1
-0.000007 0.000016 -1
-0.000007 0.000016 -1
-0.000017 0 -1
-0.4967031 -0.867921 -0.000002
-0.496708 -0.8679179 -0.000002
0.000031 0.000031 -1
0.000011 0.000015 -1
0.000011 0.000015 -1
-0.000009999999 0 -1
-0.7073261 -0.706888 -0.000007
-0.707327 -0.7068861 -0.000004999999
-0.707327 -0.7068861 -0.000004999999
-0.7073289 -0.706884 -0.000003
0.707319 0.706895 -0.000004
0.7073329 0.7068809 -0.000004
0.7073329 0.7068809 -0.000004
0.7073461 0.7068671 -0.000004
0.70737 -0.706843 -0.000006
0.707372 -0.706841 -0.000004
0.707372 -0.706841 -0.000004
0.707375 -0.706839 -0.000002
-0.707311 0.7069029 0.000003
-0.707316 0.706898 0
-0.707316 0.706898 0
-0.707321 0.706892 -0.000003
-0.707325 -0.706888 -0.000007
-0.707327 -0.7068861 -0.000004999999
-0.707327 -0.7068861 -0.000004999999
-0.7073289 -0.706884 -0.000003
0.707319 0.706895 -0.000004
0.7073329 0.7068809 -0.000004
0.7073329 0.7068809 -0.000004
0.7073461 0.7068671 -0.000004
0 1 -0.000001
0 1 0
0 0 -1
0 0 -1
1 0.000001 0
1 0.000001 0
1 0.000001 0
1 0.000001 0
-1 0.000002 0
-1 0.000002 0
-1 0.000002 0
-1 0.000002 0
-0.000003 0.000032 -1
-0.000002 0.000016 -1
-0.000002 0.000016 -1
-0.000001 0 -1
0.000003 0 1
0.000002 -0.000016 1
0.000002 -0.000016 1
0.000002 -0.000032 1
1 0.000001 0
1 0.000001 0
1 0.000001 0
1 0.000001 0
-1 -0.000001 0
-1 -0.000001 0
-1 -0.000001 0
-1 -0.000001 0
0.707371 -0.7068421 -0.000006
0.7073729 -0.70684 -0.000004
0.7073729 -0.70684 -0.000004
0.707375 -0.706838 -0.000002
-0.70731 0.706904 0.000003
-0.707315 0.706898 0
-0.707315 0.706898 0
-0.70732 0.7068929 -0.000003
0 0.000031 -1
-0.000001 0.000015 -1
-0.000001 0.000015 -1
-0.000002 0 -1
0.000002 0 1
0.000001 -0.000015 1
0.000001 -0.000015 1
0 -0.000031 1
-0.707327 -0.7068861 -0.000007
-0.7073289 -0.706885 -0.000004999999
-0.7073289 -0.706885 -0.000004999999
-0.7073299 -0.706883 -0.000003
0.70732 0.706894 -0.000004
0.7073329 0.7068809 -0.000004
0.7073329 0.7068809 -0.000004
0.7073451 0.706868 -0.000004
0.707371 -0.7068421 -0.000006
0.7073729 -0.70684 -0.000004
0.7073729 -0.70684 -0.000004
0.707376 -0.706838 -0.000002
-0.707312 0.706902 0.000003
-0.707316 0.706898 0
-0.707316 0.706898 0
-0.70732 0.7068929 -0.000003
-0.707327 -0.7068861 -0.000007
-0.7073289 -0.706885 -0.000004999999
-0.7073289 -0.706885 -0.000004999999
-0.7073299 -0.706883 -0.000003
0.70732 0.706894 -0.000004
0.7073329 0.7068809 -0.000004
0.7073329 0.7068809 -0.000004
0.7073451 0.706868 -0.000004
0 1 -0.000001
0 1 0
0 0 -1
0 0 -1
1 0 0
1 0 0
1 0 0
1 0 0
-1 0.000002 0
-1 0.000002 0
-1 0.000002 0
-1 0.000002 0
-0.000003 0.000032 -1
-0.000002 0.000016 -1
-0.000002 0.000016 -1
-0.000001 0 -1
0.000003 0 1
0.000002 -0.000016 1
0.000002 -0.000016 1
0.000002 -0.000032 1
1 -0.000002 0
1 -0.000002 0
1 -0.000002 0
1 -0.000002 0
-1 0.000002 0
-1 0.000002 0
-1 0.000002 0
-1 0.000002 0
0.707372 -0.706841 -0.000006
0.7073729 -0.70684 -0.000004
0.7073729 -0.70684 -0.000004
0.707374 -0.706839 -0.000002
-0.707311 0.7069029 0.000003
-0.707316 0.7068971 0
-0.707316 0.7068971 0
-0.707322 0.706892 -0.000003
0 0.000031 -1
-0.000001 0.000015 -1
-0.000001 0.000015 -1
-0.000002 0 -1
0.000002 0 1
0.000001 -0.000015 1
0.000001 -0.000015 1
0 -0.000031 1
-0.70735 -0.7068639 -0.000007
-0.707347 -0.7068671 -0.000004999999
-0.707347 -0.7068671 -0.000004999999
-0.7073439 -0.70687 -0.000003
0.7073179 0.7068959 -0.000004
0.7073299 0.706883 -0.000004
0.7073299 0.706883 -0.000004
0.707343 0.70687 -0.000004
0.7073539 -0.706859 -0.000006
0.707337 -0.7068771 -0.000004
0.707337 -0.7068771 -0.000004
0.70732 -0.706894 -0.000002
-0.707313 0.7069 0.000003
-0.707316 0.706898 0
-0.707316 0.706898 0
-0.7073179 0.706895 -0.000003
-0.70735 -0.7068639 -0.000007
-0.707347 -0.7068671 -0.000004999999
-0.707347 -0.7068671 -0.000004999999
-0.7073439 -0.70687 -0.000003
0.7073179 0.7068959 -0.000004
0.7073299 0.706883 -0.000004
0.7073299 0.706883 -0.000004
0.707343 0.70687 -0.000004
0 1 -0.000001
0 1 0
-0.000003 0 -1
-0.000003 0 -1
1 0 0
1 0 0
1 0 0
1 0 0
-1 0.000002 0
-1 0.000002 0
-1 0.000002 0
-1 0.000002 0
-0.000001 0.000032 -1
0 0.000016 -1
0 0.000016 -1
0 0 -1
0.000002 0 1
0.000001 -0.000016 1
0.000001 -0.000016 1
0 -0.000032 1
1 -0.000002 0
1 -0.000002 0
1 -0.000002 0
1 -0.000002 0
-1 0.000002 0
-1 0.000002 0
-1 0.000002 0
-1 0.000002 0
0.707355 -0.706859 -0.000006
0.707337 -0.7068771 -0.000004
0.707337 -0.7068771 -0.000004
0.7073179 -0.706895 -0.000002
-0.707313 0.706901 0.000003
-0.707316 0.7068971 0
-0.707316 0.7068971 0
-0.70732 0.706894 -0.000003
0 0.000031 -1
0 0.000015 -1
0 0.000015 -1
0.000001 0 -1
0 0 1
0 -0.000015 1
0 -0.000015 1
-0.000001 -0.000031 1
-0.70735 -0.7068629 -0.000007
-0.707347 -0.7068671 -0.000004999999
-0.707347 -0.7068671 -0.000004999999
-0.7073439 -0.70687 -0.000003
0.7073171 0.7068959 -0.000004
0.7073299 0.706883 -0.000004
0.7073299 0.706883 -0.000004
0.7073439 0.70687 -0.000004
0.7073539 -0.706859 -0.000006
0.707337 -0.7068761 -0.000004
0.707337 -0.7068761 -0.000004
0.70732 -0.7068929 -0.000002
-0.707313 0.706901 0.000003
-0.7073171 0.7068971 0
-0.7073171 0.7068971 0
-0.70732 0.7068929 -0.000003
-0.70735 -0.7068639 -0.000007
-0.707347 -0.7068671 -0.000004999999
-0.707347 -0.7068671 -0.000004999999
-0.7073439 -0.70687 -0.000003
0.7073171 0.7068959 -0.000004
0.7073299 0.706883 -0.000004
0.7073299 0.706883 -0.000004
0.707343 0.70687 -0.000004
0 1 -0.000001
0 1 0
-0.000003 0 -1
-0.000003 0 -1
1 0 0
1 0 0
1 0 0
1 0 0
-1 0.000001 0
-1 0.000001 0
-1 0.000001 0
-1 0.000001 0
-0.000001 0.000032 -1
0 0.000016 -1
0 0.000016 -1
0 0 -1
0.000002 0 1
0.000001 -0.000016 1
0.000001 -0.000016 1
0 -0.000032 1
1 0 0
1 0 0
1 0 0
1 0 0
-1 -0.000001 0
-1 -0.000001 0
-1 -0.000001 0
-1 -0.000001 0
0.707353 -0.7068599 -0.000006
0.7073361 -0.7068771 -0.000004
0.7073361 -0.7068771 -0.000004
0.707319 -0.706895 -0.000002
-0.707312 0.706901 0.000003
-0.707316 0.706898 0
-0.707316 0.706898 0
-0.707319 0.706894 -0.000003
0 0.000031 -1
0 0.000015 -1
0 0.000015 -1
0.000001 0 -1
0 0 1
0 -0.000015 1
0 -0.000015 1
-0.000001 -0.000031 1
</float_array>
          <technique_common>
            <accessor source="#o_b_koyasaku_0-lib-Normal0-array" count="952" stride="3">
              <param name="X" type="float" />
              <param name="Y" type="float" />
              <param name="Z" type="float" />
            </accessor>
          </technique_common>
        </source>
        <source id="o_b_koyasaku_0-lib-UV0">
          <float_array id="o_b_koyasaku_0-lib-UV0-array" count="1904">
0.453171 1.007685
0.34282 1.007685
0.123565 1.007685
0.233919 1.007685
0.123565 1.994376
0.233919 1.994376
0.993495 1.990553
0.993495 1.819327
0.614868 1.994376
0.6637 1.994376
0.747296 1.994376
0.698465 1.994376
0.747296 1.007685
0.698465 1.007685
0.614868 1.007685
0.6637 1.007685
0.614868 1.994376
0.6637 1.994376
0.747296 1.994376
0.698465 1.994376
0.747296 1.007685
0.698465 1.007685
0.614868 1.007685
0.6637 1.007685
0.614868 1.994376
0.6637 1.994376
0.747296 1.994376
0.698465 1.994376
0.747296 1.007685
0.698465 1.007685
0.614868 1.007685
0.6637 1.007685
0.453171 1.007685
0.34282 1.007685
0.123565 1.007685
0.233919 1.007685
0.123565 1.994376
0.233919 1.994376
0.993495 1.990553
0.993495 1.819327
0.529446 1.992544
0.562394 1.992546
0.496931 1.992544
0.463982 1.992546
0.496931 1.003745
0.463982 1.003745
0.529447 1.003745
0.562395 1.003745
0.8473451 1.806956
0.8906099 1.806956
0.9698151 1.806956
0.926549 1.806956
0.969814 1.010212
0.92655 1.010212
0.8473451 1.010212
0.8906099 1.010212
0.614868 1.994376
0.6637 1.994376
0.747296 1.994376
0.698465 1.994376
0.747296 1.007685
0.698465 1.007685
0.614868 1.007685
0.6637 1.007685
0.529446 1.992544
0.562394 1.992546
0.496931 1.992544
0.463982 1.992546
0.496931 1.003745
0.463982 1.003745
0.529447 1.003745
0.562395 1.003745
0.614868 1.994376
0.6637 1.994376
0.747296 1.994376
0.698465 1.994376
0.747296 1.007685
0.698465 1.007685
0.614868 1.007685
0.6637 1.007685
0.453171 1.007685
0.34282 1.007685
0.123565 1.007685
0.233919 1.007685
0.123565 1.994376
0.233919 1.994376
0.993495 1.990553
0.993495 1.819327
0.496931 1.003745
0.463982 1.003745
0.529447 1.003745
0.562395 1.003745
0.614868 1.994376
0.6637 1.994376
0.747296 1.994376
0.698465 1.994376
0.747296 1.007685
0.698465 1.007685
0.614868 1.007685
0.6637 1.007685
0.496931 1.003745
0.463982 1.003745
0.529447 1.003745
0.562395 1.003745
0.496931 1.51141
0.463982 1.51141
0.529446 1.51141
0.562395 1.51141
0.496931 1.51141
0.463982 1.51141
0.529446 1.51141
0.562395 1.51141
0.453171 1.007685
0.34282 1.007685
0.123565 1.007685
0.233919 1.007685
0.123565 1.994376
0.233919 1.994376
0.993495 1.990553
0.993495 1.819327
0.614868 1.994376
0.6637 1.994376
0.747296 1.994376
0.698465 1.994376
0.747296 1.007685
0.698465 1.007685
0.614868 1.007685
0.6637 1.007685
0.453171 1.007685
0.34282 1.007685
0.123565 1.007685
0.233919 1.007685
0.123565 1.994376
0.233919 1.994376
0.993495 1.990553
0.993495 1.819327
0.496931 1.003745
0.463982 1.003745
0.529447 1.003745
0.562395 1.003745
0.614868 1.994376
0.6637 1.994376
0.747296 1.994376
0.698465 1.994376
0.747296 1.007685
0.698465 1.007685
0.614868 1.007685
0.6637 1.007685
0.496931 1.003745
0.463982 1.003745
0.529447 1.003745
0.562395 1.003745
0.496931 1.51141
0.463982 1.51141
0.529446 1.51141
0.562395 1.51141
0.496931 1.51141
0.463982 1.51141
0.529446 1.51141
0.562395 1.51141
0.614868 1.994376
0.6637 1.994376
0.747296 1.994376
0.698465 1.994376
0.747296 1.007685
0.698465 1.007685
0.614868 1.007685
0.6637 1.007685
0.453171 1.007685
0.34282 1.007685
0.123565 1.007685
0.233919 1.007685
0.123565 1.994376
0.233919 1.994376
0.993495 1.990553
0.993495 1.819327
0.496931 1.003745
0.463982 1.003745
0.529447 1.003745
0.562395 1.003745
0.614868 1.994376
0.6637 1.994376
0.747296 1.994376
0.698465 1.994376
0.747296 1.007685
0.698465 1.007685
0.614868 1.007685
0.6637 1.007685
0.496931 1.003745
0.463982 1.003745
0.529447 1.003745
0.562395 1.003745
0.496931 1.51141
0.463982 1.51141
0.529446 1.51141
0.562395 1.51141
0.496931 1.51141
0.463982 1.51141
0.529446 1.51141
0.562395 1.51141
0.614868 1.994376
0.6637 1.994376
0.747296 1.994376
0.698465 1.994376
0.747296 1.007685
0.698465 1.007685
0.614868 1.007685
0.6637 1.007685
0.614868 1.994376
0.6637 1.994376
0.747296 1.994376
0.698465 1.994376
0.747296 1.007685
0.698465 1.007685
0.614868 1.007685
0.6637 1.007685
0.614868 1.994376
0.6637 1.994376
0.747296 1.994376
0.698465 1.994376
0.747296 1.007685
0.698465 1.007685
0.614868 1.007685
0.6637 1.007685
0.453171 1.007685
0.34282 1.007685
0.123565 1.007685
0.233919 1.007685
0.123565 1.994376
0.233919 1.994376
0.993495 1.990553
0.993495 1.819327
0.529446 1.992544
0.562394 1.992546
0.496931 1.992544
0.463982 1.992546
0.496931 1.003745
0.463982 1.003745
0.529447 1.003745
0.562395 1.003745
0.8473451 1.806956
0.8906099 1.806956
0.9698151 1.806956
0.926549 1.806956
0.969814 1.010212
0.92655 1.010212
0.8473451 1.010212
0.8906099 1.010212
0.614868 1.994376
0.6637 1.994376
0.747296 1.994376
0.698465 1.994376
0.747296 1.007685
0.698465 1.007685
0.614868 1.007685
0.6637 1.007685
0.529446 1.992544
0.562394 1.992546
0.496931 1.992544
0.463982 1.992546
0.496931 1.003745
0.463982 1.003745
0.529447 1.003745
0.562395 1.003745
0.614868 1.994376
0.6637 1.994376
0.747296 1.994376
0.698465 1.994376
0.747296 1.007685
0.698465 1.007685
0.614868 1.007685
0.6637 1.007685
0.614868 1.994376
0.6637 1.994376
0.747296 1.994376
0.698465 1.994376
0.747296 1.007685
0.698465 1.007685
0.614868 1.007685
0.6637 1.007685
0.614868 1.994376
0.6637 1.994376
0.747296 1.994376
0.698465 1.994376
0.747296 1.007685
0.698465 1.007685
0.614868 1.007685
0.6637 1.007685
0.453171 1.007685
0.34282 1.007685
0.123565 1.007685
0.233919 1.007685
0.123565 1.994376
0.233919 1.994376
0.993495 1.990553
0.993495 1.819327
0.529446 1.992544
0.562394 1.992546
0.496931 1.992544
0.463982 1.992546
0.496931 1.003745
0.463982 1.003745
0.529447 1.003745
0.562395 1.003745
0.8473451 1.806956
0.8906099 1.806956
0.9698151 1.806956
0.926549 1.806956
0.969814 1.010212
0.92655 1.010212
0.8473451 1.010212
0.8906099 1.010212
0.614868 1.994376
0.6637 1.994376
0.747296 1.994376
0.698465 1.994376
0.747296 1.007685
0.698465 1.007685
0.614868 1.007685
0.6637 1.007685
0.529446 1.992544
0.562394 1.992546
0.496931 1.992544
0.463982 1.992546
0.496931 1.003745
0.463982 1.003745
0.529447 1.003745
0.562395 1.003745
0.614868 1.994376
0.6637 1.994376
0.747296 1.994376
0.698465 1.994376
0.747296 1.007685
0.698465 1.007685
0.614868 1.007685
0.6637 1.007685
0.614868 1.994376
0.6637 1.994376
0.747296 1.994376
0.698465 1.994376
0.747296 1.007685
0.698465 1.007685
0.614868 1.007685
0.6637 1.007685
0.614868 1.994376
0.6637 1.994376
0.747296 1.994376
0.698465 1.994376
0.747296 1.007685
0.698465 1.007685
0.614868 1.007685
0.6637 1.007685
0.453171 1.007685
0.34282 1.007685
0.123565 1.007685
0.233919 1.007685
0.123565 1.994376
0.233919 1.994376
0.993495 1.990553
0.993495 1.819327
0.529446 1.992544
0.562394 1.992546
0.496931 1.992544
0.463982 1.992546
0.496931 1.003745
0.463982 1.003745
0.529447 1.003745
0.562395 1.003745
0.8473451 1.806956
0.8906099 1.806956
0.9698151 1.806956
0.926549 1.806956
0.969814 1.010212
0.92655 1.010212
0.8473451 1.010212
0.8906099 1.010212
0.614868 1.994376
0.6637 1.994376
0.747296 1.994376
0.698465 1.994376
0.747296 1.007685
0.698465 1.007685
0.614868 1.007685
0.6637 1.007685
0.529446 1.992544
0.562394 1.992546
0.496931 1.992544
0.463982 1.992546
0.496931 1.003745
0.463982 1.003745
0.529447 1.003745
0.562395 1.003745
0.614868 1.994376
0.6637 1.994376
0.747296 1.994376
0.698465 1.994376
0.747296 1.007685
0.698465 1.007685
0.614868 1.007685
0.6637 1.007685
0.614868 1.994376
0.6637 1.994376
0.747296 1.994376
0.698465 1.994376
0.747296 1.007685
0.698465 1.007685
0.614868 1.007685
0.6637 1.007685
0.614868 1.994376
0.6637 1.994376
0.747296 1.994376
0.698465 1.994376
0.747296 1.007685
0.698465 1.007685
0.614868 1.007685
0.6637 1.007685
0.453171 1.007685
0.34282 1.007685
0.123565 1.007685
0.233919 1.007685
0.123565 1.994376
0.233919 1.994376
0.993495 1.990553
0.993495 1.819327
0.529446 1.992544
0.562394 1.992546
0.496931 1.992544
0.463982 1.992546
0.496931 1.003745
0.463982 1.003745
0.529447 1.003745
0.562395 1.003745
0.8473451 1.806956
0.8906099 1.806956
0.9698151 1.806956
0.926549 1.806956
0.969814 1.010212
0.92655 1.010212
0.8473451 1.010212
0.8906099 1.010212
0.614868 1.994376
0.6637 1.994376
0.747296 1.994376
0.698465 1.994376
0.747296 1.007685
0.698465 1.007685
0.614868 1.007685
0.6637 1.007685
0.529446 1.992544
0.562394 1.992546
0.496931 1.992544
0.463982 1.992546
0.496931 1.003745
0.463982 1.003745
0.529447 1.003745
0.562395 1.003745
0.793026 1.990553
0.793026 1.819327
0.453171 1.994376
0.34282 1.994376
0.34282 1.007685
0.34282 1.994376
0.233919 1.007685
0.233919 1.994376
0.014666 1.994376
0.014666 1.007685
0.123565 1.994376
0.123565 1.007685
0.6637 1.994376
0.698465 1.994376
0.6637 1.007685
0.698465 1.007685
0.782061 1.007685
0.747296 1.007685
0.782061 1.994376
0.747296 1.994376
0.6637 1.994376
0.6637 1.007685
0.698465 1.994376
0.698465 1.007685
0.782061 1.007685
0.782061 1.994376
0.747296 1.007685
0.747296 1.994376
0.6637 1.994376
0.698465 1.994376
0.6637 1.007685
0.698465 1.007685
0.782061 1.007685
0.747296 1.007685
0.782061 1.994376
0.747296 1.994376
0.793026 1.990553
0.793026 1.819327
0.453171 1.994376
0.34282 1.994376
0.34282 1.007685
0.34282 1.994376
0.233919 1.007685
0.233919 1.994376
0.014666 1.994376
0.014666 1.007685
0.123565 1.994376
0.123565 1.007685
0.562394 1.992546
0.562395 1.003745
0.594909 1.992546
0.594909 1.003745
0.529447 1.003745
0.529446 1.992544
0.496931 1.003745
0.496931 1.992544
0.8906099 1.806956
0.8906099 1.010212
0.926549 1.806956
0.92655 1.010212
0.8473451 1.010212
0.8473451 1.806956
0.811405 1.010212
0.811406 1.806956
0.6637 1.994376
0.6637 1.007685
0.698465 1.994376
0.698465 1.007685
0.782061 1.007685
0.782061 1.994376
0.747296 1.007685
0.747296 1.994376
0.562394 1.992546
0.562395 1.003745
0.594909 1.992546
0.594909 1.003745
0.529447 1.003745
0.529446 1.992544
0.496931 1.003745
0.496931 1.992544
0.6637 1.994376
0.698465 1.994376
0.6637 1.007685
0.698465 1.007685
0.782061 1.007685
0.747296 1.007685
0.782061 1.994376
0.747296 1.994376
0.793026 1.990553
0.793026 1.819327
0.453171 1.994376
0.34282 1.994376
0.34282 1.007685
0.34282 1.994376
0.233919 1.007685
0.233919 1.994376
0.014666 1.994376
0.014666 1.007685
0.123565 1.994376
0.123565 1.007685
0.529447 1.003745
0.529446 1.51141
0.6637 1.994376
0.6637 1.007685
0.698465 1.994376
0.698465 1.007685
0.782061 1.007685
0.782061 1.994376
0.747296 1.007685
0.747296 1.994376
0.529447 1.003745
0.529446 1.51141
0.496931 1.51141
0.496931 1.003745
0.594909 1.51141
0.562395 1.51141
0.594909 1.003745
0.562395 1.003745
0.496931 1.51141
0.496931 1.003745
0.594909 1.51141
0.562395 1.51141
0.594909 1.003745
0.562395 1.003745
0.793026 1.990553
0.793026 1.819327
0.453171 1.994376
0.34282 1.994376
0.34282 1.007685
0.34282 1.994376
0.233919 1.007685
0.233919 1.994376
0.014666 1.994376
0.014666 1.007685
0.123565 1.994376
0.123565 1.007685
0.6637 1.994376
0.698465 1.994376
0.6637 1.007685
0.698465 1.007685
0.782061 1.007685
0.747296 1.007685
0.782061 1.994376
0.747296 1.994376
0.793026 1.990553
0.793026 1.819327
0.453171 1.994376
0.34282 1.994376
0.34282 1.007685
0.34282 1.994376
0.233919 1.007685
0.233919 1.994376
0.014666 1.994376
0.014666 1.007685
0.123565 1.994376
0.123565 1.007685
0.529446 1.51141
0.529447 1.003745
0.6637 1.994376
0.6637 1.007685
0.698465 1.994376
0.698465 1.007685
0.782061 1.007685
0.782061 1.994376
0.747296 1.007685
0.747296 1.994376
0.529446 1.51141
0.529447 1.003745
0.496931 1.51141
0.496931 1.003745
0.562395 1.51141
0.562395 1.003745
0.594909 1.51141
0.594909 1.003745
0.496931 1.51141
0.496931 1.003745
0.562395 1.51141
0.562395 1.003745
0.594909 1.51141
0.594909 1.003745
0.698465 1.994376
0.698465 1.007685
0.6637 1.994376
0.6637 1.007685
0.782061 1.007685
0.747296 1.007685
0.782061 1.994376
0.747296 1.994376
0.793026 1.990553
0.793026 1.819327
0.453171 1.994376
0.34282 1.994376
0.34282 1.007685
0.34282 1.994376
0.233919 1.007685
0.233919 1.994376
0.014666 1.994376
0.014666 1.007685
0.123565 1.994376
0.123565 1.007685
0.529446 1.51141
0.529447 1.003745
0.6637 1.994376
0.6637 1.007685
0.698465 1.994376
0.698465 1.007685
0.782061 1.007685
0.782061 1.994376
0.747296 1.007685
0.747296 1.994376
0.529446 1.51141
0.529447 1.003745
0.496931 1.51141
0.496931 1.003745
0.562395 1.51141
0.562395 1.003745
0.594909 1.51141
0.594909 1.003745
0.496931 1.51141
0.496931 1.003745
0.562395 1.51141
0.562395 1.003745
0.594909 1.51141
0.594909 1.003745
0.6637 1.994376
0.698465 1.994376
0.6637 1.007685
0.698465 1.007685
0.782061 1.007685
0.747296 1.007685
0.782061 1.994376
0.747296 1.994376
0.6637 1.994376
0.6637 1.007685
0.698465 1.994376
0.698465 1.007685
0.782061 1.007685
0.782061 1.994376
0.747296 1.007685
0.747296 1.994376
0.6637 1.994376
0.698465 1.994376
0.6637 1.007685
0.698465 1.007685
0.782061 1.007685
0.747296 1.007685
0.782061 1.994376
0.747296 1.994376
0.793026 1.990553
0.793026 1.819327
0.453171 1.994376
0.34282 1.994376
0.34282 1.007685
0.34282 1.994376
0.233919 1.007685
0.233919 1.994376
0.014666 1.994376
0.014666 1.007685
0.123565 1.994376
0.123565 1.007685
0.562394 1.992546
0.562395 1.003745
0.594909 1.992546
0.594909 1.003745
0.529447 1.003745
0.529446 1.992544
0.496931 1.003745
0.496931 1.992544
0.8906099 1.806956
0.8906099 1.010212
0.926549 1.806956
0.92655 1.010212
0.8473451 1.010212
0.8473451 1.806956
0.811405 1.010212
0.811406 1.806956
0.6637 1.994376
0.6637 1.007685
0.698465 1.994376
0.698465 1.007685
0.782061 1.007685
0.782061 1.994376
0.747296 1.007685
0.747296 1.994376
0.562394 1.992546
0.562395 1.003745
0.594909 1.992546
0.594909 1.003745
0.529447 1.003745
0.529446 1.992544
0.496931 1.003745
0.496931 1.992544
0.6637 1.994376
0.698465 1.994376
0.6637 1.007685
0.698465 1.007685
0.782061 1.007685
0.747296 1.007685
0.782061 1.994376
0.747296 1.994376
0.6637 1.994376
0.6637 1.007685
0.698465 1.994376
0.698465 1.007685
0.782061 1.007685
0.782061 1.994376
0.747296 1.007685
0.747296 1.994376
0.6637 1.994376
0.698465 1.994376
0.6637 1.007685
0.698465 1.007685
0.782061 1.007685
0.747296 1.007685
0.782061 1.994376
0.747296 1.994376
0.793026 1.990553
0.793026 1.819327
0.453171 1.994376
0.34282 1.994376
0.34282 1.007685
0.34282 1.994376
0.233919 1.007685
0.233919 1.994376
0.014666 1.994376
0.014666 1.007685
0.123565 1.994376
0.123565 1.007685
0.562394 1.992546
0.562395 1.003745
0.594909 1.992546
0.594909 1.003745
0.529447 1.003745
0.529446 1.992544
0.496931 1.003745
0.496931 1.992544
0.8906099 1.806956
0.8906099 1.010212
0.926549 1.806956
0.92655 1.010212
0.8473451 1.010212
0.8473451 1.806956
0.811405 1.010212
0.811406 1.806956
0.6637 1.994376
0.6637 1.007685
0.698465 1.994376
0.698465 1.007685
0.782061 1.007685
0.782061 1.994376
0.747296 1.007685
0.747296 1.994376
0.562394 1.992546
0.562395 1.003745
0.594909 1.992546
0.594909 1.003745
0.529447 1.003745
0.529446 1.992544
0.496931 1.003745
0.496931 1.992544
0.6637 1.994376
0.698465 1.994376
0.6637 1.007685
0.698465 1.007685
0.782061 1.007685
0.747296 1.007685
0.782061 1.994376
0.747296 1.994376
0.6637 1.994376
0.6637 1.007685
0.698465 1.994376
0.698465 1.007685
0.782061 1.007685
0.782061 1.994376
0.747296 1.007685
0.747296 1.994376
0.6637 1.994376
0.698465 1.994376
0.6637 1.007685
0.698465 1.007685
0.782061 1.007685
0.747296 1.007685
0.782061 1.994376
0.747296 1.994376
0.793026 1.990553
0.793026 1.819327
0.453171 1.994376
0.34282 1.994376
0.34282 1.007685
0.34282 1.994376
0.233919 1.007685
0.233919 1.994376
0.014666 1.994376
0.014666 1.007685
0.123565 1.994376
0.123565 1.007685
0.562394 1.992546
0.562395 1.003745
0.594909 1.992546
0.594909 1.003745
0.529447 1.003745
0.529446 1.992544
0.496931 1.003745
0.496931 1.992544
0.8906099 1.806956
0.8906099 1.010212
0.926549 1.806956
0.92655 1.010212
0.8473451 1.010212
0.8473451 1.806956
0.811405 1.010212
0.811406 1.806956
0.6637 1.994376
0.6637 1.007685
0.698465 1.994376
0.698465 1.007685
0.782061 1.007685
0.782061 1.994376
0.747296 1.007685
0.747296 1.994376
0.562394 1.992546
0.562395 1.003745
0.594909 1.992546
0.594909 1.003745
0.529447 1.003745
0.529446 1.992544
0.496931 1.003745
0.496931 1.992544
0.6637 1.994376
0.698465 1.994376
0.6637 1.007685
0.698465 1.007685
0.782061 1.007685
0.747296 1.007685
0.782061 1.994376
0.747296 1.994376
0.6637 1.994376
0.6637 1.007685
0.698465 1.994376
0.698465 1.007685
0.782061 1.007685
0.782061 1.994376
0.747296 1.007685
0.747296 1.994376
0.6637 1.994376
0.698465 1.994376
0.6637 1.007685
0.698465 1.007685
0.782061 1.007685
0.747296 1.007685
0.782061 1.994376
0.747296 1.994376
0.793026 1.990553
0.793026 1.819327
0.453171 1.994376
0.34282 1.994376
0.34282 1.007685
0.34282 1.994376
0.233919 1.007685
0.233919 1.994376
0.014666 1.994376
0.014666 1.007685
0.123565 1.994376
0.123565 1.007685
0.562394 1.992546
0.562395 1.003745
0.594909 1.992546
0.594909 1.003745
0.529447 1.003745
0.529446 1.992544
0.496931 1.003745
0.496931 1.992544
0.8906099 1.806956
0.8906099 1.010212
0.926549 1.806956
0.92655 1.010212
0.8473451 1.010212
0.8473451 1.806956
0.811405 1.010212
0.811406 1.806956
0.6637 1.994376
0.6637 1.007685
0.698465 1.994376
0.698465 1.007685
0.782061 1.007685
0.782061 1.994376
0.747296 1.007685
0.747296 1.994376
0.562394 1.992546
0.562395 1.003745
0.594909 1.992546
0.594909 1.003745
0.529447 1.003745
0.529446 1.992544
0.496931 1.003745
0.496931 1.992544
</float_array>
          <technique_common>
            <accessor source="#o_b_koyasaku_0-lib-UV0-array" count="952" stride="2">
              <param name="S" type="float" />
              <param name="T" type="float" />
            </accessor>
          </technique_common>
        </source>
        <vertices id="o_b_koyasaku_0-lib-Vertex">
          <input semantic="POSITION" source="#o_b_koyasaku_0-lib-Position" />
        </vertices>
        <polygons material="m_b_koyahashira" count="476">
          <input semantic="VERTEX" offset="0" source="#o_b_koyasaku_0-lib-Vertex" />
          <input semantic="NORMAL" offset="1" source="#o_b_koyasaku_0-lib-Normal0" />
          <input semantic="TEXCOORD" offset="2" set="0" source="#o_b_koyasaku_0-lib-UV0" />
          <p>2 2 2 3 3 3 4 4 4</p>
          <p>3 3 3 5 5 5 4 4 4</p>
          <p>456 456 456 457 457 457 6 6 6</p>
          <p>457 457 457 7 7 7 6 6 6</p>
          <p>458 458 458 459 459 459 0 0 0</p>
          <p>459 459 459 1 1 1 0 0 0</p>
          <p>460 460 460 461 461 461 462 462 462</p>
          <p>461 461 461 463 463 463 462 462 462</p>
          <p>464 464 464 465 465 465 466 466 466</p>
          <p>465 465 465 467 467 467 466 466 466</p>
          <p>10 10 10 12 12 12 11 11 11</p>
          <p>12 12 12 13 13 13 11 11 11</p>
          <p>8 8 8 9 9 9 14 14 14</p>
          <p>14 14 14 9 9 9 15 15 15</p>
          <p>468 468 468 469 469 469 470 470 470</p>
          <p>469 469 469 471 471 471 470 470 470</p>
          <p>472 472 472 473 473 473 474 474 474</p>
          <p>473 473 473 475 475 475 474 474 474</p>
          <p>18 18 18 19 19 19 20 20 20</p>
          <p>19 19 19 21 21 21 20 20 20</p>
          <p>23 23 23 17 17 17 22 22 22</p>
          <p>22 22 22 17 17 17 16 16 16</p>
          <p>476 476 476 477 477 477 478 478 478</p>
          <p>477 477 477 479 479 479 478 478 478</p>
          <p>480 480 480 481 481 481 482 482 482</p>
          <p>481 481 481 483 483 483 482 482 482</p>
          <p>26 26 26 28 28 28 27 27 27</p>
          <p>28 28 28 29 29 29 27 27 27</p>
          <p>24 24 24 25 25 25 30 30 30</p>
          <p>30 30 30 25 25 25 31 31 31</p>
          <p>484 484 484 485 485 485 486 486 486</p>
          <p>485 485 485 487 487 487 486 486 486</p>
          <p>488 488 488 489 489 489 490 490 490</p>
          <p>489 489 489 491 491 491 490 490 490</p>
          <p>34 34 34 35 35 35 36 36 36</p>
          <p>35 35 35 37 37 37 36 36 36</p>
          <p>492 492 492 493 493 493 38 38 38</p>
          <p>493 493 493 39 39 39 38 38 38</p>
          <p>494 494 494 495 495 495 32 32 32</p>
          <p>495 495 495 33 33 33 32 32 32</p>
          <p>496 496 496 497 497 497 498 498 498</p>
          <p>497 497 497 499 499 499 498 498 498</p>
          <p>500 500 500 501 501 501 502 502 502</p>
          <p>501 501 501 503 503 503 502 502 502</p>
          <p>43 43 43 45 45 45 42 42 42</p>
          <p>42 42 42 45 45 45 44 44 44</p>
          <p>46 46 46 47 47 47 40 40 40</p>
          <p>47 47 47 41 41 41 40 40 40</p>
          <p>504 504 504 505 505 505 506 506 506</p>
          <p>505 505 505 507 507 507 506 506 506</p>
          <p>508 508 508 509 509 509 510 510 510</p>
          <p>509 509 509 511 511 511 510 510 510</p>
          <p>50 50 50 51 51 51 52 52 52</p>
          <p>51 51 51 53 53 53 52 52 52</p>
          <p>54 54 54 55 55 55 48 48 48</p>
          <p>55 55 55 49 49 49 48 48 48</p>
          <p>512 512 512 513 513 513 514 514 514</p>
          <p>513 513 513 515 515 515 514 514 514</p>
          <p>516 516 516 517 517 517 518 518 518</p>
          <p>517 517 517 519 519 519 518 518 518</p>
          <p>58 58 58 59 59 59 60 60 60</p>
          <p>59 59 59 61 61 61 60 60 60</p>
          <p>63 63 63 57 57 57 62 62 62</p>
          <p>62 62 62 57 57 57 56 56 56</p>
          <p>520 520 520 521 521 521 522 522 522</p>
          <p>521 521 521 523 523 523 522 522 522</p>
          <p>524 524 524 525 525 525 526 526 526</p>
          <p>525 525 525 527 527 527 526 526 526</p>
          <p>67 67 67 69 69 69 66 66 66</p>
          <p>66 66 66 69 69 69 68 68 68</p>
          <p>70 70 70 71 71 71 64 64 64</p>
          <p>71 71 71 65 65 65 64 64 64</p>
          <p>528 528 528 529 529 529 530 530 530</p>
          <p>529 529 529 531 531 531 530 530 530</p>
          <p>532 532 532 533 533 533 534 534 534</p>
          <p>533 533 533 535 535 535 534 534 534</p>
          <p>76 76 76 77 77 77 74 74 74</p>
          <p>74 74 74 77 77 77 75 75 75</p>
          <p>78 78 78 72 72 72 79 79 79</p>
          <p>72 72 72 73 73 73 79 79 79</p>
          <p>536 536 536 537 537 537 538 538 538</p>
          <p>537 537 537 539 539 539 538 538 538</p>
          <p>540 540 540 541 541 541 542 542 542</p>
          <p>541 541 541 543 543 543 542 542 542</p>
          <p>82 82 82 83 83 83 84 84 84</p>
          <p>83 83 83 85 85 85 84 84 84</p>
          <p>544 544 544 545 545 545 86 86 86</p>
          <p>545 545 545 87 87 87 86 86 86</p>
          <p>546 546 546 547 547 547 80 80 80</p>
          <p>547 547 547 81 81 81 80 80 80</p>
          <p>548 548 548 549 549 549 550 550 550</p>
          <p>549 549 549 551 551 551 550 550 550</p>
          <p>552 552 552 553 553 553 554 554 554</p>
          <p>553 553 553 555 555 555 554 554 554</p>
          <p>90 90 90 91 91 91 106 106 106</p>
          <p>91 91 91 107 107 107 106 106 106</p>
          <p>556 556 556 557 557 557 88 88 88</p>
          <p>557 557 557 104 104 104 88 88 88</p>
          <p>95 95 95 97 97 97 94 94 94</p>
          <p>94 94 94 97 97 97 96 96 96</p>
          <p>98 98 98 99 99 99 92 92 92</p>
          <p>99 99 99 93 93 93 92 92 92</p>
          <p>558 558 558 559 559 559 560 560 560</p>
          <p>559 559 559 561 561 561 560 560 560</p>
          <p>562 562 562 563 563 563 564 564 564</p>
          <p>563 563 563 565 565 565 564 564 564</p>
          <p>102 102 102 103 103 103 110 110 110</p>
          <p>103 103 103 111 111 111 110 110 110</p>
          <p>566 566 566 567 567 567 100 100 100</p>
          <p>567 567 567 108 108 108 100 100 100</p>
          <p>568 568 568 105 105 105 569 569 569</p>
          <p>105 105 105 89 89 89 569 569 569</p>
          <p>570 570 570 571 571 571 572 572 572</p>
          <p>571 571 571 573 573 573 572 572 572</p>
          <p>574 574 574 109 109 109 575 575 575</p>
          <p>109 109 109 101 101 101 575 575 575</p>
          <p>576 576 576 577 577 577 578 578 578</p>
          <p>577 577 577 579 579 579 578 578 578</p>
          <p>114 114 114 115 115 115 116 116 116</p>
          <p>115 115 115 117 117 117 116 116 116</p>
          <p>580 580 580 581 581 581 118 118 118</p>
          <p>581 581 581 119 119 119 118 118 118</p>
          <p>582 582 582 583 583 583 112 112 112</p>
          <p>583 583 583 113 113 113 112 112 112</p>
          <p>584 584 584 585 585 585 586 586 586</p>
          <p>585 585 585 587 587 587 586 586 586</p>
          <p>588 588 588 589 589 589 590 590 590</p>
          <p>589 589 589 591 591 591 590 590 590</p>
          <p>122 122 122 124 124 124 123 123 123</p>
          <p>124 124 124 125 125 125 123 123 123</p>
          <p>120 120 120 121 121 121 126 126 126</p>
          <p>126 126 126 121 121 121 127 127 127</p>
          <p>592 592 592 593 593 593 594 594 594</p>
          <p>593 593 593 595 595 595 594 594 594</p>
          <p>596 596 596 597 597 597 598 598 598</p>
          <p>597 597 597 599 599 599 598 598 598</p>
          <p>130 130 130 131 131 131 132 132 132</p>
          <p>131 131 131 133 133 133 132 132 132</p>
          <p>600 600 600 601 601 601 134 134 134</p>
          <p>601 601 601 135 135 135 134 134 134</p>
          <p>602 602 602 603 603 603 128 128 128</p>
          <p>603 603 603 129 129 129 128 128 128</p>
          <p>604 604 604 605 605 605 606 606 606</p>
          <p>605 605 605 607 607 607 606 606 606</p>
          <p>608 608 608 609 609 609 610 610 610</p>
          <p>609 609 609 611 611 611 610 610 610</p>
          <p>138 138 138 139 139 139 154 154 154</p>
          <p>139 139 139 155 155 155 154 154 154</p>
          <p>612 612 612 152 152 152 613 613 613</p>
          <p>613 613 613 152 152 152 136 136 136</p>
          <p>143 143 143 145 145 145 142 142 142</p>
          <p>142 142 142 145 145 145 144 144 144</p>
          <p>146 146 146 147 147 147 140 140 140</p>
          <p>147 147 147 141 141 141 140 140 140</p>
          <p>614 614 614 615 615 615 616 616 616</p>
          <p>615 615 615 617 617 617 616 616 616</p>
          <p>618 618 618 619 619 619 620 620 620</p>
          <p>619 619 619 621 621 621 620 620 620</p>
          <p>150 150 150 151 151 151 158 158 158</p>
          <p>151 151 151 159 159 159 158 158 158</p>
          <p>622 622 622 156 156 156 623 623 623</p>
          <p>623 623 623 156 156 156 148 148 148</p>
          <p>624 624 624 153 153 153 625 625 625</p>
          <p>153 153 153 137 137 137 625 625 625</p>
          <p>626 626 626 627 627 627 628 628 628</p>
          <p>628 628 628 627 627 627 629 629 629</p>
          <p>630 630 630 157 157 157 631 631 631</p>
          <p>157 157 157 149 149 149 631 631 631</p>
          <p>632 632 632 633 633 633 634 634 634</p>
          <p>634 634 634 633 633 633 635 635 635</p>
          <p>162 162 162 164 164 164 163 163 163</p>
          <p>164 164 164 165 165 165 163 163 163</p>
          <p>160 160 160 161 161 161 166 166 166</p>
          <p>166 166 166 161 161 161 167 167 167</p>
          <p>636 636 636 637 637 637 638 638 638</p>
          <p>638 638 638 637 637 637 639 639 639</p>
          <p>640 640 640 641 641 641 642 642 642</p>
          <p>641 641 641 643 643 643 642 642 642</p>
          <p>170 170 170 171 171 171 172 172 172</p>
          <p>171 171 171 173 173 173 172 172 172</p>
          <p>644 644 644 645 645 645 174 174 174</p>
          <p>645 645 645 175 175 175 174 174 174</p>
          <p>646 646 646 647 647 647 168 168 168</p>
          <p>647 647 647 169 169 169 168 168 168</p>
          <p>648 648 648 649 649 649 650 650 650</p>
          <p>649 649 649 651 651 651 650 650 650</p>
          <p>652 652 652 653 653 653 654 654 654</p>
          <p>653 653 653 655 655 655 654 654 654</p>
          <p>178 178 178 179 179 179 194 194 194</p>
          <p>179 179 179 195 195 195 194 194 194</p>
          <p>656 656 656 192 192 192 657 657 657</p>
          <p>657 657 657 192 192 192 176 176 176</p>
          <p>183 183 183 185 185 185 182 182 182</p>
          <p>182 182 182 185 185 185 184 184 184</p>
          <p>186 186 186 187 187 187 180 180 180</p>
          <p>187 187 187 181 181 181 180 180 180</p>
          <p>658 658 658 659 659 659 660 660 660</p>
          <p>659 659 659 661 661 661 660 660 660</p>
          <p>662 662 662 663 663 663 664 664 664</p>
          <p>663 663 663 665 665 665 664 664 664</p>
          <p>190 190 190 191 191 191 198 198 198</p>
          <p>191 191 191 199 199 199 198 198 198</p>
          <p>666 666 666 196 196 196 667 667 667</p>
          <p>667 667 667 196 196 196 188 188 188</p>
          <p>668 668 668 193 193 193 669 669 669</p>
          <p>193 193 193 177 177 177 669 669 669</p>
          <p>670 670 670 671 671 671 672 672 672</p>
          <p>672 672 672 671 671 671 673 673 673</p>
          <p>674 674 674 197 197 197 675 675 675</p>
          <p>197 197 197 189 189 189 675 675 675</p>
          <p>676 676 676 677 677 677 678 678 678</p>
          <p>678 678 678 677 677 677 679 679 679</p>
          <p>202 202 202 204 204 204 203 203 203</p>
          <p>204 204 204 205 205 205 203 203 203</p>
          <p>200 200 200 201 201 201 206 206 206</p>
          <p>206 206 206 201 201 201 207 207 207</p>
          <p>680 680 680 681 681 681 682 682 682</p>
          <p>681 681 681 683 683 683 682 682 682</p>
          <p>684 684 684 685 685 685 686 686 686</p>
          <p>685 685 685 687 687 687 686 686 686</p>
          <p>210 210 210 211 211 211 212 212 212</p>
          <p>211 211 211 213 213 213 212 212 212</p>
          <p>215 215 215 209 209 209 214 214 214</p>
          <p>214 214 214 209 209 209 208 208 208</p>
          <p>688 688 688 689 689 689 690 690 690</p>
          <p>689 689 689 691 691 691 690 690 690</p>
          <p>692 692 692 693 693 693 694 694 694</p>
          <p>693 693 693 695 695 695 694 694 694</p>
          <p>218 218 218 220 220 220 219 219 219</p>
          <p>220 220 220 221 221 221 219 219 219</p>
          <p>216 216 216 217 217 217 222 222 222</p>
          <p>222 222 222 217 217 217 223 223 223</p>
          <p>696 696 696 697 697 697 698 698 698</p>
          <p>697 697 697 699 699 699 698 698 698</p>
          <p>700 700 700 701 701 701 702 702 702</p>
          <p>701 701 701 703 703 703 702 702 702</p>
          <p>226 226 226 227 227 227 228 228 228</p>
          <p>227 227 227 229 229 229 228 228 228</p>
          <p>704 704 704 705 705 705 230 230 230</p>
          <p>705 705 705 231 231 231 230 230 230</p>
          <p>706 706 706 707 707 707 224 224 224</p>
          <p>707 707 707 225 225 225 224 224 224</p>
          <p>708 708 708 709 709 709 710 710 710</p>
          <p>709 709 709 711 711 711 710 710 710</p>
          <p>712 712 712 713 713 713 714 714 714</p>
          <p>713 713 713 715 715 715 714 714 714</p>
          <p>235 235 235 237 237 237 234 234 234</p>
          <p>234 234 234 237 237 237 236 236 236</p>
          <p>238 238 238 239 239 239 232 232 232</p>
          <p>239 239 239 233 233 233 232 232 232</p>
          <p>716 716 716 717 717 717 718 718 718</p>
          <p>717 717 717 719 719 719 718 718 718</p>
          <p>720 720 720 721 721 721 722 722 722</p>
          <p>721 721 721 723 723 723 722 722 722</p>
          <p>242 242 242 243 243 243 244 244 244</p>
          <p>243 243 243 245 245 245 244 244 244</p>
          <p>246 246 246 247 247 247 240 240 240</p>
          <p>247 247 247 241 241 241 240 240 240</p>
          <p>724 724 724 725 725 725 726 726 726</p>
          <p>725 725 725 727 727 727 726 726 726</p>
          <p>728 728 728 729 729 729 730 730 730</p>
          <p>729 729 729 731 731 731 730 730 730</p>
          <p>250 250 250 251 251 251 252 252 252</p>
          <p>251 251 251 253 253 253 252 252 252</p>
          <p>255 255 255 249 249 249 254 254 254</p>
          <p>254 254 254 249 249 249 248 248 248</p>
          <p>732 732 732 733 733 733 734 734 734</p>
          <p>733 733 733 735 735 735 734 734 734</p>
          <p>736 736 736 737 737 737 738 738 738</p>
          <p>737 737 737 739 739 739 738 738 738</p>
          <p>259 259 259 261 261 261 258 258 258</p>
          <p>258 258 258 261 261 261 260 260 260</p>
          <p>262 262 262 263 263 263 256 256 256</p>
          <p>263 263 263 257 257 257 256 256 256</p>
          <p>740 740 740 741 741 741 742 742 742</p>
          <p>741 741 741 743 743 743 742 742 742</p>
          <p>744 744 744 745 745 745 746 746 746</p>
          <p>745 745 745 747 747 747 746 746 746</p>
          <p>266 266 266 268 268 268 267 267 267</p>
          <p>268 268 268 269 269 269 267 267 267</p>
          <p>264 264 264 265 265 265 270 270 270</p>
          <p>270 270 270 265 265 265 271 271 271</p>
          <p>748 748 748 749 749 749 750 750 750</p>
          <p>749 749 749 751 751 751 750 750 750</p>
          <p>752 752 752 753 753 753 754 754 754</p>
          <p>753 753 753 755 755 755 754 754 754</p>
          <p>274 274 274 275 275 275 276 276 276</p>
          <p>275 275 275 277 277 277 276 276 276</p>
          <p>279 279 279 273 273 273 278 278 278</p>
          <p>278 278 278 273 273 273 272 272 272</p>
          <p>756 756 756 757 757 757 758 758 758</p>
          <p>757 757 757 759 759 759 758 758 758</p>
          <p>760 760 760 761 761 761 762 762 762</p>
          <p>761 761 761 763 763 763 762 762 762</p>
          <p>282 282 282 284 284 284 283 283 283</p>
          <p>284 284 284 285 285 285 283 283 283</p>
          <p>280 280 280 281 281 281 286 286 286</p>
          <p>286 286 286 281 281 281 287 287 287</p>
          <p>764 764 764 765 765 765 766 766 766</p>
          <p>765 765 765 767 767 767 766 766 766</p>
          <p>768 768 768 769 769 769 770 770 770</p>
          <p>769 769 769 771 771 771 770 770 770</p>
          <p>290 290 290 291 291 291 292 292 292</p>
          <p>291 291 291 293 293 293 292 292 292</p>
          <p>772 772 772 773 773 773 294 294 294</p>
          <p>773 773 773 295 295 295 294 294 294</p>
          <p>774 774 774 775 775 775 288 288 288</p>
          <p>775 775 775 289 289 289 288 288 288</p>
          <p>776 776 776 777 777 777 778 778 778</p>
          <p>777 777 777 779 779 779 778 778 778</p>
          <p>780 780 780 781 781 781 782 782 782</p>
          <p>781 781 781 783 783 783 782 782 782</p>
          <p>299 299 299 301 301 301 298 298 298</p>
          <p>298 298 298 301 301 301 300 300 300</p>
          <p>302 302 302 303 303 303 296 296 296</p>
          <p>303 303 303 297 297 297 296 296 296</p>
          <p>784 784 784 785 785 785 786 786 786</p>
          <p>785 785 785 787 787 787 786 786 786</p>
          <p>788 788 788 789 789 789 790 790 790</p>
          <p>789 789 789 791 791 791 790 790 790</p>
          <p>306 306 306 307 307 307 308 308 308</p>
          <p>307 307 307 309 309 309 308 308 308</p>
          <p>310 310 310 311 311 311 304 304 304</p>
          <p>311 311 311 305 305 305 304 304 304</p>
          <p>792 792 792 793 793 793 794 794 794</p>
          <p>793 793 793 795 795 795 794 794 794</p>
          <p>796 796 796 797 797 797 798 798 798</p>
          <p>797 797 797 799 799 799 798 798 798</p>
          <p>314 314 314 315 315 315 316 316 316</p>
          <p>315 315 315 317 317 317 316 316 316</p>
          <p>319 319 319 313 313 313 318 318 318</p>
          <p>318 318 318 313 313 313 312 312 312</p>
          <p>800 800 800 801 801 801 802 802 802</p>
          <p>801 801 801 803 803 803 802 802 802</p>
          <p>804 804 804 805 805 805 806 806 806</p>
          <p>805 805 805 807 807 807 806 806 806</p>
          <p>323 323 323 325 325 325 322 322 322</p>
          <p>322 322 322 325 325 325 324 324 324</p>
          <p>326 326 326 327 327 327 320 320 320</p>
          <p>327 327 327 321 321 321 320 320 320</p>
          <p>808 808 808 809 809 809 810 810 810</p>
          <p>809 809 809 811 811 811 810 810 810</p>
          <p>812 812 812 813 813 813 814 814 814</p>
          <p>813 813 813 815 815 815 814 814 814</p>
          <p>330 330 330 332 332 332 331 331 331</p>
          <p>332 332 332 333 333 333 331 331 331</p>
          <p>328 328 328 329 329 329 334 334 334</p>
          <p>334 334 334 329 329 329 335 335 335</p>
          <p>816 816 816 817 817 817 818 818 818</p>
          <p>817 817 817 819 819 819 818 818 818</p>
          <p>820 820 820 821 821 821 822 822 822</p>
          <p>821 821 821 823 823 823 822 822 822</p>
          <p>338 338 338 339 339 339 340 340 340</p>
          <p>339 339 339 341 341 341 340 340 340</p>
          <p>343 343 343 337 337 337 342 342 342</p>
          <p>342 342 342 337 337 337 336 336 336</p>
          <p>824 824 824 825 825 825 826 826 826</p>
          <p>825 825 825 827 827 827 826 826 826</p>
          <p>828 828 828 829 829 829 830 830 830</p>
          <p>829 829 829 831 831 831 830 830 830</p>
          <p>346 346 346 348 348 348 347 347 347</p>
          <p>348 348 348 349 349 349 347 347 347</p>
          <p>344 344 344 345 345 345 350 350 350</p>
          <p>350 350 350 345 345 345 351 351 351</p>
          <p>832 832 832 833 833 833 834 834 834</p>
          <p>833 833 833 835 835 835 834 834 834</p>
          <p>836 836 836 837 837 837 838 838 838</p>
          <p>837 837 837 839 839 839 838 838 838</p>
          <p>354 354 354 355 355 355 356 356 356</p>
          <p>355 355 355 357 357 357 356 356 356</p>
          <p>840 840 840 841 841 841 358 358 358</p>
          <p>841 841 841 359 359 359 358 358 358</p>
          <p>842 842 842 843 843 843 352 352 352</p>
          <p>843 843 843 353 353 353 352 352 352</p>
          <p>844 844 844 845 845 845 846 846 846</p>
          <p>845 845 845 847 847 847 846 846 846</p>
          <p>848 848 848 849 849 849 850 850 850</p>
          <p>849 849 849 851 851 851 850 850 850</p>
          <p>363 363 363 365 365 365 362 362 362</p>
          <p>362 362 362 365 365 365 364 364 364</p>
          <p>366 366 366 367 367 367 360 360 360</p>
          <p>367 367 367 361 361 361 360 360 360</p>
          <p>852 852 852 853 853 853 854 854 854</p>
          <p>853 853 853 855 855 855 854 854 854</p>
          <p>856 856 856 857 857 857 858 858 858</p>
          <p>857 857 857 859 859 859 858 858 858</p>
          <p>370 370 370 371 371 371 372 372 372</p>
          <p>371 371 371 373 373 373 372 372 372</p>
          <p>374 374 374 375 375 375 368 368 368</p>
          <p>375 375 375 369 369 369 368 368 368</p>
          <p>860 860 860 861 861 861 862 862 862</p>
          <p>861 861 861 863 863 863 862 862 862</p>
          <p>864 864 864 865 865 865 866 866 866</p>
          <p>865 865 865 867 867 867 866 866 866</p>
          <p>378 378 378 379 379 379 380 380 380</p>
          <p>379 379 379 381 381 381 380 380 380</p>
          <p>383 383 383 377 377 377 382 382 382</p>
          <p>382 382 382 377 377 377 376 376 376</p>
          <p>868 868 868 869 869 869 870 870 870</p>
          <p>869 869 869 871 871 871 870 870 870</p>
          <p>872 872 872 873 873 873 874 874 874</p>
          <p>873 873 873 875 875 875 874 874 874</p>
          <p>387 387 387 389 389 389 386 386 386</p>
          <p>386 386 386 389 389 389 388 388 388</p>
          <p>390 390 390 391 391 391 384 384 384</p>
          <p>391 391 391 385 385 385 384 384 384</p>
          <p>876 876 876 877 877 877 878 878 878</p>
          <p>877 877 877 879 879 879 878 878 878</p>
          <p>880 880 880 881 881 881 882 882 882</p>
          <p>881 881 881 883 883 883 882 882 882</p>
          <p>394 394 394 396 396 396 395 395 395</p>
          <p>396 396 396 397 397 397 395 395 395</p>
          <p>392 392 392 393 393 393 398 398 398</p>
          <p>398 398 398 393 393 393 399 399 399</p>
          <p>884 884 884 885 885 885 886 886 886</p>
          <p>885 885 885 887 887 887 886 886 886</p>
          <p>888 888 888 889 889 889 890 890 890</p>
          <p>889 889 889 891 891 891 890 890 890</p>
          <p>402 402 402 403 403 403 404 404 404</p>
          <p>403 403 403 405 405 405 404 404 404</p>
          <p>407 407 407 401 401 401 406 406 406</p>
          <p>406 406 406 401 401 401 400 400 400</p>
          <p>892 892 892 893 893 893 894 894 894</p>
          <p>893 893 893 895 895 895 894 894 894</p>
          <p>896 896 896 897 897 897 898 898 898</p>
          <p>897 897 897 899 899 899 898 898 898</p>
          <p>410 410 410 412 412 412 411 411 411</p>
          <p>412 412 412 413 413 413 411 411 411</p>
          <p>408 408 408 409 409 409 414 414 414</p>
          <p>414 414 414 409 409 409 415 415 415</p>
          <p>900 900 900 901 901 901 902 902 902</p>
          <p>901 901 901 903 903 903 902 902 902</p>
          <p>904 904 904 905 905 905 906 906 906</p>
          <p>905 905 905 907 907 907 906 906 906</p>
          <p>418 418 418 419 419 419 420 420 420</p>
          <p>419 419 419 421 421 421 420 420 420</p>
          <p>908 908 908 909 909 909 422 422 422</p>
          <p>909 909 909 423 423 423 422 422 422</p>
          <p>910 910 910 911 911 911 416 416 416</p>
          <p>911 911 911 417 417 417 416 416 416</p>
          <p>912 912 912 913 913 913 914 914 914</p>
          <p>913 913 913 915 915 915 914 914 914</p>
          <p>916 916 916 917 917 917 918 918 918</p>
          <p>917 917 917 919 919 919 918 918 918</p>
          <p>427 427 427 429 429 429 426 426 426</p>
          <p>426 426 426 429 429 429 428 428 428</p>
          <p>430 430 430 431 431 431 424 424 424</p>
          <p>431 431 431 425 425 425 424 424 424</p>
          <p>920 920 920 921 921 921 922 922 922</p>
          <p>921 921 921 923 923 923 922 922 922</p>
          <p>924 924 924 925 925 925 926 926 926</p>
          <p>925 925 925 927 927 927 926 926 926</p>
          <p>434 434 434 435 435 435 436 436 436</p>
          <p>435 435 435 437 437 437 436 436 436</p>
          <p>438 438 438 439 439 439 432 432 432</p>
          <p>439 439 439 433 433 433 432 432 432</p>
          <p>928 928 928 929 929 929 930 930 930</p>
          <p>929 929 929 931 931 931 930 930 930</p>
          <p>932 932 932 933 933 933 934 934 934</p>
          <p>933 933 933 935 935 935 934 934 934</p>
          <p>442 442 442 443 443 443 444 444 444</p>
          <p>443 443 443 445 445 445 444 444 444</p>
          <p>447 447 447 441 441 441 446 446 446</p>
          <p>446 446 446 441 441 441 440 440 440</p>
          <p>936 936 936 937 937 937 938 938 938</p>
          <p>937 937 937 939 939 939 938 938 938</p>
          <p>940 940 940 941 941 941 942 942 942</p>
          <p>941 941 941 943 943 943 942 942 942</p>
          <p>451 451 451 453 453 453 450 450 450</p>
          <p>450 450 450 453 453 453 452 452 452</p>
          <p>454 454 454 455 455 455 448 448 448</p>
          <p>455 455 455 449 449 449 448 448 448</p>
          <p>944 944 944 945 945 945 946 946 946</p>
          <p>945 945 945 947 947 947 946 946 946</p>
          <p>948 948 948 949 949 949 950 950 950</p>
          <p>949 949 949 951 951 951 950 950 950</p>
        </polygons>
      </mesh>
    </geometry>
    <geometry id="o_b_koyaashihoso_0-lib" name="o_b_koyaashihoso_0Mesh">
      <mesh>
        <source id="o_b_koyaashihoso_0-lib-Position">
          <float_array id="o_b_koyaashihoso_0-lib-Position-array" count="2040">
-420.5139 -5.038097 438.5642
-419.4373 -5.038097 438.5642
-420.5139 -5.038097 439.6296
-419.4373 -5.038097 439.6296
-420.5139 18.60553 439.6296
-419.4373 18.60553 439.6296
-420.5139 18.60553 438.5642
-419.4373 18.60553 438.5642
-420.5139 -1.865707 439.6296
-419.4373 -1.865707 439.6296
-420.5139 -1.865707 438.5642
-419.4373 -1.865707 438.5642
-419.4185 -7.150833 419.6696
-420.4951 -7.150833 419.6696
-419.4185 -7.150833 418.6042
-420.4951 -7.150833 418.6042
-419.4185 18.60553 418.6042
-420.4951 18.60553 418.6042
-419.4185 18.60553 419.6696
-420.4951 18.60553 419.6696
-419.4185 -2.002982 418.6042
-420.4951 -2.002982 418.6042
-419.4185 -2.002982 419.6696
-420.4951 -2.002982 419.6696
-424.5101 -7.150833 418.9738
-425.5867 -7.150833 418.9738
-424.5101 -7.150833 417.9084
-425.5867 -7.150833 417.9084
-424.5101 20.58847 417.9084
-425.5867 20.58847 417.9084
-424.5101 20.58847 418.9738
-425.5867 20.58847 418.9738
-424.5101 -2.002982 417.9084
-425.5867 -2.002982 417.9084
-424.5101 -2.002982 418.9738
-425.5867 -2.002982 418.9738
-425.6055 -5.038097 439.0817
-424.5289 -5.038097 439.0817
-425.6055 -5.038097 440.1471
-424.5289 -5.038097 440.1471
-425.6055 20.58847 440.1471
-424.5289 20.58847 440.1471
-425.6055 20.58847 439.0817
-424.5289 20.58847 439.0817
-425.6055 -1.865707 440.1471
-424.5289 -1.865707 440.1471
-425.6055 -1.865707 439.0817
-424.5289 -1.865707 439.0817
-427.7662 -7.150833 418.9738
-428.8428 -7.150833 418.9738
-427.7662 -7.150833 417.9084
-428.8428 -7.150833 417.9084
-427.7662 22.83883 417.9084
-428.8428 22.83883 417.9084
-427.7662 22.83883 418.9738
-428.8428 22.83883 418.9738
-427.7662 -2.002982 417.9084
-428.8428 -2.002982 417.9084
-427.7662 -2.002982 418.9738
-428.8428 -2.002982 418.9738
-428.8616 -5.038097 439.0817
-427.785 -5.038097 439.0817
-428.8616 -5.038097 440.1471
-427.785 -5.038097 440.1471
-428.8616 22.83883 440.1471
-427.785 22.83883 440.1471
-428.8616 22.83883 439.0817
-427.785 22.83883 439.0817
-428.8616 -1.865707 440.1471
-427.785 -1.865707 440.1471
-428.8616 -1.865707 439.0817
-427.785 -1.865707 439.0817
-432.728 -5.038097 439.0817
-431.6514 -5.038097 439.0817
-432.728 -5.038097 440.1471
-431.6514 -5.038097 440.1471
-432.728 24.91913 440.1471
-431.6514 24.91913 440.1471
-432.728 24.91913 439.0817
-431.6514 24.91913 439.0817
-432.728 -2.619703 440.1471
-431.6514 -2.619703 440.1471
-432.728 -2.619703 439.0817
-431.6514 -2.619703 439.0817
-431.6326 -7.150833 418.9738
-432.7092 -7.150833 418.9738
-431.6326 -7.150833 417.9084
-432.7092 -7.150833 417.9084
-431.6326 24.91913 417.9084
-432.7092 24.91913 417.9084
-431.6326 24.91913 418.9738
-432.7092 24.91913 418.9738
-431.6326 -2.756978 417.9084
-432.7092 -2.756978 417.9084
-431.6326 -2.756978 418.9738
-432.7092 -2.756978 418.9738
-436.1394 -7.150833 418.9738
-437.216 -7.150833 418.9738
-436.1394 -7.150833 417.9084
-437.216 -7.150833 417.9084
-436.1394 24.91913 417.9084
-437.216 24.91913 417.9084
-436.1394 24.91913 418.9738
-437.216 24.91913 418.9738
-436.1394 -2.756978 417.9084
-437.216 -2.756978 417.9084
-436.1394 -2.756978 418.9738
-437.216 -2.756978 418.9738
-437.2152 -5.038097 439.0817
-436.1386 -5.038097 439.0817
-437.2152 -5.038097 440.1471
-436.1386 -5.038097 440.1471
-437.2152 24.91913 440.1471
-436.1386 24.91913 440.1471
-437.2152 24.91913 439.0817
-436.1386 24.91913 439.0817
-437.2152 -2.619703 440.1471
-436.1386 -2.619703 440.1471
-437.2152 -2.619703 439.0817
-436.1386 -2.619703 439.0817
-389.1447 -13.17879 438.5642
-388.0681 -13.17879 438.5642
-389.1447 -13.17879 439.6296
-388.0681 -13.17879 439.6296
-389.1447 18.60553 439.6296
-388.0681 18.60553 439.6296
-389.1447 18.60553 438.5642
-388.0681 18.60553 438.5642
-389.1447 -1.730923 439.6296
-388.0681 -1.730923 439.6296
-389.1447 -1.730923 438.5642
-388.0681 -1.730923 438.5642
-388.0493 -14.78537 419.6696
-389.1259 -14.78537 419.6696
-388.0493 -14.78537 418.6042
-389.1259 -14.78537 418.6042
-388.0493 18.60553 418.6042
-389.1259 18.60553 418.6042
-388.0493 18.60553 419.6696
-389.1259 18.60553 419.6696
-388.0493 -1.687273 418.6042
-389.1259 -1.687273 418.6042
-388.0493 -1.687273 419.6696
-389.1259 -1.687273 419.6696
-402.8552 -11.24144 419.6696
-403.9318 -11.24144 419.6696
-402.8552 -11.24144 418.6042
-403.9318 -11.24144 418.6042
-402.8552 18.60553 418.6042
-403.9318 18.60553 418.6042
-402.8552 18.60553 419.6696
-403.9318 18.60553 419.6696
-402.8552 -2.189901 418.6042
-403.9318 -2.189901 418.6042
-402.8552 -2.189901 419.6696
-403.9318 -2.189901 419.6696
-403.9506 -9.009663 438.5642
-402.874 -9.009663 438.5642
-403.9506 -9.009663 439.6296
-402.874 -9.009663 439.6296
-403.9506 18.60553 439.6296
-402.874 18.60553 439.6296
-403.9506 18.60553 438.5642
-402.874 18.60553 438.5642
-403.9506 -1.693031 439.6296
-402.874 -1.693031 439.6296
-403.9506 -1.693031 438.5642
-402.874 -1.693031 438.5642
-340.8758 -17.55022 438.5642
-339.7992 -17.55022 438.5642
-340.8758 -17.55022 439.6296
-339.7992 -17.55022 439.6296
-340.8758 -1.629244 439.6296
-339.7992 -1.629244 439.6296
-340.8758 -1.629244 438.5642
-339.7992 -1.629244 438.5642
-339.7803 -17.57641 419.6696
-340.8569 -17.57641 419.6696
-339.7803 -17.57641 418.6042
-340.8569 -17.57641 418.6042
-339.7803 -1.796427 418.6042
-340.8569 -1.796427 418.6042
-339.7803 -1.796427 419.6696
-340.8569 -1.796427 419.6696
-355.4811 -20.65721 419.6696
-356.5577 -20.65721 419.6696
-355.4811 -20.65721 418.6042
-356.5577 -20.65721 418.6042
-355.4811 18.60553 418.6042
-356.5577 18.60553 418.6042
-355.4811 18.60553 419.6696
-356.5577 18.60553 419.6696
-355.4811 -1.666286 418.6042
-356.5577 -1.666286 418.6042
-355.4811 -1.666286 419.6696
-356.5577 -1.666286 419.6696
-356.5766 -20.79934 438.5642
-355.5 -20.79934 438.5642
-356.5766 -20.79934 439.6296
-355.5 -20.79934 439.6296
-356.5766 18.60553 439.6296
-355.5 18.60553 439.6296
-356.5766 18.60553 438.5642
-355.5 18.60553 438.5642
-356.5766 -1.376411 439.6296
-355.5 -1.376411 439.6296
-356.5766 -1.376411 438.5642
-355.5 -1.376411 438.5642
-372.4049 -18.29076 438.5642
-371.3283 -18.29076 438.5642
-372.4049 -18.29076 439.6296
-371.3283 -18.29076 439.6296
-372.4049 18.60553 439.6296
-371.3283 18.60553 439.6296
-372.4049 18.60553 438.5642
-371.3283 18.60553 438.5642
-372.4049 -1.986176 439.6296
-371.3283 -1.986176 439.6296
-372.4049 -1.986176 438.5642
-371.3283 -1.986176 438.5642
-371.3095 -19.36033 419.6696
-372.3861 -19.36033 419.6696
-371.3095 -19.36033 418.6042
-372.3861 -19.36033 418.6042
-371.3095 18.60553 418.6042
-372.3861 18.60553 418.6042
-371.3095 18.60553 419.6696
-372.3861 18.60553 419.6696
-371.3095 -1.942526 418.6042
-372.3861 -1.942526 418.6042
-371.3095 -1.942526 419.6696
-372.3861 -1.942526 419.6696
-420.5139 18.60553 438.5642
-419.4373 18.60553 438.5642
-419.4373 -1.865707 438.5642
-419.4373 -5.038097 439.6296
-419.4373 -1.865707 439.6296
-420.5139 18.60553 438.5642
-420.5139 -1.865707 438.5642
-420.5139 18.60553 439.6296
-420.5139 -1.865707 439.6296
-420.5139 -1.865707 439.6296
-419.4373 -1.865707 439.6296
-420.5139 18.60553 439.6296
-419.4373 18.60553 439.6296
-420.5139 -1.865707 438.5642
-419.4373 -1.865707 438.5642
-419.4373 -5.038097 438.5642
-419.4373 -1.865707 439.6296
-419.4373 -1.865707 438.5642
-419.4373 18.60553 439.6296
-419.4373 18.60553 438.5642
-420.5139 -1.865707 439.6296
-420.5139 -1.865707 438.5642
-420.5139 -5.038097 439.6296
-420.5139 -5.038097 438.5642
-419.4185 18.60553 419.6696
-420.4951 18.60553 419.6696
-420.4951 -2.002982 419.6696
-420.4951 -7.150833 418.6042
-420.4951 -2.002982 418.6042
-419.4185 18.60553 419.6696
-419.4185 -2.002982 419.6696
-419.4185 18.60553 418.6042
-419.4185 -2.002982 418.6042
-419.4185 -2.002982 418.6042
-420.4951 -2.002982 418.6042
-419.4185 18.60553 418.6042
-420.4951 18.60553 418.6042
-419.4185 -2.002982 419.6696
-420.4951 -2.002982 419.6696
-420.4951 -7.150833 419.6696
-420.4951 -2.002982 418.6042
-420.4951 -2.002982 419.6696
-420.4951 18.60553 418.6042
-420.4951 18.60553 419.6696
-419.4185 -2.002982 418.6042
-419.4185 -2.002982 419.6696
-419.4185 -7.150833 418.6042
-419.4185 -7.150833 419.6696
-424.5101 20.58847 418.9738
-425.5867 20.58847 418.9738
-425.5867 -2.002982 418.9738
-425.5867 -7.150833 417.9084
-425.5867 -2.002982 417.9084
-424.5101 20.58847 418.9738
-424.5101 -2.002982 418.9738
-424.5101 20.58847 417.9084
-424.5101 -2.002982 417.9084
-424.5101 -2.002982 417.9084
-425.5867 -2.002982 417.9084
-424.5101 20.58847 417.9084
-425.5867 20.58847 417.9084
-424.5101 -2.002982 418.9738
-425.5867 -2.002982 418.9738
-425.5867 -7.150833 418.9738
-425.5867 -2.002982 417.9084
-425.5867 -2.002982 418.9738
-425.5867 20.58847 417.9084
-425.5867 20.58847 418.9738
-424.5101 -2.002982 417.9084
-424.5101 -2.002982 418.9738
-424.5101 -7.150833 417.9084
-424.5101 -7.150833 418.9738
-425.6055 20.58847 439.0817
-424.5289 20.58847 439.0817
-424.5289 -1.865707 439.0817
-424.5289 -5.038097 440.1471
-424.5289 -1.865707 440.1471
-425.6055 20.58847 439.0817
-425.6055 -1.865707 439.0817
-425.6055 20.58847 440.1471
-425.6055 -1.865707 440.1471
-425.6055 -1.865707 440.1471
-424.5289 -1.865707 440.1471
-425.6055 20.58847 440.1471
-424.5289 20.58847 440.1471
-425.6055 -1.865707 439.0817
-424.5289 -1.865707 439.0817
-424.5289 -5.038097 439.0817
-424.5289 -1.865707 440.1471
-424.5289 -1.865707 439.0817
-424.5289 20.58847 440.1471
-424.5289 20.58847 439.0817
-425.6055 -1.865707 440.1471
-425.6055 -1.865707 439.0817
-425.6055 -5.038097 440.1471
-425.6055 -5.038097 439.0817
-427.7662 22.83883 418.9738
-428.8428 22.83883 418.9738
-428.8428 -2.002982 418.9738
-428.8428 -7.150833 417.9084
-428.8428 -2.002982 417.9084
-427.7662 22.83883 418.9738
-427.7662 -2.002982 418.9738
-427.7662 22.83883 417.9084
-427.7662 -2.002982 417.9084
-427.7662 -2.002982 417.9084
-428.8428 -2.002982 417.9084
-427.7662 22.83883 417.9084
-428.8428 22.83883 417.9084
-427.7662 -2.002982 418.9738
-428.8428 -2.002982 418.9738
-428.8428 -7.150833 418.9738
-428.8428 -2.002982 417.9084
-428.8428 -2.002982 418.9738
-428.8428 22.83883 417.9084
-428.8428 22.83883 418.9738
-427.7662 -2.002982 417.9084
-427.7662 -2.002982 418.9738
-427.7662 -7.150833 417.9084
-427.7662 -7.150833 418.9738
-428.8616 22.83883 439.0817
-427.785 22.83883 439.0817
-427.785 -1.865707 439.0817
-427.785 -5.038097 440.1471
-427.785 -1.865707 440.1471
-428.8616 22.83883 439.0817
-428.8616 -1.865707 439.0817
-428.8616 22.83883 440.1471
-428.8616 -1.865707 440.1471
-428.8616 -1.865707 440.1471
-427.785 -1.865707 440.1471
-428.8616 22.83883 440.1471
-427.785 22.83883 440.1471
-428.8616 -1.865707 439.0817
-427.785 -1.865707 439.0817
-427.785 -5.038097 439.0817
-427.785 -1.865707 440.1471
-427.785 -1.865707 439.0817
-427.785 22.83883 440.1471
-427.785 22.83883 439.0817
-428.8616 -1.865707 440.1471
-428.8616 -1.865707 439.0817
-428.8616 -5.038097 440.1471
-428.8616 -5.038097 439.0817
-432.728 24.91913 439.0817
-431.6514 24.91913 439.0817
-431.6514 -2.619703 439.0817
-431.6514 -5.038097 440.1471
-431.6514 -2.619703 440.1471
-432.728 24.91913 439.0817
-432.728 -2.619703 439.0817
-432.728 24.91913 440.1471
-432.728 -2.619703 440.1471
-432.728 -2.619703 440.1471
-431.6514 -2.619703 440.1471
-432.728 24.91913 440.1471
-431.6514 24.91913 440.1471
-432.728 -2.619703 439.0817
-431.6514 -2.619703 439.0817
-431.6514 -5.038097 439.0817
-431.6514 -2.619703 440.1471
-431.6514 -2.619703 439.0817
-431.6514 24.91913 440.1471
-431.6514 24.91913 439.0817
-432.728 -2.619703 440.1471
-432.728 -2.619703 439.0817
-432.728 -5.038097 440.1471
-432.728 -5.038097 439.0817
-431.6326 24.91913 418.9738
-432.7092 24.91913 418.9738
-432.7092 -2.756978 418.9738
-432.7092 -7.150833 417.9084
-432.7092 -2.756978 417.9084
-431.6326 24.91913 418.9738
-431.6326 -2.756978 418.9738
-431.6326 24.91913 417.9084
-431.6326 -2.756978 417.9084
-431.6326 -2.756978 417.9084
-432.7092 -2.756978 417.9084
-431.6326 24.91913 417.9084
-432.7092 24.91913 417.9084
-431.6326 -2.756978 418.9738
-432.7092 -2.756978 418.9738
-432.7092 -7.150833 418.9738
-432.7092 -2.756978 417.9084
-432.7092 -2.756978 418.9738
-432.7092 24.91913 417.9084
-432.7092 24.91913 418.9738
-431.6326 -2.756978 417.9084
-431.6326 -2.756978 418.9738
-431.6326 -7.150833 417.9084
-431.6326 -7.150833 418.9738
-436.1394 24.91913 418.9738
-437.216 24.91913 418.9738
-437.216 -2.756978 418.9738
-437.216 -7.150833 417.9084
-437.216 -2.756978 417.9084
-436.1394 24.91913 418.9738
-436.1394 -2.756978 418.9738
-436.1394 24.91913 417.9084
-436.1394 -2.756978 417.9084
-436.1394 -2.756978 417.9084
-437.216 -2.756978 417.9084
-436.1394 24.91913 417.9084
-437.216 24.91913 417.9084
-436.1394 -2.756978 418.9738
-437.216 -2.756978 418.9738
-437.216 -7.150833 418.9738
-437.216 -2.756978 417.9084
-437.216 -2.756978 418.9738
-437.216 24.91913 417.9084
-437.216 24.91913 418.9738
-436.1394 -2.756978 417.9084
-436.1394 -2.756978 418.9738
-436.1394 -7.150833 417.9084
-436.1394 -7.150833 418.9738
-437.2152 24.91913 439.0817
-436.1386 24.91913 439.0817
-436.1386 -2.619703 439.0817
-436.1386 -5.038097 440.1471
-436.1386 -2.619703 440.1471
-437.2152 24.91913 439.0817
-437.2152 -2.619703 439.0817
-437.2152 24.91913 440.1471
-437.2152 -2.619703 440.1471
-437.2152 -2.619703 440.1471
-436.1386 -2.619703 440.1471
-437.2152 24.91913 440.1471
-436.1386 24.91913 440.1471
-437.2152 -2.619703 439.0817
-436.1386 -2.619703 439.0817
-436.1386 -5.038097 439.0817
-436.1386 -2.619703 440.1471
-436.1386 -2.619703 439.0817
-436.1386 24.91913 440.1471
-436.1386 24.91913 439.0817
-437.2152 -2.619703 440.1471
-437.2152 -2.619703 439.0817
-437.2152 -5.038097 440.1471
-437.2152 -5.038097 439.0817
-389.1447 18.60553 438.5642
-388.0681 18.60553 438.5642
-388.0681 -1.730923 438.5642
-388.0681 -13.17879 439.6296
-388.0681 -1.730923 439.6296
-389.1447 18.60553 438.5642
-389.1447 -1.730923 438.5642
-389.1447 18.60553 439.6296
-389.1447 -1.730923 439.6296
-389.1447 -1.730923 439.6296
-388.0681 -1.730923 439.6296
-389.1447 18.60553 439.6296
-388.0681 18.60553 439.6296
-389.1447 -1.730923 438.5642
-388.0681 -1.730923 438.5642
-388.0681 -13.17879 438.5642
-388.0681 -1.730923 439.6296
-388.0681 -1.730923 438.5642
-388.0681 18.60553 439.6296
-388.0681 18.60553 438.5642
-389.1447 -1.730923 439.6296
-389.1447 -1.730923 438.5642
-389.1447 -13.17879 439.6296
-389.1447 -13.17879 438.5642
-388.0493 18.60553 419.6696
-389.1259 18.60553 419.6696
-389.1259 -1.687273 419.6696
-389.1259 -14.78537 418.6042
-389.1259 -1.687273 418.6042
-388.0493 18.60553 419.6696
-388.0493 -1.687273 419.6696
-388.0493 18.60553 418.6042
-388.0493 -1.687273 418.6042
-388.0493 -1.687273 418.6042
-389.1259 -1.687273 418.6042
-388.0493 18.60553 418.6042
-389.1259 18.60553 418.6042
-388.0493 -1.687273 419.6696
-389.1259 -1.687273 419.6696
-389.1259 -14.78537 419.6696
-389.1259 -1.687273 418.6042
-389.1259 -1.687273 419.6696
-389.1259 18.60553 418.6042
-389.1259 18.60553 419.6696
-388.0493 -1.687273 418.6042
-388.0493 -1.687273 419.6696
-388.0493 -14.78537 418.6042
-388.0493 -14.78537 419.6696
-402.8552 18.60553 419.6696
-403.9318 18.60553 419.6696
-403.9318 -2.189901 419.6696
-403.9318 -11.24144 418.6042
-403.9318 -2.189901 418.6042
-402.8552 18.60553 419.6696
-402.8552 -2.189901 419.6696
-402.8552 18.60553 418.6042
-402.8552 -2.189901 418.6042
-402.8552 -2.189901 418.6042
-403.9318 -2.189901 418.6042
-402.8552 18.60553 418.6042
-403.9318 18.60553 418.6042
-402.8552 -2.189901 419.6696
-403.9318 -2.189901 419.6696
-403.9318 -11.24144 419.6696
-403.9318 -2.189901 418.6042
-403.9318 -2.189901 419.6696
-403.9318 18.60553 418.6042
-403.9318 18.60553 419.6696
-402.8552 -2.189901 418.6042
-402.8552 -2.189901 419.6696
-402.8552 -11.24144 418.6042
-402.8552 -11.24144 419.6696
-403.9506 18.60553 438.5642
-402.874 18.60553 438.5642
-402.874 -1.693031 438.5642
-402.874 -9.009663 439.6296
-402.874 -1.693031 439.6296
-403.9506 18.60553 438.5642
-403.9506 -1.693031 438.5642
-403.9506 18.60553 439.6296
-403.9506 -1.693031 439.6296
-403.9506 -1.693031 439.6296
-402.874 -1.693031 439.6296
-403.9506 18.60553 439.6296
-402.874 18.60553 439.6296
-403.9506 -1.693031 438.5642
-402.874 -1.693031 438.5642
-402.874 -9.009663 438.5642
-402.874 -1.693031 439.6296
-402.874 -1.693031 438.5642
-402.874 18.60553 439.6296
-402.874 18.60553 438.5642
-403.9506 -1.693031 439.6296
-403.9506 -1.693031 438.5642
-403.9506 -9.009663 439.6296
-403.9506 -9.009663 438.5642
-339.7992 -17.55022 439.6296
-339.7992 -1.629244 439.6296
-339.7992 -1.629244 438.5642
-339.7992 -17.55022 438.5642
-340.8758 -1.629244 439.6296
-340.8758 -1.629244 438.5642
-340.8758 -17.55022 439.6296
-340.8758 -17.55022 438.5642
-340.8569 -17.57641 418.6042
-340.8569 -1.796427 418.6042
-340.8569 -1.796427 419.6696
-340.8569 -17.57641 419.6696
-339.7803 -1.796427 418.6042
-339.7803 -1.796427 419.6696
-339.7803 -17.57641 418.6042
-339.7803 -17.57641 419.6696
-355.4811 18.60553 419.6696
-356.5577 18.60553 419.6696
-356.5577 -1.666286 419.6696
-356.5577 -20.65721 418.6042
-356.5577 -1.666286 418.6042
-355.4811 18.60553 419.6696
-355.4811 -1.666286 419.6696
-355.4811 18.60553 418.6042
-355.4811 -1.666286 418.6042
-355.4811 -1.666286 418.6042
-356.5577 -1.666286 418.6042
-355.4811 18.60553 418.6042
-356.5577 18.60553 418.6042
-355.4811 -1.666286 419.6696
-356.5577 -1.666286 419.6696
-356.5577 -20.65721 419.6696
-356.5577 -1.666286 418.6042
-356.5577 -1.666286 419.6696
-356.5577 18.60553 418.6042
-356.5577 18.60553 419.6696
-355.4811 -1.666286 418.6042
-355.4811 -1.666286 419.6696
-355.4811 -20.65721 418.6042
-355.4811 -20.65721 419.6696
-356.5766 18.60553 438.5642
-355.5 18.60553 438.5642
-355.5 -1.376411 438.5642
-355.5 -20.79934 439.6296
-355.5 -1.376411 439.6296
-356.5766 18.60553 438.5642
-356.5766 -1.376411 438.5642
-356.5766 18.60553 439.6296
-356.5766 -1.376411 439.6296
-356.5766 -1.376411 439.6296
-355.5 -1.376411 439.6296
-356.5766 18.60553 439.6296
-355.5 18.60553 439.6296
-356.5766 -1.376411 438.5642
-355.5 -1.376411 438.5642
-355.5 -20.79934 438.5642
-355.5 -1.376411 439.6296
-355.5 -1.376411 438.5642
-355.5 18.60553 439.6296
-355.5 18.60553 438.5642
-356.5766 -1.376411 439.6296
-356.5766 -1.376411 438.5642
-356.5766 -20.79934 439.6296
-356.5766 -20.79934 438.5642
-372.4049 18.60553 438.5642
-371.3283 18.60553 438.5642
-371.3283 -1.986176 438.5642
-371.3283 -18.29076 439.6296
-371.3283 -1.986176 439.6296
-372.4049 18.60553 438.5642
-372.4049 -1.986176 438.5642
-372.4049 18.60553 439.6296
-372.4049 -1.986176 439.6296
-372.4049 -1.986176 439.6296
-371.3283 -1.986176 439.6296
-372.4049 18.60553 439.6296
-371.3283 18.60553 439.6296
-372.4049 -1.986176 438.5642
-371.3283 -1.986176 438.5642
-371.3283 -18.29076 438.5642
-371.3283 -1.986176 439.6296
-371.3283 -1.986176 438.5642
-371.3283 18.60553 439.6296
-371.3283 18.60553 438.5642
-372.4049 -1.986176 439.6296
-372.4049 -1.986176 438.5642
-372.4049 -18.29076 439.6296
-372.4049 -18.29076 438.5642
-371.3095 18.60553 419.6696
-372.3861 18.60553 419.6696
-372.3861 -1.942526 419.6696
-372.3861 -19.36033 418.6042
-372.3861 -1.942526 418.6042
-371.3095 18.60553 419.6696
-371.3095 -1.942526 419.6696
-371.3095 18.60553 418.6042
-371.3095 -1.942526 418.6042
-371.3095 -1.942526 418.6042
-372.3861 -1.942526 418.6042
-371.3095 18.60553 418.6042
-372.3861 18.60553 418.6042
-371.3095 -1.942526 419.6696
-372.3861 -1.942526 419.6696
-372.3861 -19.36033 419.6696
-372.3861 -1.942526 418.6042
-372.3861 -1.942526 419.6696
-372.3861 18.60553 418.6042
-372.3861 18.60553 419.6696
-371.3095 -1.942526 418.6042
-371.3095 -1.942526 419.6696
-371.3095 -19.36033 418.6042
-371.3095 -19.36033 419.6696
</float_array>
          <technique_common>
            <accessor source="#o_b_koyaashihoso_0-lib-Position-array" count="680" stride="3">
              <param name="X" type="float" />
              <param name="Y" type="float" />
              <param name="Z" type="float" />
            </accessor>
          </technique_common>
        </source>
        <source id="o_b_koyaashihoso_0-lib-Normal0">
          <float_array id="o_b_koyaashihoso_0-lib-Normal0-array" count="2040">
-0.000014 0.000009999999 -1
1 0.000002 0
0.000016 0 1
0.000016 0 1
0 1 0
0 1 0
0 1 0
0 1 0
0.000016 0 1
0.000016 0 1
-0.000042 -0.000001 -1
-0.000042 -0.000001 -1
-0.000032 0.000006 1
-1 -0.000001 0
-0.000016 0 -1
-0.000016 0 -1
0 1 0
0 1 0
0 1 0
0 1 0
-0.000016 0 -1
-0.000016 0 -1
-0.000033 -0.000001 1
-0.000033 -0.000001 1
0.000032 0.000006 1
-1 0.000004999999 0
0.000007999999 0 -1
0.000007999999 0 -1
0 1 0.000001
0 1 0
0 1 0
0 1 -0.000001
0.000007999999 0 -1
0.000007999999 0 -1
-0.000022 -0.000001 1
-0.000022 -0.000001 1
0.000017 0.000009999999 -1
1 -0.000007999999 0
-0.000016 0 1
-0.000016 0 1
0 1 -0.000001
0 1 0
0 1 0
0 1 0.000001
-0.000016 0 1
-0.000016 0 1
0.000027 -0.000001 -1
0.000027 -0.000001 -1
0.000032 0.000006 1
-1 -0.000001 0
0.000007999999 0 -1
0.000007999999 0 -1
0 1 0.000002
0 1 0
0 1 0
0 1 -0.000002
0.000007999999 0 -1
0.000007999999 0 -1
-0.000007 -0.000001 1
-0.000007 -0.000001 1
0.000017 0.000009999999 -1
1 0.000002 0
-0.000016 0 1
-0.000016 0 1
0 1 -0.000002
0 1 0
0 1 0
0 1 0.000002
-0.000016 0 1
-0.000016 0 1
0.000036 -0.000001 -1
0.000036 -0.000001 -1
0.000014 0.000013 -1
1 -0.000006 0
-0.000009999999 0 1
-0.000009999999 0 1
0 1 0.000001
0 1 0
0 1 0
0 1 -0.000001
-0.000009999999 0 1
-0.000009999999 0 1
-0.000022 -0.000001 -1
-0.000022 -0.000001 -1
-0.000009999999 0.000007 1
-1 0.000003 0
0.000004 0 -1
0.000004 0 -1
0 1 -0.000001
0 1 0
0 1 0
0 1 0.000001
0.000004 0 -1
0.000004 0 -1
0.000031 -0.000001 1
0.000031 -0.000001 1
-0.000009999999 0.000007 1
-1 0.000004999999 0
0.000004 0 -1
0.000004 0 -1
0 1 -0.000001
0 1 0
0 1 0
0 1 0.000001
0.000004 0 -1
0.000004 0 -1
0.000031 -0.000001 1
0.000031 -0.000001 1
0.000014 0.000013 -1
1 -0.000006 0
-0.000009999999 0 1
-0.000009999999 0 1
0 1 0.000001
0 1 0
0 1 0
0 1 -0.000001
-0.000009999999 0 1
-0.000009999999 0 1
-0.000022 -0.000001 -1
-0.000022 -0.000001 -1
0.000021 0.000003 -1
1 0 0
0.000028 0 1
0.000028 0 1
0 1 0
0 1 0
0 1 0
0 1 0
0.000028 0 1
0.000028 0 1
-0.000004 -0.000002 -1
-0.000004 -0.000002 -1
0.000002 0.000002 1
-1 0 0
-0.000032 0 -1
-0.000032 0 -1
0 1 0
0 1 0
0 1 0
0 1 0
-0.000032 0 -1
-0.000032 0 -1
-0.000001 -0.000002 1
-0.000001 -0.000002 1
-0.000004999999 0.000003 1
-1 -0.000002 0
-0.000019 0 -1
-0.000019 0 -1
0 1 0
0 1 0
0 1 0
0 1 0
-0.000019 0 -1
-0.000019 0 -1
-0.00003 -0.000001 1
-0.00003 -0.000001 1
-0.000004 0.000004 -1
1 0.000002 0
0.000018 0 1
0.000018 0 1
0 1 0
0 1 0
0 1 0
0 1 0
0.000018 0 1
0.000018 0 1
-0.000037 -0.000002 -1
-0.000037 -0.000002 -1
0.000013 0.000002 -1
1 -0.000001 0
-0.000009 0 1
-0.000009 0 1
-0.000009 0 1
-0.000009 0 1
0.000013 0.000002 -1
1 -0.000001 0
-0.000021 0.000002 1
-1 0 0
-0.000003 0 -1
-0.000003 0 -1
-0.000003 0 -1
-0.000003 0 -1
-0.000021 0.000002 1
-1 0.000001 0
-0.000014 0.000002 1
-1 0.000001 0
-0.000023 0 -1
-0.000023 0 -1
0 1 0
0 1 0
0 1 0
0 1 0
-0.000023 0 -1
-0.000023 0 -1
-0.000019 -0.000002 1
-0.000019 -0.000002 1
0.00004599999 0.000002 -1
1 -0.000001 0
0.000021 0 1
0.000021 0 1
0 1 0
0 1 0
0 1 0
0 1 0
0.000021 0 1
0.000021 0 1
0.000029 -0.000002 -1
0.000029 -0.000002 -1
-0.000003 0.000002 -1
1 -0.000001 0
0.000009 0 1
0.000009 0 1
0 1 0
0 1 0
0 1 0
0 1 0
0.000009 0 1
0.000009 0 1
-0.000042 -0.000001 -1
-0.000042 -0.000001 -1
0.000017 0.000002 1
-1 0 0
0.000025 0 -1
0.000025 0 -1
0 1 0
0 1 0
0 1 0
0 1 0
0.000025 0 -1
0.000025 0 -1
0.000019 -0.000001 1
0.000019 -0.000001 1
-0.000042 -0.000001 -1
-0.000042 -0.000001 -1
1 -0.000004 0
1 -0.000004 0
1 -0.000009 0
-1 -0.000001 0
-1 0 0
-1 0 0
-1 0.000001 0
-0.000007999999 0 1
-0.000007999999 0 1
-0.000007999999 0 1
-0.000007999999 0 1
-0.000014 0.000009999999 -1
-0.000014 0.000009999999 -1
-0.000014 0.000009999999 -1
1 0.000001 0
1 0 0
1 0 0
1 -0.000001 0
-1 -0.000004999999 0
-1 0 0
-1 0 0
-1 0.000004999999 0
-0.000033 -0.000001 1
-0.000033 -0.000001 1
-1 0.000002 0
-1 0.000002 0
-1 0.000004 0
1 -0.000001 0
1 0 0
1 0 0
1 0 0
0.000014 0 -1
0.000014 0 -1
0.000014 0 -1
0.000014 0 -1
-0.000032 0.000006 1
-0.000032 0.000006 1
-0.000032 0.000006 1
-1 -0.000001 0
-1 0 0
-1 0 0
-1 0.000001 0
1 -0.000002 0
1 0 0
1 0 0
1 0.000002 0
-0.000022 -0.000001 1
-0.000022 -0.000001 1
-1 0.000001 0
-1 0.000001 0
-1 -0.000002 0
1 0 0
1 0 0
1 0 0
1 -0.000001 0
-0.000028 0 -1
-0.000028 0 -1
-0.000028 0 -1
-0.000028 0 -1
0.000032 0.000006 1
0.000032 0.000006 1
0.000032 0.000006 1
-1 0 0
-1 0 0
-1 0 0
-1 0 0
1 0.000004999999 0
1 0 0
1 0 0
1 -0.000004999999 0
0.000027 -0.000001 -1
0.000027 -0.000001 -1
1 -0.000003 0
1 -0.000003 0
1 0.000002 0
-1 0.000001 0
-1 0 0
-1 0 0
-1 0 0
-0.000039 0 1
-0.000039 0 1
-0.000039 0 1
-0.000039 0 1
0.000017 0.000009999999 -1
0.000017 0.000009999999 -1
0.000017 0.000009999999 -1
1 0 0
1 0 0
1 0 0
1 0 0
-1 0.000002 0
-1 0 0
-1 0 0
-1 -0.000002 0
-0.000007 -0.000001 1
-0.000007 -0.000001 1
-1 0 0
-1 0 0
-1 0 0
1 -0.000001 0
1 -0.000001 0
1 -0.000001 0
1 0 0
0.000021 0 -1
0.000021 0 -1
0.000021 0 -1
0.000021 0 -1
0.000032 0.000006 1
0.000032 0.000006 1
0.000032 0.000006 1
-1 0 0
-1 0 0
-1 0 0
-1 0 0
1 0.000002 0
1 0 0
1 0 0
1 -0.000002 0
0.000036 -0.000001 -1
0.000036 -0.000001 -1
1 0 0
1 0 0
1 -0.000002 0
-1 0 0
-1 -0.000001 0
-1 -0.000001 0
-1 -0.000001 0
-0.000033 0 1
-0.000033 0 1
-0.000033 0 1
-0.000033 0 1
0.000017 0.000009999999 -1
0.000017 0.000009999999 -1
0.000017 0.000009999999 -1
1 0 0
1 0 0
1 0 0
1 0 0
-1 0.000006 0
-1 0 0
-1 0 0
-1 -0.000006 0
-0.000022 -0.000001 -1
-0.000022 -0.000001 -1
1 0.000002 0
1 0.000002 0
1 0.000009999999 0
-1 0.000001 0
-1 0.000001 0
-1 0.000001 0
-1 0 0
-0.000024 0 1
-0.000024 0 1
-0.000024 0 1
-0.000024 0 1
0.000014 0.000013 -1
0.000014 0.000013 -1
0.000014 0.000013 -1
1 -0.000001 0
1 0 0
1 0 0
1 0.000001 0
-1 -0.000004 0
-1 0 0
-1 0 0
-1 0.000004 0
0.000031 -0.000001 1
0.000031 -0.000001 1
-1 -0.000002 0
-1 -0.000002 0
-1 -0.000006 0
1 0 0
1 0 0
1 0 0
1 0.000001 0
0.00003 0 -1
0.00003 0 -1
0.00003 0 -1
0.00003 0 -1
-0.000009999999 0.000007 1
-0.000009999999 0.000007 1
-0.000009999999 0.000007 1
-1 0.000001 0
-1 0 0
-1 0 0
-1 -0.000001 0
1 -0.000004 0
1 0 0
1 0 0
1 0.000004 0
0.000031 -0.000001 1
0.000031 -0.000001 1
-1 0.000004 0
-1 0.000004 0
-1 0.000002 0
1 0 0
1 0 0
1 0 0
1 0 0
0.00003 0 -1
0.00003 0 -1
0.00003 0 -1
0.00003 0 -1
-0.000009999999 0.000007 1
-0.000009999999 0.000007 1
-0.000009999999 0.000007 1
-1 0 0
-1 0 0
-1 0 0
-1 0 0
1 0.000001 0
1 0 0
1 0 0
1 -0.000001 0
-0.000022 -0.000001 -1
-0.000022 -0.000001 -1
1 -0.000004 0
1 -0.000004 0
1 -0.000003 0
-1 0.000001 0
-1 0 0
-1 0 0
-1 -0.000001 0
-0.000024 0 1
-0.000024 0 1
-0.000024 0 1
-0.000024 0 1
0.000014 0.000013 -1
0.000014 0.000013 -1
0.000014 0.000013 -1
1 0 0
1 0 0
1 0 0
1 0 0
-1 0.000007999999 0
-1 0 0
-1 0 0
-1 -0.000007999999 0
-0.000004 -0.000002 -1
-0.000004 -0.000002 -1
1 0 0
1 0 0
1 0 0
-1 -0.000001 0
-1 -0.000001 0
-1 -0.000001 0
-1 -0.000001 0
0.000039 0 1
0.000039 0 1
0.000039 0 1
0.000039 0 1
0.000021 0.000003 -1
0.000021 0.000003 -1
0.000021 0.000003 -1
1 0 0
1 0 0
1 0 0
1 0 0
-1 0.000001 0
-1 0 0
-1 0 0
-1 -0.000001 0
-0.000001 -0.000002 1
-0.000001 -0.000002 1
-1 0 0
-1 0 0
-1 -0.000001 0
1 -0.000001 0
1 -0.000001 0
1 -0.000001 0
1 -0.000001 0
0.000022 0 -1
0.000022 0 -1
0.000022 0 -1
0.000022 0 -1
0.000002 0.000002 1
0.000002 0.000002 1
0.000002 0.000002 1
-1 0 0
-1 0 0
-1 0 0
-1 0 0
1 0.000002 0
1 0 0
1 0 0
1 -0.000002 0
-0.00003 -0.000001 1
-0.00003 -0.000001 1
-1 -0.000002 0
-1 -0.000002 0
-1 -0.000001 0
1 0.000001 0
1 0 0
1 0 0
1 -0.000001 0
0.000018 0 -1
0.000018 0 -1
0.000018 0 -1
0.000018 0 -1
-0.000004999999 0.000003 1
-0.000004999999 0.000003 1
-0.000004999999 0.000003 1
-1 0.000001 0
-1 0 0
-1 0 0
-1 -0.000001 0
1 0.000003 0
1 0 0
1 0 0
1 -0.000003 0
-0.000037 -0.000002 -1
-0.000037 -0.000002 -1
1 0.000002 0
1 0.000002 0
1 0.000001 0
-1 0 0
-1 0 0
-1 0 0
-1 0 0
0.000041 0 1
0.000041 0 1
0.000041 0 1
0.000041 0 1
-0.000004 0.000004 -1
-0.000004 0.000004 -1
-0.000004 0.000004 -1
1 0 0
1 0 0
1 0 0
1 0 0
-1 0.000001 0
-1 0 0
-1 0 0
-1 -0.000001 0
1 -0.000001 0
1 -0.000001 0
0.000013 0.000002 -1
0.000013 0.000002 -1
-1 -0.000001 0
-1 0 0
-1 0 0
-1 0.000001 0
-1 0.000001 0
-1 0.000001 0
-0.000021 0.000002 1
-0.000021 0.000002 1
1 0 0
1 0 0
1 0 0
1 0 0
-0.000019 -0.000002 1
-0.000019 -0.000002 1
-1 0 0
-1 0 0
-1 -0.000001 0
1 0 0
1 -0.000001 0
1 -0.000001 0
1 -0.000001 0
0.00003 0 -1
0.00003 0 -1
0.00003 0 -1
0.00003 0 -1
-0.000014 0.000002 1
-0.000014 0.000002 1
-0.000014 0.000002 1
-1 0.000001 0
-1 0 0
-1 0 0
-1 -0.000001 0
1 0.000001 0
1 0 0
1 0 0
1 -0.000001 0
0.000029 -0.000002 -1
0.000029 -0.000002 -1
1 -0.000001 0
1 -0.000001 0
1 0 0
-1 0.000001 0
-1 0 0
-1 0 0
-1 0 0
0.000026 0 1
0.000026 0 1
0.000026 0 1
0.000026 0 1
0.00004599999 0.000002 -1
0.00004599999 0.000002 -1
0.00004599999 0.000002 -1
1 0 0
1 0 0
1 0 0
1 0 0
-1 0 0
-1 0 0
-1 0 0
-1 0 0
-0.000042 -0.000001 -1
-0.000042 -0.000001 -1
1 0 0
1 0 0
1 0 0
-1 0.000001 0
-1 0 0
-1 0 0
-1 -0.000001 0
0.00003 0 1
0.00003 0 1
0.00003 0 1
0.00003 0 1
-0.000003 0.000002 -1
-0.000003 0.000002 -1
-0.000003 0.000002 -1
1 0 0
1 0 0
1 0 0
1 0 0
-1 0.000001 0
-1 0 0
-1 0 0
-1 -0.000001 0
0.000019 -0.000001 1
0.000019 -0.000001 1
-1 0 0
-1 0 0
-1 -0.000001 0
1 0 0
1 -0.000001 0
1 -0.000001 0
1 -0.000001 0
-0.000041 0 -1
-0.000041 0 -1
-0.000041 0 -1
-0.000041 0 -1
0.000017 0.000002 1
0.000017 0.000002 1
0.000017 0.000002 1
-1 0.000001 0
-1 0 0
-1 0 0
-1 -0.000001 0
1 0.000002 0
1 0 0
1 0 0
1 -0.000002 0
</float_array>
          <technique_common>
            <accessor source="#o_b_koyaashihoso_0-lib-Normal0-array" count="680" stride="3">
              <param name="X" type="float" />
              <param name="Y" type="float" />
              <param name="Z" type="float" />
            </accessor>
          </technique_common>
        </source>
        <source id="o_b_koyaashihoso_0-lib-UV0">
          <float_array id="o_b_koyaashihoso_0-lib-UV0-array" count="1360">
0.876876 1.10082
0.818038 1.10082
0.693661 1.10082
0.7562621 1.10082
0.886021 1.022453
0.9936399 1.022453
0.886021 1.130072
0.9936399 1.130072
0.693661 1.347762
0.7562621 1.347762
0.876877 1.347762
0.8180369 1.347762
0.876876 1.10082
0.818038 1.10082
0.693661 1.10082
0.7562621 1.10082
0.886021 1.022453
0.9936399 1.022453
0.886021 1.130072
0.9936399 1.130072
0.693661 1.347762
0.7562621 1.347762
0.876877 1.347762
0.8180369 1.347762
0.876876 1.10082
0.818038 1.10082
0.693661 1.10082
0.7562621 1.10082
0.886021 1.022453
0.9936399 1.022453
0.886021 1.130072
0.9936399 1.130072
0.693661 1.347762
0.7562621 1.347762
0.876877 1.347762
0.8180369 1.347762
0.876876 1.10082
0.818038 1.10082
0.693661 1.10082
0.7562621 1.10082
0.886021 1.022453
0.9936399 1.022453
0.886021 1.130072
0.9936399 1.130072
0.693661 1.347762
0.7562621 1.347762
0.876877 1.347762
0.8180369 1.347762
0.876876 1.10082
0.818038 1.10082
0.693661 1.10082
0.7562621 1.10082
0.886021 1.022453
0.9936399 1.022453
0.886021 1.130072
0.9936399 1.130072
0.693661 1.347762
0.7562621 1.347762
0.876877 1.347762
0.8180369 1.347762
0.876876 1.10082
0.818038 1.10082
0.693661 1.10082
0.7562621 1.10082
0.886021 1.022453
0.9936399 1.022453
0.886021 1.130072
0.9936399 1.130072
0.693661 1.347762
0.7562621 1.347762
0.876877 1.347762
0.8180369 1.347762
0.876876 1.10082
0.818038 1.10082
0.693661 1.10082
0.7562621 1.10082
0.886021 1.022453
0.9936399 1.022453
0.886021 1.130072
0.9936399 1.130072
0.693661 1.347762
0.7562621 1.347762
0.876877 1.347762
0.8180369 1.347762
0.876876 1.10082
0.818038 1.10082
0.693661 1.10082
0.7562621 1.10082
0.886021 1.022453
0.9936399 1.022453
0.886021 1.130072
0.9936399 1.130072
0.693661 1.347762
0.7562621 1.347762
0.876877 1.347762
0.8180369 1.347762
0.876876 1.10082
0.818038 1.10082
0.693661 1.10082
0.7562621 1.10082
0.886021 1.022453
0.9936399 1.022453
0.886021 1.130072
0.9936399 1.130072
0.693661 1.347762
0.7562621 1.347762
0.876877 1.347762
0.8180369 1.347762
0.876876 1.10082
0.818038 1.10082
0.693661 1.10082
0.7562621 1.10082
0.886021 1.022453
0.9936399 1.022453
0.886021 1.130072
0.9936399 1.130072
0.693661 1.347762
0.7562621 1.347762
0.876877 1.347762
0.8180369 1.347762
0.876876 1.10082
0.818038 1.10082
0.693661 1.10082
0.7562621 1.10082
0.886021 1.022453
0.9936399 1.022453
0.886021 1.130072
0.9936399 1.130072
0.693661 1.347762
0.7562621 1.347762
0.876877 1.347762
0.8180369 1.347762
0.876876 1.10082
0.818038 1.10082
0.693661 1.10082
0.7562621 1.10082
0.886021 1.022453
0.9936399 1.022453
0.886021 1.130072
0.9936399 1.130072
0.693661 1.347762
0.7562621 1.347762
0.876877 1.347762
0.8180369 1.347762
0.876876 1.10082
0.818038 1.10082
0.693661 1.10082
0.7562621 1.10082
0.886021 1.022453
0.9936399 1.022453
0.886021 1.130072
0.9936399 1.130072
0.693661 1.347762
0.7562621 1.347762
0.876877 1.347762
0.8180369 1.347762
0.876876 1.10082
0.818038 1.10082
0.693661 1.10082
0.7562621 1.10082
0.886021 1.022453
0.9936399 1.022453
0.886021 1.130072
0.9936399 1.130072
0.693661 1.347762
0.7562621 1.347762
0.876877 1.347762
0.8180369 1.347762
0.876876 1.10082
0.818038 1.10082
0.693661 1.10082
0.7562621 1.10082
0.693661 1.347762
0.7562621 1.347762
0.876877 1.347762
0.8180369 1.347762
0.876876 1.10082
0.818038 1.10082
0.693661 1.10082
0.7562621 1.10082
0.693661 1.347762
0.7562621 1.347762
0.876877 1.347762
0.8180369 1.347762
0.876876 1.10082
0.818038 1.10082
0.693661 1.10082
0.7562621 1.10082
0.886021 1.022453
0.9936399 1.022453
0.886021 1.130072
0.9936399 1.130072
0.693661 1.347762
0.7562621 1.347762
0.876877 1.347762
0.8180369 1.347762
0.876876 1.10082
0.818038 1.10082
0.693661 1.10082
0.7562621 1.10082
0.886021 1.022453
0.9936399 1.022453
0.886021 1.130072
0.9936399 1.130072
0.693661 1.347762
0.7562621 1.347762
0.876877 1.347762
0.8180369 1.347762
0.876876 1.10082
0.818038 1.10082
0.693661 1.10082
0.7562621 1.10082
0.886021 1.022453
0.9936399 1.022453
0.886021 1.130072
0.9936399 1.130072
0.693661 1.347762
0.7562621 1.347762
0.876877 1.347762
0.8180369 1.347762
0.876876 1.10082
0.818038 1.10082
0.693661 1.10082
0.7562621 1.10082
0.886021 1.022453
0.9936399 1.022453
0.886021 1.130072
0.9936399 1.130072
0.693661 1.347762
0.7562621 1.347762
0.876877 1.347762
0.8180369 1.347762
0.876876 1.745773
0.818038 1.745773
0.8180369 1.347762
0.7562621 1.10082
0.7562621 1.347762
0.633684 1.745773
0.633685 1.347762
0.693661 1.745773
0.693661 1.347762
0.693661 1.347762
0.7562621 1.347762
0.693661 1.745773
0.7562621 1.745773
0.876877 1.347762
0.8180369 1.347762
0.818038 1.10082
0.7562621 1.347762
0.8180369 1.347762
0.7562621 1.745773
0.818038 1.745773
0.693661 1.347762
0.633685 1.347762
0.693661 1.10082
0.633684 1.10082
0.876876 1.745773
0.818038 1.745773
0.8180369 1.347762
0.7562621 1.10082
0.7562621 1.347762
0.633684 1.745773
0.633685 1.347762
0.693661 1.745773
0.693661 1.347762
0.693661 1.347762
0.7562621 1.347762
0.693661 1.745773
0.7562621 1.745773
0.876877 1.347762
0.8180369 1.347762
0.818038 1.10082
0.7562621 1.347762
0.8180369 1.347762
0.7562621 1.745773
0.818038 1.745773
0.693661 1.347762
0.633685 1.347762
0.693661 1.10082
0.633684 1.10082
0.876876 1.745773
0.818038 1.745773
0.8180369 1.347762
0.7562621 1.10082
0.7562621 1.347762
0.633684 1.745773
0.633685 1.347762
0.693661 1.745773
0.693661 1.347762
0.693661 1.347762
0.7562621 1.347762
0.693661 1.745773
0.7562621 1.745773
0.876877 1.347762
0.8180369 1.347762
0.818038 1.10082
0.7562621 1.347762
0.8180369 1.347762
0.7562621 1.745773
0.818038 1.745773
0.693661 1.347762
0.633685 1.347762
0.693661 1.10082
0.633684 1.10082
0.876876 1.745773
0.818038 1.745773
0.8180369 1.347762
0.7562621 1.10082
0.7562621 1.347762
0.633684 1.745773
0.633685 1.347762
0.693661 1.745773
0.693661 1.347762
0.693661 1.347762
0.7562621 1.347762
0.693661 1.745773
0.7562621 1.745773
0.876877 1.347762
0.8180369 1.347762
0.818038 1.10082
0.7562621 1.347762
0.8180369 1.347762
0.7562621 1.745773
0.818038 1.745773
0.693661 1.347762
0.633685 1.347762
0.693661 1.10082
0.633684 1.10082
0.876876 1.745773
0.818038 1.745773
0.8180369 1.347762
0.7562621 1.10082
0.7562621 1.347762
0.633684 1.745773
0.633685 1.347762
0.693661 1.745773
0.693661 1.347762
0.693661 1.347762
0.7562621 1.347762
0.693661 1.745773
0.7562621 1.745773
0.876877 1.347762
0.8180369 1.347762
0.818038 1.10082
0.7562621 1.347762
0.8180369 1.347762
0.7562621 1.745773
0.818038 1.745773
0.693661 1.347762
0.633685 1.347762
0.693661 1.10082
0.633684 1.10082
0.876876 1.745773
0.818038 1.745773
0.8180369 1.347762
0.7562621 1.10082
0.7562621 1.347762
0.633684 1.745773
0.633685 1.347762
0.693661 1.745773
0.693661 1.347762
0.693661 1.347762
0.7562621 1.347762
0.693661 1.745773
0.7562621 1.745773
0.876877 1.347762
0.8180369 1.347762
0.818038 1.10082
0.7562621 1.347762
0.8180369 1.347762
0.7562621 1.745773
0.818038 1.745773
0.693661 1.347762
0.633685 1.347762
0.693661 1.10082
0.633684 1.10082
0.876876 1.745773
0.818038 1.745773
0.8180369 1.347762
0.7562621 1.10082
0.7562621 1.347762
0.633684 1.745773
0.633685 1.347762
0.693661 1.745773
0.693661 1.347762
0.693661 1.347762
0.7562621 1.347762
0.693661 1.745773
0.7562621 1.745773
0.876877 1.347762
0.8180369 1.347762
0.818038 1.10082
0.7562621 1.347762
0.8180369 1.347762
0.7562621 1.745773
0.818038 1.745773
0.693661 1.347762
0.633685 1.347762
0.693661 1.10082
0.633684 1.10082
0.876876 1.745773
0.818038 1.745773
0.8180369 1.347762
0.7562621 1.10082
0.7562621 1.347762
0.633684 1.745773
0.633685 1.347762
0.693661 1.745773
0.693661 1.347762
0.693661 1.347762
0.7562621 1.347762
0.693661 1.745773
0.7562621 1.745773
0.876877 1.347762
0.8180369 1.347762
0.818038 1.10082
0.7562621 1.347762
0.8180369 1.347762
0.7562621 1.745773
0.818038 1.745773
0.693661 1.347762
0.633685 1.347762
0.693661 1.10082
0.633684 1.10082
0.876876 1.745773
0.818038 1.745773
0.8180369 1.347762
0.7562621 1.10082
0.7562621 1.347762
0.633684 1.745773
0.633685 1.347762
0.693661 1.745773
0.693661 1.347762
0.693661 1.347762
0.7562621 1.347762
0.693661 1.745773
0.7562621 1.745773
0.876877 1.347762
0.8180369 1.347762
0.818038 1.10082
0.7562621 1.347762
0.8180369 1.347762
0.7562621 1.745773
0.818038 1.745773
0.693661 1.347762
0.633685 1.347762
0.693661 1.10082
0.633684 1.10082
0.876876 1.745773
0.818038 1.745773
0.8180369 1.347762
0.7562621 1.10082
0.7562621 1.347762
0.633684 1.745773
0.633685 1.347762
0.693661 1.745773
0.693661 1.347762
0.693661 1.347762
0.7562621 1.347762
0.693661 1.745773
0.7562621 1.745773
0.876877 1.347762
0.8180369 1.347762
0.818038 1.10082
0.7562621 1.347762
0.8180369 1.347762
0.7562621 1.745773
0.818038 1.745773
0.693661 1.347762
0.633685 1.347762
0.693661 1.10082
0.633684 1.10082
0.876876 1.745773
0.818038 1.745773
0.8180369 1.347762
0.7562621 1.10082
0.7562621 1.347762
0.633684 1.745773
0.633685 1.347762
0.693661 1.745773
0.693661 1.347762
0.693661 1.347762
0.7562621 1.347762
0.693661 1.745773
0.7562621 1.745773
0.876877 1.347762
0.8180369 1.347762
0.818038 1.10082
0.7562621 1.347762
0.8180369 1.347762
0.7562621 1.745773
0.818038 1.745773
0.693661 1.347762
0.633685 1.347762
0.693661 1.10082
0.633684 1.10082
0.876876 1.745773
0.818038 1.745773
0.8180369 1.347762
0.7562621 1.10082
0.7562621 1.347762
0.633684 1.745773
0.633685 1.347762
0.693661 1.745773
0.693661 1.347762
0.693661 1.347762
0.7562621 1.347762
0.693661 1.745773
0.7562621 1.745773
0.876877 1.347762
0.8180369 1.347762
0.818038 1.10082
0.7562621 1.347762
0.8180369 1.347762
0.7562621 1.745773
0.818038 1.745773
0.693661 1.347762
0.633685 1.347762
0.693661 1.10082
0.633684 1.10082
0.876876 1.745773
0.818038 1.745773
0.8180369 1.347762
0.7562621 1.10082
0.7562621 1.347762
0.633684 1.745773
0.633685 1.347762
0.693661 1.745773
0.693661 1.347762
0.693661 1.347762
0.7562621 1.347762
0.693661 1.745773
0.7562621 1.745773
0.876877 1.347762
0.8180369 1.347762
0.818038 1.10082
0.7562621 1.347762
0.8180369 1.347762
0.7562621 1.745773
0.818038 1.745773
0.693661 1.347762
0.633685 1.347762
0.693661 1.10082
0.633684 1.10082
0.876876 1.745773
0.818038 1.745773
0.8180369 1.347762
0.7562621 1.10082
0.7562621 1.347762
0.633684 1.745773
0.633685 1.347762
0.693661 1.745773
0.693661 1.347762
0.693661 1.347762
0.7562621 1.347762
0.693661 1.745773
0.7562621 1.745773
0.876877 1.347762
0.8180369 1.347762
0.818038 1.10082
0.7562621 1.347762
0.8180369 1.347762
0.7562621 1.745773
0.818038 1.745773
0.693661 1.347762
0.633685 1.347762
0.693661 1.10082
0.633684 1.10082
0.7562621 1.10082
0.7562621 1.347762
0.8180369 1.347762
0.818038 1.10082
0.693661 1.347762
0.633685 1.347762
0.693661 1.10082
0.633684 1.10082
0.7562621 1.10082
0.7562621 1.347762
0.8180369 1.347762
0.818038 1.10082
0.693661 1.347762
0.633685 1.347762
0.693661 1.10082
0.633684 1.10082
0.876876 1.745773
0.818038 1.745773
0.8180369 1.347762
0.7562621 1.10082
0.7562621 1.347762
0.633684 1.745773
0.633685 1.347762
0.693661 1.745773
0.693661 1.347762
0.693661 1.347762
0.7562621 1.347762
0.693661 1.745773
0.7562621 1.745773
0.876877 1.347762
0.8180369 1.347762
0.818038 1.10082
0.7562621 1.347762
0.8180369 1.347762
0.7562621 1.745773
0.818038 1.745773
0.693661 1.347762
0.633685 1.347762
0.693661 1.10082
0.633684 1.10082
0.876876 1.745773
0.818038 1.745773
0.8180369 1.347762
0.7562621 1.10082
0.7562621 1.347762
0.633684 1.745773
0.633685 1.347762
0.693661 1.745773
0.693661 1.347762
0.693661 1.347762
0.7562621 1.347762
0.693661 1.745773
0.7562621 1.745773
0.876877 1.347762
0.8180369 1.347762
0.818038 1.10082
0.7562621 1.347762
0.8180369 1.347762
0.7562621 1.745773
0.818038 1.745773
0.693661 1.347762
0.633685 1.347762
0.693661 1.10082
0.633684 1.10082
0.876876 1.745773
0.818038 1.745773
0.8180369 1.347762
0.7562621 1.10082
0.7562621 1.347762
0.633684 1.745773
0.633685 1.347762
0.693661 1.745773
0.693661 1.347762
0.693661 1.347762
0.7562621 1.347762
0.693661 1.745773
0.7562621 1.745773
0.876877 1.347762
0.8180369 1.347762
0.818038 1.10082
0.7562621 1.347762
0.8180369 1.347762
0.7562621 1.745773
0.818038 1.745773
0.693661 1.347762
0.633685 1.347762
0.693661 1.10082
0.633684 1.10082
0.876876 1.745773
0.818038 1.745773
0.8180369 1.347762
0.7562621 1.10082
0.7562621 1.347762
0.633684 1.745773
0.633685 1.347762
0.693661 1.745773
0.693661 1.347762
0.693661 1.347762
0.7562621 1.347762
0.693661 1.745773
0.7562621 1.745773
0.876877 1.347762
0.8180369 1.347762
0.818038 1.10082
0.7562621 1.347762
0.8180369 1.347762
0.7562621 1.745773
0.818038 1.745773
0.693661 1.347762
0.633685 1.347762
0.693661 1.10082
0.633684 1.10082
</float_array>
          <technique_common>
            <accessor source="#o_b_koyaashihoso_0-lib-UV0-array" count="680" stride="2">
              <param name="S" type="float" />
              <param name="T" type="float" />
            </accessor>
          </technique_common>
        </source>
        <vertices id="o_b_koyaashihoso_0-lib-Vertex">
          <input semantic="POSITION" source="#o_b_koyaashihoso_0-lib-Position" />
        </vertices>
        <polygons material="m_b_koyaashi" count="340">
          <input semantic="VERTEX" offset="0" source="#o_b_koyaashihoso_0-lib-Vertex" />
          <input semantic="NORMAL" offset="1" source="#o_b_koyaashihoso_0-lib-Normal0" />
          <input semantic="TEXCOORD" offset="2" set="0" source="#o_b_koyaashihoso_0-lib-UV0" />
          <p>2 2 2 3 3 3 8 8 8</p>
          <p>3 3 3 9 9 9 8 8 8</p>
          <p>4 4 4 5 5 5 6 6 6</p>
          <p>5 5 5 7 7 7 6 6 6</p>
          <p>232 232 232 233 233 233 10 10 10</p>
          <p>233 233 233 11 11 11 10 10 10</p>
          <p>1 1 1 234 234 234 235 235 235</p>
          <p>234 234 234 236 236 236 235 235 235</p>
          <p>237 237 237 238 238 238 239 239 239</p>
          <p>238 238 238 240 240 240 239 239 239</p>
          <p>241 241 241 242 242 242 243 243 243</p>
          <p>242 242 242 244 244 244 243 243 243</p>
          <p>245 245 245 246 246 246 0 0 0</p>
          <p>246 246 246 247 247 247 0 0 0</p>
          <p>248 248 248 249 249 249 250 250 250</p>
          <p>249 249 249 251 251 251 250 250 250</p>
          <p>252 252 252 253 253 253 254 254 254</p>
          <p>253 253 253 255 255 255 254 254 254</p>
          <p>14 14 14 15 15 15 20 20 20</p>
          <p>15 15 15 21 21 21 20 20 20</p>
          <p>16 16 16 17 17 17 18 18 18</p>
          <p>17 17 17 19 19 19 18 18 18</p>
          <p>256 256 256 257 257 257 22 22 22</p>
          <p>257 257 257 23 23 23 22 22 22</p>
          <p>13 13 13 258 258 258 259 259 259</p>
          <p>258 258 258 260 260 260 259 259 259</p>
          <p>261 261 261 262 262 262 263 263 263</p>
          <p>262 262 262 264 264 264 263 263 263</p>
          <p>265 265 265 266 266 266 267 267 267</p>
          <p>266 266 266 268 268 268 267 267 267</p>
          <p>269 269 269 270 270 270 12 12 12</p>
          <p>270 270 270 271 271 271 12 12 12</p>
          <p>272 272 272 273 273 273 274 274 274</p>
          <p>273 273 273 275 275 275 274 274 274</p>
          <p>276 276 276 277 277 277 278 278 278</p>
          <p>277 277 277 279 279 279 278 278 278</p>
          <p>26 26 26 27 27 27 32 32 32</p>
          <p>27 27 27 33 33 33 32 32 32</p>
          <p>28 28 28 29 29 29 30 30 30</p>
          <p>29 29 29 31 31 31 30 30 30</p>
          <p>280 280 280 281 281 281 34 34 34</p>
          <p>281 281 281 35 35 35 34 34 34</p>
          <p>25 25 25 282 282 282 283 283 283</p>
          <p>282 282 282 284 284 284 283 283 283</p>
          <p>285 285 285 286 286 286 287 287 287</p>
          <p>286 286 286 288 288 288 287 287 287</p>
          <p>289 289 289 290 290 290 291 291 291</p>
          <p>290 290 290 292 292 292 291 291 291</p>
          <p>293 293 293 294 294 294 24 24 24</p>
          <p>294 294 294 295 295 295 24 24 24</p>
          <p>296 296 296 297 297 297 298 298 298</p>
          <p>297 297 297 299 299 299 298 298 298</p>
          <p>300 300 300 301 301 301 302 302 302</p>
          <p>301 301 301 303 303 303 302 302 302</p>
          <p>38 38 38 39 39 39 44 44 44</p>
          <p>39 39 39 45 45 45 44 44 44</p>
          <p>40 40 40 41 41 41 42 42 42</p>
          <p>41 41 41 43 43 43 42 42 42</p>
          <p>304 304 304 305 305 305 46 46 46</p>
          <p>305 305 305 47 47 47 46 46 46</p>
          <p>37 37 37 306 306 306 307 307 307</p>
          <p>306 306 306 308 308 308 307 307 307</p>
          <p>309 309 309 310 310 310 311 311 311</p>
          <p>310 310 310 312 312 312 311 311 311</p>
          <p>313 313 313 314 314 314 315 315 315</p>
          <p>314 314 314 316 316 316 315 315 315</p>
          <p>317 317 317 318 318 318 36 36 36</p>
          <p>318 318 318 319 319 319 36 36 36</p>
          <p>320 320 320 321 321 321 322 322 322</p>
          <p>321 321 321 323 323 323 322 322 322</p>
          <p>324 324 324 325 325 325 326 326 326</p>
          <p>325 325 325 327 327 327 326 326 326</p>
          <p>50 50 50 51 51 51 56 56 56</p>
          <p>51 51 51 57 57 57 56 56 56</p>
          <p>52 52 52 53 53 53 54 54 54</p>
          <p>53 53 53 55 55 55 54 54 54</p>
          <p>328 328 328 329 329 329 58 58 58</p>
          <p>329 329 329 59 59 59 58 58 58</p>
          <p>49 49 49 330 330 330 331 331 331</p>
          <p>330 330 330 332 332 332 331 331 331</p>
          <p>333 333 333 334 334 334 335 335 335</p>
          <p>334 334 334 336 336 336 335 335 335</p>
          <p>337 337 337 338 338 338 339 339 339</p>
          <p>338 338 338 340 340 340 339 339 339</p>
          <p>341 341 341 342 342 342 48 48 48</p>
          <p>342 342 342 343 343 343 48 48 48</p>
          <p>344 344 344 345 345 345 346 346 346</p>
          <p>345 345 345 347 347 347 346 346 346</p>
          <p>348 348 348 349 349 349 350 350 350</p>
          <p>349 349 349 351 351 351 350 350 350</p>
          <p>62 62 62 63 63 63 68 68 68</p>
          <p>63 63 63 69 69 69 68 68 68</p>
          <p>64 64 64 65 65 65 66 66 66</p>
          <p>65 65 65 67 67 67 66 66 66</p>
          <p>352 352 352 353 353 353 70 70 70</p>
          <p>353 353 353 71 71 71 70 70 70</p>
          <p>61 61 61 354 354 354 355 355 355</p>
          <p>354 354 354 356 356 356 355 355 355</p>
          <p>357 357 357 358 358 358 359 359 359</p>
          <p>358 358 358 360 360 360 359 359 359</p>
          <p>361 361 361 362 362 362 363 363 363</p>
          <p>362 362 362 364 364 364 363 363 363</p>
          <p>365 365 365 366 366 366 60 60 60</p>
          <p>366 366 366 367 367 367 60 60 60</p>
          <p>368 368 368 369 369 369 370 370 370</p>
          <p>369 369 369 371 371 371 370 370 370</p>
          <p>372 372 372 373 373 373 374 374 374</p>
          <p>373 373 373 375 375 375 374 374 374</p>
          <p>74 74 74 75 75 75 80 80 80</p>
          <p>75 75 75 81 81 81 80 80 80</p>
          <p>76 76 76 77 77 77 78 78 78</p>
          <p>77 77 77 79 79 79 78 78 78</p>
          <p>376 376 376 377 377 377 82 82 82</p>
          <p>377 377 377 83 83 83 82 82 82</p>
          <p>73 73 73 378 378 378 379 379 379</p>
          <p>378 378 378 380 380 380 379 379 379</p>
          <p>381 381 381 382 382 382 383 383 383</p>
          <p>382 382 382 384 384 384 383 383 383</p>
          <p>385 385 385 386 386 386 387 387 387</p>
          <p>386 386 386 388 388 388 387 387 387</p>
          <p>389 389 389 390 390 390 72 72 72</p>
          <p>390 390 390 391 391 391 72 72 72</p>
          <p>392 392 392 393 393 393 394 394 394</p>
          <p>393 393 393 395 395 395 394 394 394</p>
          <p>396 396 396 397 397 397 398 398 398</p>
          <p>397 397 397 399 399 399 398 398 398</p>
          <p>86 86 86 87 87 87 92 92 92</p>
          <p>87 87 87 93 93 93 92 92 92</p>
          <p>88 88 88 89 89 89 90 90 90</p>
          <p>89 89 89 91 91 91 90 90 90</p>
          <p>400 400 400 401 401 401 94 94 94</p>
          <p>401 401 401 95 95 95 94 94 94</p>
          <p>85 85 85 402 402 402 403 403 403</p>
          <p>402 402 402 404 404 404 403 403 403</p>
          <p>405 405 405 406 406 406 407 407 407</p>
          <p>406 406 406 408 408 408 407 407 407</p>
          <p>409 409 409 410 410 410 411 411 411</p>
          <p>410 410 410 412 412 412 411 411 411</p>
          <p>413 413 413 414 414 414 84 84 84</p>
          <p>414 414 414 415 415 415 84 84 84</p>
          <p>416 416 416 417 417 417 418 418 418</p>
          <p>417 417 417 419 419 419 418 418 418</p>
          <p>420 420 420 421 421 421 422 422 422</p>
          <p>421 421 421 423 423 423 422 422 422</p>
          <p>98 98 98 99 99 99 104 104 104</p>
          <p>99 99 99 105 105 105 104 104 104</p>
          <p>100 100 100 101 101 101 102 102 102</p>
          <p>101 101 101 103 103 103 102 102 102</p>
          <p>424 424 424 425 425 425 106 106 106</p>
          <p>425 425 425 107 107 107 106 106 106</p>
          <p>97 97 97 426 426 426 427 427 427</p>
          <p>426 426 426 428 428 428 427 427 427</p>
          <p>429 429 429 430 430 430 431 431 431</p>
          <p>430 430 430 432 432 432 431 431 431</p>
          <p>433 433 433 434 434 434 435 435 435</p>
          <p>434 434 434 436 436 436 435 435 435</p>
          <p>437 437 437 438 438 438 96 96 96</p>
          <p>438 438 438 439 439 439 96 96 96</p>
          <p>440 440 440 441 441 441 442 442 442</p>
          <p>441 441 441 443 443 443 442 442 442</p>
          <p>444 444 444 445 445 445 446 446 446</p>
          <p>445 445 445 447 447 447 446 446 446</p>
          <p>110 110 110 111 111 111 116 116 116</p>
          <p>111 111 111 117 117 117 116 116 116</p>
          <p>112 112 112 113 113 113 114 114 114</p>
          <p>113 113 113 115 115 115 114 114 114</p>
          <p>448 448 448 449 449 449 118 118 118</p>
          <p>449 449 449 119 119 119 118 118 118</p>
          <p>109 109 109 450 450 450 451 451 451</p>
          <p>450 450 450 452 452 452 451 451 451</p>
          <p>453 453 453 454 454 454 455 455 455</p>
          <p>454 454 454 456 456 456 455 455 455</p>
          <p>457 457 457 458 458 458 459 459 459</p>
          <p>458 458 458 460 460 460 459 459 459</p>
          <p>461 461 461 462 462 462 108 108 108</p>
          <p>462 462 462 463 463 463 108 108 108</p>
          <p>464 464 464 465 465 465 466 466 466</p>
          <p>465 465 465 467 467 467 466 466 466</p>
          <p>468 468 468 469 469 469 470 470 470</p>
          <p>469 469 469 471 471 471 470 470 470</p>
          <p>122 122 122 123 123 123 128 128 128</p>
          <p>123 123 123 129 129 129 128 128 128</p>
          <p>124 124 124 125 125 125 126 126 126</p>
          <p>125 125 125 127 127 127 126 126 126</p>
          <p>472 472 472 473 473 473 130 130 130</p>
          <p>473 473 473 131 131 131 130 130 130</p>
          <p>121 121 121 474 474 474 475 475 475</p>
          <p>474 474 474 476 476 476 475 475 475</p>
          <p>477 477 477 478 478 478 479 479 479</p>
          <p>478 478 478 480 480 480 479 479 479</p>
          <p>481 481 481 482 482 482 483 483 483</p>
          <p>482 482 482 484 484 484 483 483 483</p>
          <p>485 485 485 486 486 486 120 120 120</p>
          <p>486 486 486 487 487 487 120 120 120</p>
          <p>488 488 488 489 489 489 490 490 490</p>
          <p>489 489 489 491 491 491 490 490 490</p>
          <p>492 492 492 493 493 493 494 494 494</p>
          <p>493 493 493 495 495 495 494 494 494</p>
          <p>134 134 134 135 135 135 140 140 140</p>
          <p>135 135 135 141 141 141 140 140 140</p>
          <p>136 136 136 137 137 137 138 138 138</p>
          <p>137 137 137 139 139 139 138 138 138</p>
          <p>496 496 496 497 497 497 142 142 142</p>
          <p>497 497 497 143 143 143 142 142 142</p>
          <p>133 133 133 498 498 498 499 499 499</p>
          <p>498 498 498 500 500 500 499 499 499</p>
          <p>501 501 501 502 502 502 503 503 503</p>
          <p>502 502 502 504 504 504 503 503 503</p>
          <p>505 505 505 506 506 506 507 507 507</p>
          <p>506 506 506 508 508 508 507 507 507</p>
          <p>509 509 509 510 510 510 132 132 132</p>
          <p>510 510 510 511 511 511 132 132 132</p>
          <p>512 512 512 513 513 513 514 514 514</p>
          <p>513 513 513 515 515 515 514 514 514</p>
          <p>516 516 516 517 517 517 518 518 518</p>
          <p>517 517 517 519 519 519 518 518 518</p>
          <p>146 146 146 147 147 147 152 152 152</p>
          <p>147 147 147 153 153 153 152 152 152</p>
          <p>148 148 148 149 149 149 150 150 150</p>
          <p>149 149 149 151 151 151 150 150 150</p>
          <p>520 520 520 521 521 521 154 154 154</p>
          <p>521 521 521 155 155 155 154 154 154</p>
          <p>145 145 145 522 522 522 523 523 523</p>
          <p>522 522 522 524 524 524 523 523 523</p>
          <p>525 525 525 526 526 526 527 527 527</p>
          <p>526 526 526 528 528 528 527 527 527</p>
          <p>529 529 529 530 530 530 531 531 531</p>
          <p>530 530 530 532 532 532 531 531 531</p>
          <p>533 533 533 534 534 534 144 144 144</p>
          <p>534 534 534 535 535 535 144 144 144</p>
          <p>536 536 536 537 537 537 538 538 538</p>
          <p>537 537 537 539 539 539 538 538 538</p>
          <p>540 540 540 541 541 541 542 542 542</p>
          <p>541 541 541 543 543 543 542 542 542</p>
          <p>158 158 158 159 159 159 164 164 164</p>
          <p>159 159 159 165 165 165 164 164 164</p>
          <p>160 160 160 161 161 161 162 162 162</p>
          <p>161 161 161 163 163 163 162 162 162</p>
          <p>544 544 544 545 545 545 166 166 166</p>
          <p>545 545 545 167 167 167 166 166 166</p>
          <p>157 157 157 546 546 546 547 547 547</p>
          <p>546 546 546 548 548 548 547 547 547</p>
          <p>549 549 549 550 550 550 551 551 551</p>
          <p>550 550 550 552 552 552 551 551 551</p>
          <p>553 553 553 554 554 554 555 555 555</p>
          <p>554 554 554 556 556 556 555 555 555</p>
          <p>557 557 557 558 558 558 156 156 156</p>
          <p>558 558 558 559 559 559 156 156 156</p>
          <p>560 560 560 561 561 561 562 562 562</p>
          <p>561 561 561 563 563 563 562 562 562</p>
          <p>564 564 564 565 565 565 566 566 566</p>
          <p>565 565 565 567 567 567 566 566 566</p>
          <p>170 170 170 171 171 171 172 172 172</p>
          <p>171 171 171 173 173 173 172 172 172</p>
          <p>169 169 169 175 175 175 568 568 568</p>
          <p>175 175 175 569 569 569 568 568 568</p>
          <p>174 174 174 570 570 570 168 168 168</p>
          <p>570 570 570 571 571 571 168 168 168</p>
          <p>572 572 572 573 573 573 574 574 574</p>
          <p>573 573 573 575 575 575 574 574 574</p>
          <p>178 178 178 179 179 179 180 180 180</p>
          <p>179 179 179 181 181 181 180 180 180</p>
          <p>177 177 177 183 183 183 576 576 576</p>
          <p>183 183 183 577 577 577 576 576 576</p>
          <p>182 182 182 578 578 578 176 176 176</p>
          <p>578 578 578 579 579 579 176 176 176</p>
          <p>580 580 580 581 581 581 582 582 582</p>
          <p>581 581 581 583 583 583 582 582 582</p>
          <p>186 186 186 187 187 187 192 192 192</p>
          <p>187 187 187 193 193 193 192 192 192</p>
          <p>188 188 188 189 189 189 190 190 190</p>
          <p>189 189 189 191 191 191 190 190 190</p>
          <p>584 584 584 585 585 585 194 194 194</p>
          <p>585 585 585 195 195 195 194 194 194</p>
          <p>185 185 185 586 586 586 587 587 587</p>
          <p>586 586 586 588 588 588 587 587 587</p>
          <p>589 589 589 590 590 590 591 591 591</p>
          <p>590 590 590 592 592 592 591 591 591</p>
          <p>593 593 593 594 594 594 595 595 595</p>
          <p>594 594 594 596 596 596 595 595 595</p>
          <p>597 597 597 598 598 598 184 184 184</p>
          <p>598 598 598 599 599 599 184 184 184</p>
          <p>600 600 600 601 601 601 602 602 602</p>
          <p>601 601 601 603 603 603 602 602 602</p>
          <p>604 604 604 605 605 605 606 606 606</p>
          <p>605 605 605 607 607 607 606 606 606</p>
          <p>198 198 198 199 199 199 204 204 204</p>
          <p>199 199 199 205 205 205 204 204 204</p>
          <p>200 200 200 201 201 201 202 202 202</p>
          <p>201 201 201 203 203 203 202 202 202</p>
          <p>608 608 608 609 609 609 206 206 206</p>
          <p>609 609 609 207 207 207 206 206 206</p>
          <p>197 197 197 610 610 610 611 611 611</p>
          <p>610 610 610 612 612 612 611 611 611</p>
          <p>613 613 613 614 614 614 615 615 615</p>
          <p>614 614 614 616 616 616 615 615 615</p>
          <p>617 617 617 618 618 618 619 619 619</p>
          <p>618 618 618 620 620 620 619 619 619</p>
          <p>621 621 621 622 622 622 196 196 196</p>
          <p>622 622 622 623 623 623 196 196 196</p>
          <p>624 624 624 625 625 625 626 626 626</p>
          <p>625 625 625 627 627 627 626 626 626</p>
          <p>628 628 628 629 629 629 630 630 630</p>
          <p>629 629 629 631 631 631 630 630 630</p>
          <p>210 210 210 211 211 211 216 216 216</p>
          <p>211 211 211 217 217 217 216 216 216</p>
          <p>212 212 212 213 213 213 214 214 214</p>
          <p>213 213 213 215 215 215 214 214 214</p>
          <p>632 632 632 633 633 633 218 218 218</p>
          <p>633 633 633 219 219 219 218 218 218</p>
          <p>209 209 209 634 634 634 635 635 635</p>
          <p>634 634 634 636 636 636 635 635 635</p>
          <p>637 637 637 638 638 638 639 639 639</p>
          <p>638 638 638 640 640 640 639 639 639</p>
          <p>641 641 641 642 642 642 643 643 643</p>
          <p>642 642 642 644 644 644 643 643 643</p>
          <p>645 645 645 646 646 646 208 208 208</p>
          <p>646 646 646 647 647 647 208 208 208</p>
          <p>648 648 648 649 649 649 650 650 650</p>
          <p>649 649 649 651 651 651 650 650 650</p>
          <p>652 652 652 653 653 653 654 654 654</p>
          <p>653 653 653 655 655 655 654 654 654</p>
          <p>222 222 222 223 223 223 228 228 228</p>
          <p>223 223 223 229 229 229 228 228 228</p>
          <p>224 224 224 225 225 225 226 226 226</p>
          <p>225 225 225 227 227 227 226 226 226</p>
          <p>656 656 656 657 657 657 230 230 230</p>
          <p>657 657 657 231 231 231 230 230 230</p>
          <p>221 221 221 658 658 658 659 659 659</p>
          <p>658 658 658 660 660 660 659 659 659</p>
          <p>661 661 661 662 662 662 663 663 663</p>
          <p>662 662 662 664 664 664 663 663 663</p>
          <p>665 665 665 666 666 666 667 667 667</p>
          <p>666 666 666 668 668 668 667 667 667</p>
          <p>669 669 669 670 670 670 220 220 220</p>
          <p>670 670 670 671 671 671 220 220 220</p>
          <p>672 672 672 673 673 673 674 674 674</p>
          <p>673 673 673 675 675 675 674 674 674</p>
          <p>676 676 676 677 677 677 678 678 678</p>
          <p>677 677 677 679 679 679 678 678 678</p>
        </polygons>
      </mesh>
    </geometry>
    <geometry id="o_b_koyakaidan00_0-lib" name="o_b_koyakaidan00_0Mesh">
      <mesh>
        <source id="o_b_koyakaidan00_0-lib-Position">
          <float_array id="o_b_koyakaidan00_0-lib-Position-array" count="1512">
-492.9821 -8.779887 331.7266
-492.9821 -8.779887 332.8032
-494.0475 -8.779887 331.7266
-494.0475 -8.779887 332.8032
-494.0475 3.49548 331.7266
-494.0475 3.49548 332.8032
-492.9821 3.49548 331.7266
-492.9821 3.49548 332.8032
-494.0475 0.4960219 331.7266
-494.0475 0.4960219 332.8032
-492.9821 0.4960219 331.7266
-492.9821 0.4960219 332.8032
-481.1932 -8.813218 332.7891
-481.1932 -8.813218 331.7125
-480.1277 -8.813218 332.7891
-480.1277 -8.813218 331.7125
-480.1277 3.49548 332.7891
-480.1277 3.49548 331.7125
-481.1932 3.49548 332.7891
-481.1932 3.49548 331.7125
-480.1277 0.494115 332.7891
-480.1277 0.494115 331.7125
-481.1932 0.494115 332.7891
-481.1932 0.492909 331.7125
-481.1932 -8.813218 337.3241
-481.1932 -8.813218 336.2475
-480.1277 -8.813218 337.3241
-480.1277 -8.813218 336.2475
-480.1277 7.009209 337.3241
-480.1277 7.009209 336.2475
-481.1932 7.009209 337.3241
-481.1932 7.009209 336.2475
-480.1277 -0.04168 337.3241
-480.1277 -0.04168 336.2475
-481.1932 -0.04168 337.3241
-481.1932 -0.042886 336.2475
-492.9821 -8.779887 336.2615
-492.9821 -8.779887 337.3381
-494.0475 -8.779887 336.2615
-494.0475 -8.779887 337.3381
-494.0475 7.009209 336.2615
-494.0475 7.009209 337.3381
-492.9821 7.009209 336.2615
-492.9821 7.009209 337.3381
-494.0475 -0.039773 336.2615
-494.0475 -0.039773 337.3381
-492.9821 -0.039773 336.2615
-492.9821 -0.039773 337.3381
-492.9821 -8.779887 340.2582
-492.9821 -8.779887 341.3348
-494.0475 -8.779887 340.2582
-494.0475 -8.779887 341.3348
-494.0475 11.32363 340.2582
-494.0475 11.32363 341.3348
-492.9821 11.32363 340.2582
-492.9821 11.32363 341.3348
-494.0475 -0.470643 340.2582
-494.0475 -0.470643 341.3348
-492.9821 -0.470643 340.2582
-492.9821 -0.470643 341.3348
-481.1932 -8.813218 341.3207
-481.1932 -8.813218 340.2441
-480.1277 -8.813218 341.3207
-480.1277 -8.813218 340.2441
-480.1277 11.32363 341.3207
-480.1277 11.32363 340.2441
-481.1932 11.32363 341.3207
-481.1932 11.32363 340.2441
-480.1277 -0.47255 341.3207
-480.1277 -0.47255 340.2441
-481.1932 -0.47255 341.3207
-481.1932 -0.473756 340.2441
-492.9821 -8.779887 344.3313
-492.9821 -8.779887 345.4079
-494.0475 -8.779887 344.3313
-494.0475 -8.779887 345.4079
-494.0475 14.72841 344.3313
-494.0475 14.72841 345.4079
-492.9821 14.72841 344.3313
-492.9821 14.72841 345.4079
-494.0475 -1.329762 344.3313
-494.0475 -1.329762 345.4079
-492.9821 -1.329762 344.3313
-492.9821 -1.329762 345.4079
-481.1932 -8.813218 345.3939
-481.1932 -8.813218 344.3173
-480.1277 -8.813218 345.3939
-480.1277 -8.813218 344.3173
-480.1277 14.72841 345.3939
-480.1277 14.72841 344.3173
-481.1932 14.72841 345.3939
-481.1932 14.72841 344.3173
-480.1277 -1.33167 345.3939
-480.1277 -1.33167 344.3173
-481.1932 -1.33167 345.3939
-481.1932 -1.332875 344.3173
-492.9821 -8.779887 348.2981
-492.9821 -8.779887 349.3747
-494.0475 -8.779887 348.2981
-494.0475 -8.779887 349.3747
-494.0475 18.2417 348.2981
-494.0475 18.2417 349.3747
-492.9821 18.2417 348.2981
-492.9821 18.2417 349.3747
-494.0475 -1.491227 348.2981
-494.0475 -1.491227 349.3747
-492.9821 -1.491227 348.2981
-492.9821 -1.491227 349.3747
-481.1932 -8.813218 349.3606
-481.1932 -8.813218 348.284
-480.1277 -8.813218 349.3606
-480.1277 -8.813218 348.284
-480.1277 18.2417 349.3606
-480.1277 18.2417 348.284
-481.1932 18.2417 349.3606
-481.1932 18.2417 348.284
-480.1277 -1.493134 349.3606
-480.1277 -1.493134 348.284
-481.1932 -1.493134 349.3606
-481.1932 -1.49434 348.284
-492.9821 -8.779887 352.9891
-492.9821 -8.779887 354.0657
-494.0475 -8.779887 352.9891
-494.0475 -8.779887 354.0657
-494.0475 21.76885 352.9891
-494.0475 21.76885 354.0657
-492.9821 21.76885 352.9891
-492.9821 21.76885 354.0657
-494.0475 -2.142335 352.9891
-494.0475 -2.142335 354.0657
-492.9821 -2.142335 352.9891
-492.9821 -2.142335 354.0657
-481.1932 -8.813218 354.0517
-481.1932 -8.813218 352.9751
-480.1277 -8.813218 354.0517
-480.1277 -8.813218 352.9751
-480.1277 21.76885 354.0517
-480.1277 21.76885 352.9751
-481.1932 21.76885 354.0517
-481.1932 21.76885 352.9751
-480.1277 -2.144242 354.0517
-480.1277 -2.144242 352.9751
-481.1932 -2.144242 354.0517
-481.1932 -2.145448 352.9751
-481.1932 -8.813218 357.8882
-481.1932 -8.813218 356.8116
-480.1277 -8.813218 357.8882
-480.1277 -8.813218 356.8116
-480.1277 21.76885 357.8882
-480.1277 21.76885 356.8116
-481.1932 21.76885 357.8882
-481.1932 21.76885 356.8116
-480.1277 -2.144242 357.8882
-480.1277 -2.144242 356.8116
-481.1932 -2.144242 357.8882
-481.1932 -2.145448 356.8116
-492.9821 -8.779887 356.8257
-492.9821 -8.779887 357.9023
-494.0475 -8.779887 356.8257
-494.0475 -8.779887 357.9023
-494.0475 21.76885 356.8257
-494.0475 21.76885 357.9023
-492.9821 21.76885 356.8257
-492.9821 21.76885 357.9023
-494.0475 -2.142335 356.8257
-494.0475 -2.142335 357.9023
-492.9821 -2.142335 356.8257
-492.9821 -2.142335 357.9023
-492.9821 3.49548 331.7266
-492.9821 3.49548 332.8032
-492.9821 0.4960219 332.8032
-494.0475 -8.779887 332.8032
-494.0475 0.4960219 332.8032
-492.9821 3.49548 331.7266
-492.9821 0.4960219 331.7266
-494.0475 3.49548 331.7266
-494.0475 0.4960219 331.7266
-494.0475 0.4960219 331.7266
-494.0475 0.4960219 332.8032
-494.0475 3.49548 331.7266
-494.0475 3.49548 332.8032
-492.9821 0.4960219 331.7266
-492.9821 0.4960219 332.8032
-492.9821 -8.779887 332.8032
-494.0475 0.4960219 332.8032
-492.9821 0.4960219 332.8032
-494.0475 3.49548 332.8032
-492.9821 3.49548 332.8032
-494.0475 0.4960219 331.7266
-492.9821 0.4960219 331.7266
-494.0475 -8.779887 331.7266
-492.9821 -8.779887 331.7266
-481.1932 3.49548 332.7891
-481.1932 3.49548 331.7125
-481.1932 0.492909 331.7125
-480.1277 -8.813218 331.7125
-480.1277 0.494115 331.7125
-481.1932 3.49548 332.7891
-481.1932 0.494115 332.7891
-480.1277 3.49548 332.7891
-480.1277 0.494115 332.7891
-480.1277 0.494115 332.7891
-480.1277 0.494115 331.7125
-480.1277 3.49548 332.7891
-480.1277 3.49548 331.7125
-481.1932 0.494115 332.7891
-481.1932 0.492909 331.7125
-481.1932 -8.813218 331.7125
-481.1932 0.492909 331.7125
-481.1932 3.49548 331.7125
-480.1277 0.494115 331.7125
-480.1277 3.49548 331.7125
-480.1277 0.494115 332.7891
-481.1932 0.494115 332.7891
-480.1277 -8.813218 332.7891
-481.1932 -8.813218 332.7891
-481.1932 7.009209 337.3241
-481.1932 7.009209 336.2475
-481.1932 -0.042886 336.2475
-480.1277 -8.813218 336.2475
-480.1277 -0.04168 336.2475
-481.1932 7.009209 337.3241
-481.1932 -0.04168 337.3241
-480.1277 7.009209 337.3241
-480.1277 -0.04168 337.3241
-480.1277 -0.04168 337.3241
-480.1277 -0.04168 336.2475
-480.1277 7.009209 337.3241
-480.1277 7.009209 336.2475
-481.1932 -0.04168 337.3241
-481.1932 -0.042886 336.2475
-481.1932 -8.813218 336.2475
-481.1932 -0.042886 336.2475
-481.1932 7.009209 336.2475
-480.1277 -0.04168 336.2475
-480.1277 7.009209 336.2475
-480.1277 -0.04168 337.3241
-481.1932 -0.04168 337.3241
-480.1277 -8.813218 337.3241
-481.1932 -8.813218 337.3241
-492.9821 7.009209 336.2615
-492.9821 7.009209 337.3381
-492.9821 -0.039773 337.3381
-494.0475 -8.779887 337.3381
-494.0475 -0.039773 337.3381
-492.9821 7.009209 336.2615
-492.9821 -0.039773 336.2615
-494.0475 7.009209 336.2615
-494.0475 -0.039773 336.2615
-494.0475 -0.039773 336.2615
-494.0475 -0.039773 337.3381
-494.0475 7.009209 336.2615
-494.0475 7.009209 337.3381
-492.9821 -0.039773 336.2615
-492.9821 -0.039773 337.3381
-492.9821 -8.779887 337.3381
-494.0475 -0.039773 337.3381
-492.9821 -0.039773 337.3381
-494.0475 7.009209 337.3381
-492.9821 7.009209 337.3381
-494.0475 -0.039773 336.2615
-492.9821 -0.039773 336.2615
-494.0475 -8.779887 336.2615
-492.9821 -8.779887 336.2615
-492.9821 11.32363 340.2582
-492.9821 11.32363 341.3348
-492.9821 -0.470643 341.3348
-494.0475 -8.779887 341.3348
-494.0475 -0.470643 341.3348
-492.9821 11.32363 340.2582
-492.9821 -0.470643 340.2582
-494.0475 11.32363 340.2582
-494.0475 -0.470643 340.2582
-494.0475 -0.470643 340.2582
-494.0475 -0.470643 341.3348
-494.0475 11.32363 340.2582
-494.0475 11.32363 341.3348
-492.9821 -0.470643 340.2582
-492.9821 -0.470643 341.3348
-492.9821 -8.779887 341.3348
-494.0475 -0.470643 341.3348
-492.9821 -0.470643 341.3348
-494.0475 11.32363 341.3348
-492.9821 11.32363 341.3348
-494.0475 -0.470643 340.2582
-492.9821 -0.470643 340.2582
-494.0475 -8.779887 340.2582
-492.9821 -8.779887 340.2582
-481.1932 11.32363 341.3207
-481.1932 11.32363 340.2441
-481.1932 -0.473756 340.2441
-480.1277 -8.813218 340.2441
-480.1277 -0.47255 340.2441
-481.1932 11.32363 341.3207
-481.1932 -0.47255 341.3207
-480.1277 11.32363 341.3207
-480.1277 -0.47255 341.3207
-480.1277 -0.47255 341.3207
-480.1277 -0.47255 340.2441
-480.1277 11.32363 341.3207
-480.1277 11.32363 340.2441
-481.1932 -0.47255 341.3207
-481.1932 -0.473756 340.2441
-481.1932 -8.813218 340.2441
-481.1932 -0.473756 340.2441
-481.1932 11.32363 340.2441
-480.1277 -0.47255 340.2441
-480.1277 11.32363 340.2441
-480.1277 -0.47255 341.3207
-481.1932 -0.47255 341.3207
-480.1277 -8.813218 341.3207
-481.1932 -8.813218 341.3207
-492.9821 14.72841 344.3313
-492.9821 14.72841 345.4079
-492.9821 -1.329762 345.4079
-494.0475 -8.779887 345.4079
-494.0475 -1.329762 345.4079
-492.9821 14.72841 344.3313
-492.9821 -1.329762 344.3313
-494.0475 14.72841 344.3313
-494.0475 -1.329762 344.3313
-494.0475 -1.329762 344.3313
-494.0475 -1.329762 345.4079
-494.0475 14.72841 344.3313
-494.0475 14.72841 345.4079
-492.9821 -1.329762 344.3313
-492.9821 -1.329762 345.4079
-492.9821 -8.779887 345.4079
-494.0475 -1.329762 345.4079
-492.9821 -1.329762 345.4079
-494.0475 14.72841 345.4079
-492.9821 14.72841 345.4079
-494.0475 -1.329762 344.3313
-492.9821 -1.329762 344.3313
-494.0475 -8.779887 344.3313
-492.9821 -8.779887 344.3313
-481.1932 14.72841 345.3939
-481.1932 14.72841 344.3173
-481.1932 -1.332875 344.3173
-480.1277 -8.813218 344.3173
-480.1277 -1.33167 344.3173
-481.1932 14.72841 345.3939
-481.1932 -1.33167 345.3939
-480.1277 14.72841 345.3939
-480.1277 -1.33167 345.3939
-480.1277 -1.33167 345.3939
-480.1277 -1.33167 344.3173
-480.1277 14.72841 345.3939
-480.1277 14.72841 344.3173
-481.1932 -1.33167 345.3939
-481.1932 -1.332875 344.3173
-481.1932 -8.813218 344.3173
-481.1932 -1.332875 344.3173
-481.1932 14.72841 344.3173
-480.1277 -1.33167 344.3173
-480.1277 14.72841 344.3173
-480.1277 -1.33167 345.3939
-481.1932 -1.33167 345.3939
-480.1277 -8.813218 345.3939
-481.1932 -8.813218 345.3939
-492.9821 18.2417 348.2981
-492.9821 18.2417 349.3747
-492.9821 -1.491227 349.3747
-494.0475 -8.779887 349.3747
-494.0475 -1.491227 349.3747
-492.9821 18.2417 348.2981
-492.9821 -1.491227 348.2981
-494.0475 18.2417 348.2981
-494.0475 -1.491227 348.2981
-494.0475 -1.491227 348.2981
-494.0475 -1.491227 349.3747
-494.0475 18.2417 348.2981
-494.0475 18.2417 349.3747
-492.9821 -1.491227 348.2981
-492.9821 -1.491227 349.3747
-492.9821 -8.779887 349.3747
-494.0475 -1.491227 349.3747
-492.9821 -1.491227 349.3747
-494.0475 18.2417 349.3747
-492.9821 18.2417 349.3747
-494.0475 -1.491227 348.2981
-492.9821 -1.491227 348.2981
-494.0475 -8.779887 348.2981
-492.9821 -8.779887 348.2981
-481.1932 18.2417 349.3606
-481.1932 18.2417 348.284
-481.1932 -1.49434 348.284
-480.1277 -8.813218 348.284
-480.1277 -1.493134 348.284
-481.1932 18.2417 349.3606
-481.1932 -1.493134 349.3606
-480.1277 18.2417 349.3606
-480.1277 -1.493134 349.3606
-480.1277 -1.493134 349.3606
-480.1277 -1.493134 348.284
-480.1277 18.2417 349.3606
-480.1277 18.2417 348.284
-481.1932 -1.493134 349.3606
-481.1932 -1.49434 348.284
-481.1932 -8.813218 348.284
-481.1932 -1.49434 348.284
-481.1932 18.2417 348.284
-480.1277 -1.493134 348.284
-480.1277 18.2417 348.284
-480.1277 -1.493134 349.3606
-481.1932 -1.493134 349.3606
-480.1277 -8.813218 349.3606
-481.1932 -8.813218 349.3606
-492.9821 21.76885 352.9891
-492.9821 21.76885 354.0657
-492.9821 -2.142335 354.0657
-494.0475 -8.779887 354.0657
-494.0475 -2.142335 354.0657
-492.9821 21.76885 352.9891
-492.9821 -2.142335 352.9891
-494.0475 21.76885 352.9891
-494.0475 -2.142335 352.9891
-494.0475 -2.142335 352.9891
-494.0475 -2.142335 354.0657
-494.0475 21.76885 352.9891
-494.0475 21.76885 354.0657
-492.9821 -2.142335 352.9891
-492.9821 -2.142335 354.0657
-492.9821 -8.779887 354.0657
-494.0475 -2.142335 354.0657
-492.9821 -2.142335 354.0657
-494.0475 21.76885 354.0657
-492.9821 21.76885 354.0657
-494.0475 -2.142335 352.9891
-492.9821 -2.142335 352.9891
-494.0475 -8.779887 352.9891
-492.9821 -8.779887 352.9891
-481.1932 21.76885 354.0517
-481.1932 21.76885 352.9751
-481.1932 -2.145448 352.9751
-480.1277 -8.813218 352.9751
-480.1277 -2.144242 352.9751
-481.1932 21.76885 354.0517
-481.1932 -2.144242 354.0517
-480.1277 21.76885 354.0517
-480.1277 -2.144242 354.0517
-480.1277 -2.144242 354.0517
-480.1277 -2.144242 352.9751
-480.1277 21.76885 354.0517
-480.1277 21.76885 352.9751
-481.1932 -2.144242 354.0517
-481.1932 -2.145448 352.9751
-481.1932 -8.813218 352.9751
-481.1932 -2.145448 352.9751
-481.1932 21.76885 352.9751
-480.1277 -2.144242 352.9751
-480.1277 21.76885 352.9751
-480.1277 -2.144242 354.0517
-481.1932 -2.144242 354.0517
-480.1277 -8.813218 354.0517
-481.1932 -8.813218 354.0517
-481.1932 21.76885 357.8882
-481.1932 21.76885 356.8116
-481.1932 -2.145448 356.8116
-480.1277 -8.813218 356.8116
-480.1277 -2.144242 356.8116
-481.1932 21.76885 357.8882
-481.1932 -2.144242 357.8882
-480.1277 21.76885 357.8882
-480.1277 -2.144242 357.8882
-480.1277 -2.144242 357.8882
-480.1277 -2.144242 356.8116
-480.1277 21.76885 357.8882
-480.1277 21.76885 356.8116
-481.1932 -2.144242 357.8882
-481.1932 -2.145448 356.8116
-481.1932 -8.813218 356.8116
-481.1932 -2.145448 356.8116
-481.1932 21.76885 356.8116
-480.1277 -2.144242 356.8116
-480.1277 21.76885 356.8116
-480.1277 -2.144242 357.8882
-481.1932 -2.144242 357.8882
-480.1277 -8.813218 357.8882
-481.1932 -8.813218 357.8882
-492.9821 21.76885 356.8257
-492.9821 21.76885 357.9023
-492.9821 -2.142335 357.9023
-494.0475 -8.779887 357.9023
-494.0475 -2.142335 357.9023
-492.9821 21.76885 356.8257
-492.9821 -2.142335 356.8257
-494.0475 21.76885 356.8257
-494.0475 -2.142335 356.8257
-494.0475 -2.142335 356.8257
-494.0475 -2.142335 357.9023
-494.0475 21.76885 356.8257
-494.0475 21.76885 357.9023
-492.9821 -2.142335 356.8257
-492.9821 -2.142335 357.9023
-492.9821 -8.779887 357.9023
-494.0475 -2.142335 357.9023
-492.9821 -2.142335 357.9023
-494.0475 21.76885 357.9023
-492.9821 21.76885 357.9023
-494.0475 -2.142335 356.8257
-492.9821 -2.142335 356.8257
-494.0475 -8.779887 356.8257
-492.9821 -8.779887 356.8257
</float_array>
          <technique_common>
            <accessor source="#o_b_koyakaidan00_0-lib-Position-array" count="504" stride="3">
              <param name="X" type="float" />
              <param name="Y" type="float" />
              <param name="Z" type="float" />
            </accessor>
          </technique_common>
        </source>
        <source id="o_b_koyakaidan00_0-lib-Normal0">
          <float_array id="o_b_koyakaidan00_0-lib-Normal0-array" count="1512">
1 0 0
-0.000004 0 1
-1 0.000004999999 0
-1 0 0
0 1 0
0 1 0
0 1 0
0 1 0
-1 0 0
-1 -0.000004999999 0
1 0 0
1 0.000018 0
-1 0.000012 0
0.000007999999 0 -1
1 0.000004 0
1 0 0
0 1 0
0 1 0
0 1 0
0 1 0
1 0 0
1 -0.000004 0
-1 -0.000038 0
-1 -0.000037 0
-1 0.000013 0
0.000017 0 -1
1 0.000004 0
1 0 0
0 1 0
0 1 0
0 1 0
0 1 0
1 0 0
1 -0.000004 0
-1 -0.000016 0
-1 -0.000016 0
1 0 0
0.000009999999 0 1
-1 0.000004999999 0
-1 0 0
0 1 0
0 1 0
0 1 0
0 1 0
-1 0 0
-1 -0.000004999999 0
1 0 0
1 0.000007999999 0
1 0 0
0.000027 0 1
-1 0.000006 0
-1 0 0
0 1 0.000001
0 1 0.000001
0 1 0.000001
0 1 0.000001
-1 0 0
-1 -0.000006 0
1 0 0
1 0.000004999999 0
-1 0.000014 0
0.000009 0 -1
1 0.000004 0
1 0 0
0 1 0
0 1 0
0 1 0
0 1 0
1 0 0
1 -0.000004 0
-1 -0.000009999999 0
-1 -0.000009 0
1 0 0
-0.000031 0 1
-1 0.000006 0
-1 0 0
0 1 -0.000001
0 1 -0.000001
0 1 -0.000001
0 1 -0.000001
-1 0 0
-1 -0.000006 0
1 0 0
1 0.000003 0
-1 0.000015 0
0.00002 0 -1
1 0.000004999999 0
1 0 0
0 1 0
0 1 0
0 1 0
0 1 0
1 0 0
1 -0.000004999999 0
-1 -0.000007 0
-1 -0.000007 0
1 0 0
0.000003 0 1
-1 0.000006 0
-1 0 0
0 1 0.000001
0 1 0.000001
0 1 0.000001
0 1 0.000001
-1 0 0
-1 -0.000006 0
1 0 0
1 0.000003 0
-1 0.000015 0
0.000012 0 -1
1 0.000004999999 0
1 0 0
0 1 0
0 1 0
0 1 0
0 1 0
1 0 0
1 -0.000004999999 0
-1 -0.000006 0
-1 -0.000006 0
1 0 0
-0.000018 0 1
-1 0.000007 0
-1 0 0
0 1 -0.000001
0 1 -0.000001
0 1 -0.000001
0 1 -0.000001
-1 0 0
-1 -0.000007 0
1 0 0
1 0.000002 0
-1 0.000017 0
0.000017 0 -1
1 0.000004999999 0
1 0 0
0 1 -0.000001
0 1 -0.000001
0 1 -0.000001
0 1 -0.000001
1 0 0
1 -0.000004999999 0
-1 -0.000004999999 0
-1 -0.000004999999 0
-1 0.000017 0
-0.000006 0 -1
1 0.000004999999 0
1 0 0
0 1 -0.000001
0 1 -0.000001
0 1 -0.000001
0 1 -0.000001
1 0 0
1 -0.000004999999 0
-1 -0.000004999999 0
-1 -0.000004999999 0
1 0 0
-0.000031 0 1
-1 0.000007 0
-1 0 0
0 1 -0.000001
0 1 -0.000001
0 1 -0.000001
0 1 -0.000001
-1 0 0
-1 -0.000007 0
1 0 0
1 0.000002 0
1 -0.000018 0
1 0 0
0 0 1
0 0 1
0.000004 0 1
0.000009999999 0 -1
0 0 -1
0 0 -1
-0.000009999999 0 -1
-1 0.000015 0
-1 0 0
-1 0 0
-1 -0.000015 0
1 -0.000006 0
1 0 0
1 0.000006 0
0.000007 0 1
0.000007 0 1
0.000007 0 1
0.000007 0 1
-0.000024 0 -1
-0.000024 0 -1
-0.000024 0 -1
-0.000024 0 -1
-1 -0.000039 0
-1 -0.000038 0
0 0 -1
0 0 -1
-0.000007999999 0 -1
-0.000017 0 1
0 0 1
0 0 1
0.000017 0 1
1 0.000012 0
1 0 0
1 0 0
1 -0.000012 0
-1 0.000012 0
-1 0.000012 0
-1 0.000012 0
-0.000011 0 -1
0.000002 0 -1
0.000002 0 -1
0.000015 0 -1
0 0 1
0 0 1
0 0 1
0 0 1
-1 -0.000016 0
-1 -0.000016 0
0 0 -1
0 0 -1
-0.000017 0 -1
0.000004999999 0 1
0 0 1
0 0 1
-0.000004999999 0 1
1 0.000004999999 0
1 0 0
1 0 0
1 -0.000004999999 0
-1 0.000013 0
-1 0.000013 0
-1 0.000013 0
0.000032 0 -1
0.000025 0 -1
0.000025 0 -1
0.000018 0 -1
0.000007999999 0 1
0.000007999999 0 1
0.000007999999 0 1
0.000007999999 0 1
1 -0.000007999999 0
1 0 0
0 0 1
0 0 1
-0.000009999999 0 1
0.00003 0 -1
0 0 -1
0 0 -1
-0.00003 0 -1
-1 0.000007 0
-1 0 0
-1 0 0
-1 -0.000007 0
1 -0.000006 0
1 0 0
1 0.000006 0
-0.000014 0 1
-0.000014 0 1
-0.000014 0 1
-0.000014 0 1
-0.000025 0 -1
-0.000025 0 -1
-0.000025 0 -1
-0.000025 0 -1
1 -0.000004999999 0
1 0 0
0 0 1
0 0 1
-0.000027 0 1
0 0 -1
0 0 -1
0 0 -1
0 0 -1
-1 0.000004 0
-1 0 0
-1 0 0
-1 -0.000004 0
1 -0.000007 0
1 0 0
1 0.000007 0
-0.000007999999 0 1
-0.000007999999 0 1
-0.000007999999 0 1
-0.000007999999 0 1
0.000011 0 -1
0.000011 0 -1
0.000011 0 -1
0.000011 0 -1
-1 -0.000009999999 0
-1 -0.000009999999 0
0 0 -1
0 0 -1
-0.000009 0 -1
0.000011 0 1
0 0 1
0 0 1
-0.000011 0 1
1 0.000003 0
1 0 0
1 0 0
1 -0.000003 0
-1 0.000013 0
-1 0.000014 0
-1 0.000014 0
0.000018 0 -1
0 0 -1
0 0 -1
-0.000019 0 -1
-0.000021 0 1
-0.000021 0 1
-0.000021 0 1
-0.000021 0 1
1 -0.000003 0
1 0 0
0 0 1
0 0 1
0.000031 0 1
-0.000009 0 -1
0 0 -1
0 0 -1
0.000009 0 -1
-1 0.000003 0
-1 0 0
-1 0 0
-1 -0.000003 0
1 -0.000007 0
1 0 0
1 0.000007 0
0.000024 0 1
0.000024 0 1
0.000024 0 1
0.000024 0 1
-0.000019 0 -1
-0.000019 0 -1
-0.000019 0 -1
-0.000019 0 -1
-1 -0.000007 0
-1 -0.000007 0
0 0 -1
0 0 -1
-0.00002 0 -1
0.000004 0 1
0 0 1
0 0 1
-0.000004 0 1
1 0.000002 0
1 0 0
1 0 0
1 -0.000002 0
-1 0.000015 0
-1 0.000015 0
-1 0.000016 0
-0.000028 0 -1
-0.000001 0 -1
-0.000001 0 -1
0.000027 0 -1
-0.000009 0 1
-0.000009 0 1
-0.000009 0 1
-0.000009 0 1
1 -0.000003 0
1 0 0
0 0 1
0 0 1
-0.000003 0 1
-0.000013 0 -1
0 0 -1
0 0 -1
0.000013 0 -1
-1 0.000002 0
-1 0 0
-1 0 0
-1 -0.000002 0
1 -0.000007 0
1 0 0
1 0.000007 0
-0.000004 0 1
-0.000004 0 1
-0.000004 0 1
-0.000004 0 1
0.000007 0 -1
0.000007 0 -1
0.000007 0 -1
0.000007 0 -1
-1 -0.000006 0
-1 -0.000006 0
0 0 -1
0 0 -1
-0.000012 0 -1
-0.000002 0 1
0 0 1
0 0 1
0.000002 0 1
1 0.000002 0
1 0 0
1 0 0
1 -0.000002 0
-1 0.000015 0
-1 0.000015 0
-1 0.000016 0
0.000001 0 -1
0.000004999999 0 -1
0.000004999999 0 -1
0.000009 0 -1
0.000027 0 1
0.000027 0 1
0.000027 0 1
0.000027 0 1
1 -0.000002 0
1 0 0
0 0 1
0 0 1
0.000018 0 1
0.000028 0 -1
0 0 -1
0 0 -1
-0.000028 0 -1
-1 0.000002 0
-1 0 0
-1 0 0
-1 -0.000002 0
1 -0.000007999999 0
1 0 0
1 0.000007999999 0
0.000017 0 1
0.000017 0 1
0.000017 0 1
0.000017 0 1
0.000014 0 -1
0.000014 0 -1
0.000014 0 -1
0.000014 0 -1
-1 -0.000004999999 0
-1 -0.000004999999 0
0 0 -1
0 0 -1
-0.000017 0 -1
-0.00002 0 1
0 0 1
0 0 1
0.00002 0 1
1 0.000002 0
1 0 0
1 0 0
1 -0.000002 0
-1 0.000017 0
-1 0.000017 0
-1 0.000017 0
0.000021 0 -1
-0.000006 0 -1
-0.000006 0 -1
-0.000033 0 -1
0.000029 0 1
0.000029 0 1
0.000029 0 1
0.000029 0 1
-1 -0.000004999999 0
-1 -0.000004999999 0
0 0 -1
0 0 -1
0.000006 0 -1
0.000012 0 1
0 0 1
0 0 1
-0.000012 0 1
1 0.000002 0
1 0 0
1 0 0
1 -0.000002 0
-1 0.000017 0
-1 0.000017 0
-1 0.000017 0
-0.000031 0 -1
-0.000009999999 0 -1
-0.000009999999 0 -1
0.000012 0 -1
-0.000013 0 1
-0.000013 0 1
-0.000013 0 1
-0.000013 0 1
1 -0.000002 0
1 0 0
0 0 1
0 0 1
0.000031 0 1
0.000021 0 -1
0 0 -1
0 0 -1
-0.000021 0 -1
-1 0.000002 0
-1 0 0
-1 0 0
-1 -0.000002 0
1 -0.000007999999 0
1 0 0
1 0.000007999999 0
0.000024 0 1
0.000024 0 1
0.000024 0 1
0.000024 0 1
0.000027 0 -1
0.000027 0 -1
0.000027 0 -1
0.000027 0 -1
</float_array>
          <technique_common>
            <accessor source="#o_b_koyakaidan00_0-lib-Normal0-array" count="504" stride="3">
              <param name="X" type="float" />
              <param name="Y" type="float" />
              <param name="Z" type="float" />
            </accessor>
          </technique_common>
        </source>
        <source id="o_b_koyakaidan00_0-lib-UV0">
          <float_array id="o_b_koyakaidan00_0-lib-UV0-array" count="1008">
0.876876 1.005154
0.818038 1.005154
0.693661 1.005154
0.7562621 1.005154
0.886021 1.022453
0.9936399 1.022453
0.886021 1.130072
0.9936399 1.130072
0.693661 1.347762
0.7562621 1.347762
0.876877 1.347762
0.8180369 1.347762
0.876876 1.005154
0.818038 1.005154
0.693661 1.005154
0.7562621 1.005154
0.886021 1.022453
0.9936399 1.022453
0.886021 1.130072
0.9936399 1.130072
0.693661 1.347762
0.7562621 1.347762
0.876877 1.347762
0.8180369 1.347762
0.876876 1.005154
0.818038 1.005154
0.693661 1.005154
0.7562621 1.005154
0.886021 1.022453
0.9936399 1.022453
0.886021 1.130072
0.9936399 1.130072
0.693661 1.347762
0.7562621 1.347762
0.876877 1.347762
0.8180369 1.347762
0.876876 1.005154
0.818038 1.005154
0.693661 1.005154
0.7562621 1.005154
0.886021 1.022453
0.9936399 1.022453
0.886021 1.130072
0.9936399 1.130072
0.693661 1.347762
0.7562621 1.347762
0.876877 1.347762
0.8180369 1.347762
0.876876 1.005154
0.818038 1.005154
0.693661 1.005154
0.7562621 1.005154
0.886021 1.022453
0.9936399 1.022453
0.886021 1.130072
0.9936399 1.130072
0.693661 1.347762
0.7562621 1.347762
0.876877 1.347762
0.8180369 1.347762
0.876876 1.005154
0.818038 1.005154
0.693661 1.005154
0.7562621 1.005154
0.886021 1.022453
0.9936399 1.022453
0.886021 1.130072
0.9936399 1.130072
0.693661 1.347762
0.7562621 1.347762
0.876877 1.347762
0.8180369 1.347762
0.876876 1.005154
0.818038 1.005154
0.693661 1.005154
0.7562621 1.005154
0.886021 1.022453
0.9936399 1.022453
0.886021 1.130072
0.9936399 1.130072
0.693661 1.347762
0.7562621 1.347762
0.876877 1.347762
0.8180369 1.347762
0.876876 1.005154
0.818038 1.005154
0.693661 1.005154
0.7562621 1.005154
0.886021 1.022453
0.9936399 1.022453
0.886021 1.130072
0.9936399 1.130072
0.693661 1.347762
0.7562621 1.347762
0.876877 1.347762
0.8180369 1.347762
0.876876 1.005154
0.818038 1.005154
0.693661 1.005154
0.7562621 1.005154
0.886021 1.022453
0.9936399 1.022453
0.886021 1.130072
0.9936399 1.130072
0.693661 1.347762
0.7562621 1.347762
0.876877 1.347762
0.8180369 1.347762
0.876876 1.005154
0.818038 1.005154
0.693661 1.005154
0.7562621 1.005154
0.886021 1.022453
0.9936399 1.022453
0.886021 1.130072
0.9936399 1.130072
0.693661 1.347762
0.7562621 1.347762
0.876877 1.347762
0.8180369 1.347762
0.876876 1.005154
0.818038 1.005154
0.693661 1.005154
0.7562621 1.005154
0.886021 1.022453
0.9936399 1.022453
0.886021 1.130072
0.9936399 1.130072
0.693661 1.347762
0.7562621 1.347762
0.876877 1.347762
0.8180369 1.347762
0.876876 1.005154
0.818038 1.005154
0.693661 1.005154
0.7562621 1.005154
0.886021 1.022453
0.9936399 1.022453
0.886021 1.130072
0.9936399 1.130072
0.693661 1.347762
0.7562621 1.347762
0.876877 1.347762
0.8180369 1.347762
0.876876 1.005154
0.818038 1.005154
0.693661 1.005154
0.7562621 1.005154
0.886021 1.022453
0.9936399 1.022453
0.886021 1.130072
0.9936399 1.130072
0.693661 1.347762
0.7562621 1.347762
0.876877 1.347762
0.8180369 1.347762
0.876876 1.005154
0.818038 1.005154
0.693661 1.005154
0.7562621 1.005154
0.886021 1.022453
0.9936399 1.022453
0.886021 1.130072
0.9936399 1.130072
0.693661 1.347762
0.7562621 1.347762
0.876877 1.347762
0.8180369 1.347762
0.876876 1.997423
0.818038 1.997423
0.8180369 1.347762
0.7562621 1.005154
0.7562621 1.347762
0.633684 1.997423
0.633685 1.347762
0.693661 1.997423
0.693661 1.347762
0.693661 1.347762
0.7562621 1.347762
0.693661 1.997423
0.7562621 1.997423
0.876877 1.347762
0.8180369 1.347762
0.818038 1.005154
0.7562621 1.347762
0.8180369 1.347762
0.7562621 1.997423
0.818038 1.997423
0.693661 1.347762
0.633685 1.347762
0.693661 1.005154
0.633684 1.005154
0.876876 1.997423
0.818038 1.997423
0.8180369 1.347762
0.7562621 1.005154
0.7562621 1.347762
0.633684 1.997423
0.633685 1.347762
0.693661 1.997423
0.693661 1.347762
0.693661 1.347762
0.7562621 1.347762
0.693661 1.997423
0.7562621 1.997423
0.876877 1.347762
0.8180369 1.347762
0.818038 1.005154
0.8180369 1.347762
0.818038 1.997423
0.7562621 1.347762
0.7562621 1.997423
0.693661 1.347762
0.633685 1.347762
0.693661 1.005154
0.633684 1.005154
0.876876 1.997423
0.818038 1.997423
0.8180369 1.347762
0.7562621 1.005154
0.7562621 1.347762
0.633684 1.997423
0.633685 1.347762
0.693661 1.997423
0.693661 1.347762
0.693661 1.347762
0.7562621 1.347762
0.693661 1.997423
0.7562621 1.997423
0.876877 1.347762
0.8180369 1.347762
0.818038 1.005154
0.8180369 1.347762
0.818038 1.997423
0.7562621 1.347762
0.7562621 1.997423
0.693661 1.347762
0.633685 1.347762
0.693661 1.005154
0.633684 1.005154
0.876876 1.997423
0.818038 1.997423
0.8180369 1.347762
0.7562621 1.005154
0.7562621 1.347762
0.633684 1.997423
0.633685 1.347762
0.693661 1.997423
0.693661 1.347762
0.693661 1.347762
0.7562621 1.347762
0.693661 1.997423
0.7562621 1.997423
0.876877 1.347762
0.8180369 1.347762
0.818038 1.005154
0.7562621 1.347762
0.8180369 1.347762
0.7562621 1.997423
0.818038 1.997423
0.693661 1.347762
0.633685 1.347762
0.693661 1.005154
0.633684 1.005154
0.876876 1.997423
0.818038 1.997423
0.8180369 1.347762
0.7562621 1.005154
0.7562621 1.347762
0.633684 1.997423
0.633685 1.347762
0.693661 1.997423
0.693661 1.347762
0.693661 1.347762
0.7562621 1.347762
0.693661 1.997423
0.7562621 1.997423
0.876877 1.347762
0.8180369 1.347762
0.818038 1.005154
0.7562621 1.347762
0.8180369 1.347762
0.7562621 1.997423
0.818038 1.997423
0.693661 1.347762
0.633685 1.347762
0.693661 1.005154
0.633684 1.005154
0.876876 1.997423
0.818038 1.997423
0.8180369 1.347762
0.7562621 1.005154
0.7562621 1.347762
0.633684 1.997423
0.633685 1.347762
0.693661 1.997423
0.693661 1.347762
0.693661 1.347762
0.7562621 1.347762
0.693661 1.997423
0.7562621 1.997423
0.876877 1.347762
0.8180369 1.347762
0.818038 1.005154
0.8180369 1.347762
0.818038 1.997423
0.7562621 1.347762
0.7562621 1.997423
0.693661 1.347762
0.633685 1.347762
0.693661 1.005154
0.633684 1.005154
0.876876 1.997423
0.818038 1.997423
0.8180369 1.347762
0.7562621 1.005154
0.7562621 1.347762
0.633684 1.997423
0.633685 1.347762
0.693661 1.997423
0.693661 1.347762
0.693661 1.347762
0.7562621 1.347762
0.693661 1.997423
0.7562621 1.997423
0.876877 1.347762
0.8180369 1.347762
0.818038 1.005154
0.7562621 1.347762
0.8180369 1.347762
0.7562621 1.997423
0.818038 1.997423
0.693661 1.347762
0.633685 1.347762
0.693661 1.005154
0.633684 1.005154
0.876876 1.997423
0.818038 1.997423
0.8180369 1.347762
0.7562621 1.005154
0.7562621 1.347762
0.633684 1.997423
0.633685 1.347762
0.693661 1.997423
0.693661 1.347762
0.693661 1.347762
0.7562621 1.347762
0.693661 1.997423
0.7562621 1.997423
0.876877 1.347762
0.8180369 1.347762
0.818038 1.005154
0.8180369 1.347762
0.818038 1.997423
0.7562621 1.347762
0.7562621 1.997423
0.693661 1.347762
0.633685 1.347762
0.693661 1.005154
0.633684 1.005154
0.876876 1.997423
0.818038 1.997423
0.8180369 1.347762
0.7562621 1.005154
0.7562621 1.347762
0.633684 1.997423
0.633685 1.347762
0.693661 1.997423
0.693661 1.347762
0.693661 1.347762
0.7562621 1.347762
0.693661 1.997423
0.7562621 1.997423
0.876877 1.347762
0.8180369 1.347762
0.818038 1.005154
0.7562621 1.347762
0.8180369 1.347762
0.7562621 1.997423
0.818038 1.997423
0.693661 1.347762
0.633685 1.347762
0.693661 1.005154
0.633684 1.005154
0.876876 1.997423
0.818038 1.997423
0.8180369 1.347762
0.7562621 1.005154
0.7562621 1.347762
0.633684 1.997423
0.633685 1.347762
0.693661 1.997423
0.693661 1.347762
0.693661 1.347762
0.7562621 1.347762
0.693661 1.997423
0.7562621 1.997423
0.876877 1.347762
0.8180369 1.347762
0.818038 1.005154
0.8180369 1.347762
0.818038 1.997423
0.7562621 1.347762
0.7562621 1.997423
0.693661 1.347762
0.633685 1.347762
0.693661 1.005154
0.633684 1.005154
0.876876 1.997423
0.818038 1.997423
0.8180369 1.347762
0.7562621 1.005154
0.7562621 1.347762
0.633684 1.997423
0.633685 1.347762
0.693661 1.997423
0.693661 1.347762
0.693661 1.347762
0.7562621 1.347762
0.693661 1.997423
0.7562621 1.997423
0.876877 1.347762
0.8180369 1.347762
0.818038 1.005154
0.7562621 1.347762
0.8180369 1.347762
0.7562621 1.997423
0.818038 1.997423
0.693661 1.347762
0.633685 1.347762
0.693661 1.005154
0.633684 1.005154
0.876876 1.997423
0.818038 1.997423
0.8180369 1.347762
0.7562621 1.005154
0.7562621 1.347762
0.633684 1.997423
0.633685 1.347762
0.693661 1.997423
0.693661 1.347762
0.693661 1.347762
0.7562621 1.347762
0.693661 1.997423
0.7562621 1.997423
0.876877 1.347762
0.8180369 1.347762
0.818038 1.005154
0.8180369 1.347762
0.818038 1.997423
0.7562621 1.347762
0.7562621 1.997423
0.693661 1.347762
0.633685 1.347762
0.693661 1.005154
0.633684 1.005154
0.876876 1.997423
0.818038 1.997423
0.8180369 1.347762
0.7562621 1.005154
0.7562621 1.347762
0.633684 1.997423
0.633685 1.347762
0.693661 1.997423
0.693661 1.347762
0.693661 1.347762
0.7562621 1.347762
0.693661 1.997423
0.7562621 1.997423
0.876877 1.347762
0.8180369 1.347762
0.818038 1.005154
0.8180369 1.347762
0.818038 1.997423
0.7562621 1.347762
0.7562621 1.997423
0.693661 1.347762
0.633685 1.347762
0.693661 1.005154
0.633684 1.005154
0.876876 1.997423
0.818038 1.997423
0.8180369 1.347762
0.7562621 1.005154
0.7562621 1.347762
0.633684 1.997423
0.633685 1.347762
0.693661 1.997423
0.693661 1.347762
0.693661 1.347762
0.7562621 1.347762
0.693661 1.997423
0.7562621 1.997423
0.876877 1.347762
0.8180369 1.347762
0.818038 1.005154
0.7562621 1.347762
0.8180369 1.347762
0.7562621 1.997423
0.818038 1.997423
0.693661 1.347762
0.633685 1.347762
0.693661 1.005154
0.633684 1.005154
</float_array>
          <technique_common>
            <accessor source="#o_b_koyakaidan00_0-lib-UV0-array" count="504" stride="2">
              <param name="S" type="float" />
              <param name="T" type="float" />
            </accessor>
          </technique_common>
        </source>
        <vertices id="o_b_koyakaidan00_0-lib-Vertex">
          <input semantic="POSITION" source="#o_b_koyakaidan00_0-lib-Position" />
        </vertices>
        <polygons material="m_b_koyaashi" count="252">
          <input semantic="VERTEX" offset="0" source="#o_b_koyakaidan00_0-lib-Vertex" />
          <input semantic="NORMAL" offset="1" source="#o_b_koyakaidan00_0-lib-Normal0" />
          <input semantic="TEXCOORD" offset="2" set="0" source="#o_b_koyakaidan00_0-lib-UV0" />
          <p>2 2 2 3 3 3 8 8 8</p>
          <p>3 3 3 9 9 9 8 8 8</p>
          <p>4 4 4 5 5 5 6 6 6</p>
          <p>5 5 5 7 7 7 6 6 6</p>
          <p>168 168 168 169 169 169 10 10 10</p>
          <p>169 169 169 11 11 11 10 10 10</p>
          <p>1 1 1 170 170 170 171 171 171</p>
          <p>170 170 170 172 172 172 171 171 171</p>
          <p>173 173 173 174 174 174 175 175 175</p>
          <p>174 174 174 176 176 176 175 175 175</p>
          <p>177 177 177 178 178 178 179 179 179</p>
          <p>178 178 178 180 180 180 179 179 179</p>
          <p>181 181 181 182 182 182 0 0 0</p>
          <p>182 182 182 183 183 183 0 0 0</p>
          <p>184 184 184 185 185 185 186 186 186</p>
          <p>185 185 185 187 187 187 186 186 186</p>
          <p>188 188 188 189 189 189 190 190 190</p>
          <p>189 189 189 191 191 191 190 190 190</p>
          <p>14 14 14 15 15 15 20 20 20</p>
          <p>15 15 15 21 21 21 20 20 20</p>
          <p>16 16 16 17 17 17 18 18 18</p>
          <p>17 17 17 19 19 19 18 18 18</p>
          <p>192 192 192 193 193 193 22 22 22</p>
          <p>193 193 193 23 23 23 22 22 22</p>
          <p>13 13 13 194 194 194 195 195 195</p>
          <p>194 194 194 196 196 196 195 195 195</p>
          <p>197 197 197 198 198 198 199 199 199</p>
          <p>198 198 198 200 200 200 199 199 199</p>
          <p>201 201 201 202 202 202 203 203 203</p>
          <p>202 202 202 204 204 204 203 203 203</p>
          <p>205 205 205 206 206 206 12 12 12</p>
          <p>206 206 206 207 207 207 12 12 12</p>
          <p>208 208 208 209 209 209 210 210 210</p>
          <p>210 210 210 209 209 209 211 211 211</p>
          <p>212 212 212 213 213 213 214 214 214</p>
          <p>213 213 213 215 215 215 214 214 214</p>
          <p>26 26 26 27 27 27 32 32 32</p>
          <p>27 27 27 33 33 33 32 32 32</p>
          <p>28 28 28 29 29 29 30 30 30</p>
          <p>29 29 29 31 31 31 30 30 30</p>
          <p>216 216 216 217 217 217 34 34 34</p>
          <p>217 217 217 35 35 35 34 34 34</p>
          <p>25 25 25 218 218 218 219 219 219</p>
          <p>218 218 218 220 220 220 219 219 219</p>
          <p>221 221 221 222 222 222 223 223 223</p>
          <p>222 222 222 224 224 224 223 223 223</p>
          <p>225 225 225 226 226 226 227 227 227</p>
          <p>226 226 226 228 228 228 227 227 227</p>
          <p>229 229 229 230 230 230 24 24 24</p>
          <p>230 230 230 231 231 231 24 24 24</p>
          <p>232 232 232 233 233 233 234 234 234</p>
          <p>234 234 234 233 233 233 235 235 235</p>
          <p>236 236 236 237 237 237 238 238 238</p>
          <p>237 237 237 239 239 239 238 238 238</p>
          <p>38 38 38 39 39 39 44 44 44</p>
          <p>39 39 39 45 45 45 44 44 44</p>
          <p>40 40 40 41 41 41 42 42 42</p>
          <p>41 41 41 43 43 43 42 42 42</p>
          <p>240 240 240 241 241 241 46 46 46</p>
          <p>241 241 241 47 47 47 46 46 46</p>
          <p>37 37 37 242 242 242 243 243 243</p>
          <p>242 242 242 244 244 244 243 243 243</p>
          <p>245 245 245 246 246 246 247 247 247</p>
          <p>246 246 246 248 248 248 247 247 247</p>
          <p>249 249 249 250 250 250 251 251 251</p>
          <p>250 250 250 252 252 252 251 251 251</p>
          <p>253 253 253 254 254 254 36 36 36</p>
          <p>254 254 254 255 255 255 36 36 36</p>
          <p>256 256 256 257 257 257 258 258 258</p>
          <p>257 257 257 259 259 259 258 258 258</p>
          <p>260 260 260 261 261 261 262 262 262</p>
          <p>261 261 261 263 263 263 262 262 262</p>
          <p>50 50 50 51 51 51 56 56 56</p>
          <p>51 51 51 57 57 57 56 56 56</p>
          <p>52 52 52 53 53 53 54 54 54</p>
          <p>53 53 53 55 55 55 54 54 54</p>
          <p>264 264 264 265 265 265 58 58 58</p>
          <p>265 265 265 59 59 59 58 58 58</p>
          <p>49 49 49 266 266 266 267 267 267</p>
          <p>266 266 266 268 268 268 267 267 267</p>
          <p>269 269 269 270 270 270 271 271 271</p>
          <p>270 270 270 272 272 272 271 271 271</p>
          <p>273 273 273 274 274 274 275 275 275</p>
          <p>274 274 274 276 276 276 275 275 275</p>
          <p>277 277 277 278 278 278 48 48 48</p>
          <p>278 278 278 279 279 279 48 48 48</p>
          <p>280 280 280 281 281 281 282 282 282</p>
          <p>281 281 281 283 283 283 282 282 282</p>
          <p>284 284 284 285 285 285 286 286 286</p>
          <p>285 285 285 287 287 287 286 286 286</p>
          <p>62 62 62 63 63 63 68 68 68</p>
          <p>63 63 63 69 69 69 68 68 68</p>
          <p>64 64 64 65 65 65 66 66 66</p>
          <p>65 65 65 67 67 67 66 66 66</p>
          <p>288 288 288 289 289 289 70 70 70</p>
          <p>289 289 289 71 71 71 70 70 70</p>
          <p>61 61 61 290 290 290 291 291 291</p>
          <p>290 290 290 292 292 292 291 291 291</p>
          <p>293 293 293 294 294 294 295 295 295</p>
          <p>294 294 294 296 296 296 295 295 295</p>
          <p>297 297 297 298 298 298 299 299 299</p>
          <p>298 298 298 300 300 300 299 299 299</p>
          <p>301 301 301 302 302 302 60 60 60</p>
          <p>302 302 302 303 303 303 60 60 60</p>
          <p>304 304 304 305 305 305 306 306 306</p>
          <p>306 306 306 305 305 305 307 307 307</p>
          <p>308 308 308 309 309 309 310 310 310</p>
          <p>309 309 309 311 311 311 310 310 310</p>
          <p>74 74 74 75 75 75 80 80 80</p>
          <p>75 75 75 81 81 81 80 80 80</p>
          <p>76 76 76 77 77 77 78 78 78</p>
          <p>77 77 77 79 79 79 78 78 78</p>
          <p>312 312 312 313 313 313 82 82 82</p>
          <p>313 313 313 83 83 83 82 82 82</p>
          <p>73 73 73 314 314 314 315 315 315</p>
          <p>314 314 314 316 316 316 315 315 315</p>
          <p>317 317 317 318 318 318 319 319 319</p>
          <p>318 318 318 320 320 320 319 319 319</p>
          <p>321 321 321 322 322 322 323 323 323</p>
          <p>322 322 322 324 324 324 323 323 323</p>
          <p>325 325 325 326 326 326 72 72 72</p>
          <p>326 326 326 327 327 327 72 72 72</p>
          <p>328 328 328 329 329 329 330 330 330</p>
          <p>329 329 329 331 331 331 330 330 330</p>
          <p>332 332 332 333 333 333 334 334 334</p>
          <p>333 333 333 335 335 335 334 334 334</p>
          <p>86 86 86 87 87 87 92 92 92</p>
          <p>87 87 87 93 93 93 92 92 92</p>
          <p>88 88 88 89 89 89 90 90 90</p>
          <p>89 89 89 91 91 91 90 90 90</p>
          <p>336 336 336 337 337 337 94 94 94</p>
          <p>337 337 337 95 95 95 94 94 94</p>
          <p>85 85 85 338 338 338 339 339 339</p>
          <p>338 338 338 340 340 340 339 339 339</p>
          <p>341 341 341 342 342 342 343 343 343</p>
          <p>342 342 342 344 344 344 343 343 343</p>
          <p>345 345 345 346 346 346 347 347 347</p>
          <p>346 346 346 348 348 348 347 347 347</p>
          <p>349 349 349 350 350 350 84 84 84</p>
          <p>350 350 350 351 351 351 84 84 84</p>
          <p>352 352 352 353 353 353 354 354 354</p>
          <p>354 354 354 353 353 353 355 355 355</p>
          <p>356 356 356 357 357 357 358 358 358</p>
          <p>357 357 357 359 359 359 358 358 358</p>
          <p>98 98 98 99 99 99 104 104 104</p>
          <p>99 99 99 105 105 105 104 104 104</p>
          <p>100 100 100 101 101 101 102 102 102</p>
          <p>101 101 101 103 103 103 102 102 102</p>
          <p>360 360 360 361 361 361 106 106 106</p>
          <p>361 361 361 107 107 107 106 106 106</p>
          <p>97 97 97 362 362 362 363 363 363</p>
          <p>362 362 362 364 364 364 363 363 363</p>
          <p>365 365 365 366 366 366 367 367 367</p>
          <p>366 366 366 368 368 368 367 367 367</p>
          <p>369 369 369 370 370 370 371 371 371</p>
          <p>370 370 370 372 372 372 371 371 371</p>
          <p>373 373 373 374 374 374 96 96 96</p>
          <p>374 374 374 375 375 375 96 96 96</p>
          <p>376 376 376 377 377 377 378 378 378</p>
          <p>377 377 377 379 379 379 378 378 378</p>
          <p>380 380 380 381 381 381 382 382 382</p>
          <p>381 381 381 383 383 383 382 382 382</p>
          <p>110 110 110 111 111 111 116 116 116</p>
          <p>111 111 111 117 117 117 116 116 116</p>
          <p>112 112 112 113 113 113 114 114 114</p>
          <p>113 113 113 115 115 115 114 114 114</p>
          <p>384 384 384 385 385 385 118 118 118</p>
          <p>385 385 385 119 119 119 118 118 118</p>
          <p>109 109 109 386 386 386 387 387 387</p>
          <p>386 386 386 388 388 388 387 387 387</p>
          <p>389 389 389 390 390 390 391 391 391</p>
          <p>390 390 390 392 392 392 391 391 391</p>
          <p>393 393 393 394 394 394 395 395 395</p>
          <p>394 394 394 396 396 396 395 395 395</p>
          <p>397 397 397 398 398 398 108 108 108</p>
          <p>398 398 398 399 399 399 108 108 108</p>
          <p>400 400 400 401 401 401 402 402 402</p>
          <p>402 402 402 401 401 401 403 403 403</p>
          <p>404 404 404 405 405 405 406 406 406</p>
          <p>405 405 405 407 407 407 406 406 406</p>
          <p>122 122 122 123 123 123 128 128 128</p>
          <p>123 123 123 129 129 129 128 128 128</p>
          <p>124 124 124 125 125 125 126 126 126</p>
          <p>125 125 125 127 127 127 126 126 126</p>
          <p>408 408 408 409 409 409 130 130 130</p>
          <p>409 409 409 131 131 131 130 130 130</p>
          <p>121 121 121 410 410 410 411 411 411</p>
          <p>410 410 410 412 412 412 411 411 411</p>
          <p>413 413 413 414 414 414 415 415 415</p>
          <p>414 414 414 416 416 416 415 415 415</p>
          <p>417 417 417 418 418 418 419 419 419</p>
          <p>418 418 418 420 420 420 419 419 419</p>
          <p>421 421 421 422 422 422 120 120 120</p>
          <p>422 422 422 423 423 423 120 120 120</p>
          <p>424 424 424 425 425 425 426 426 426</p>
          <p>425 425 425 427 427 427 426 426 426</p>
          <p>428 428 428 429 429 429 430 430 430</p>
          <p>429 429 429 431 431 431 430 430 430</p>
          <p>134 134 134 135 135 135 140 140 140</p>
          <p>135 135 135 141 141 141 140 140 140</p>
          <p>136 136 136 137 137 137 138 138 138</p>
          <p>137 137 137 139 139 139 138 138 138</p>
          <p>432 432 432 433 433 433 142 142 142</p>
          <p>433 433 433 143 143 143 142 142 142</p>
          <p>133 133 133 434 434 434 435 435 435</p>
          <p>434 434 434 436 436 436 435 435 435</p>
          <p>437 437 437 438 438 438 439 439 439</p>
          <p>438 438 438 440 440 440 439 439 439</p>
          <p>441 441 441 442 442 442 443 443 443</p>
          <p>442 442 442 444 444 444 443 443 443</p>
          <p>445 445 445 446 446 446 132 132 132</p>
          <p>446 446 446 447 447 447 132 132 132</p>
          <p>448 448 448 449 449 449 450 450 450</p>
          <p>450 450 450 449 449 449 451 451 451</p>
          <p>452 452 452 453 453 453 454 454 454</p>
          <p>453 453 453 455 455 455 454 454 454</p>
          <p>146 146 146 147 147 147 152 152 152</p>
          <p>147 147 147 153 153 153 152 152 152</p>
          <p>148 148 148 149 149 149 150 150 150</p>
          <p>149 149 149 151 151 151 150 150 150</p>
          <p>456 456 456 457 457 457 154 154 154</p>
          <p>457 457 457 155 155 155 154 154 154</p>
          <p>145 145 145 458 458 458 459 459 459</p>
          <p>458 458 458 460 460 460 459 459 459</p>
          <p>461 461 461 462 462 462 463 463 463</p>
          <p>462 462 462 464 464 464 463 463 463</p>
          <p>465 465 465 466 466 466 467 467 467</p>
          <p>466 466 466 468 468 468 467 467 467</p>
          <p>469 469 469 470 470 470 144 144 144</p>
          <p>470 470 470 471 471 471 144 144 144</p>
          <p>472 472 472 473 473 473 474 474 474</p>
          <p>474 474 474 473 473 473 475 475 475</p>
          <p>476 476 476 477 477 477 478 478 478</p>
          <p>477 477 477 479 479 479 478 478 478</p>
          <p>158 158 158 159 159 159 164 164 164</p>
          <p>159 159 159 165 165 165 164 164 164</p>
          <p>160 160 160 161 161 161 162 162 162</p>
          <p>161 161 161 163 163 163 162 162 162</p>
          <p>480 480 480 481 481 481 166 166 166</p>
          <p>481 481 481 167 167 167 166 166 166</p>
          <p>157 157 157 482 482 482 483 483 483</p>
          <p>482 482 482 484 484 484 483 483 483</p>
          <p>485 485 485 486 486 486 487 487 487</p>
          <p>486 486 486 488 488 488 487 487 487</p>
          <p>489 489 489 490 490 490 491 491 491</p>
          <p>490 490 490 492 492 492 491 491 491</p>
          <p>493 493 493 494 494 494 156 156 156</p>
          <p>494 494 494 495 495 495 156 156 156</p>
          <p>496 496 496 497 497 497 498 498 498</p>
          <p>497 497 497 499 499 499 498 498 498</p>
          <p>500 500 500 501 501 501 502 502 502</p>
          <p>501 501 501 503 503 503 502 502 502</p>
        </polygons>
      </mesh>
    </geometry>
    <geometry id="o_b_koyakaidan00_1-lib" name="o_b_koyakaidan00_1Mesh">
      <mesh>
        <source id="o_b_koyakaidan00_1-lib-Position">
          <float_array id="o_b_koyakaidan00_1-lib-Position-array" count="432">
-479.62 2.77263 337.5811
-479.62 2.77263 331.4409
-479.62 3.263808 337.5811
-479.62 3.263808 331.4409
-494.5196 3.263808 337.5811
-494.5196 3.263808 331.4409
-494.5196 2.77263 337.5811
-494.5196 2.77263 331.4409
-479.62 6.344536 341.5385
-479.62 6.344536 335.9089
-479.62 6.835713 341.5385
-479.62 6.835713 335.9089
-494.5196 6.835713 341.5385
-494.5196 6.835713 335.9089
-494.5196 6.344536 341.5385
-494.5196 6.344536 335.9089
-479.62 10.62691 345.6338
-479.62 10.62691 339.9413
-479.62 11.11808 345.6338
-479.62 11.11808 339.9413
-494.5196 11.11808 345.6338
-494.5196 11.11808 339.9413
-494.5196 10.62691 345.6338
-494.5196 10.62691 339.9413
-479.62 17.55898 354.4811
-479.62 17.55898 347.9095
-479.62 18.05015 354.4811
-479.62 18.05015 347.9095
-494.5196 18.05015 354.4811
-494.5196 18.05015 347.9095
-494.5196 17.55898 354.4811
-494.5196 17.55898 347.9095
-479.62 14.04485 349.5517
-479.62 14.04485 344.0418
-479.62 14.53603 349.5517
-479.62 14.53603 344.0418
-494.5196 14.53603 349.5517
-494.5196 14.53603 344.0418
-494.5196 14.04485 349.5517
-494.5196 14.04485 344.0418
-479.62 21.09428 358.0838
-479.62 21.09428 352.7713
-479.62 21.58546 358.0838
-479.62 21.58546 352.7713
-494.5196 21.58546 358.0838
-494.5196 21.58546 352.7713
-494.5196 21.09428 358.0838
-494.5196 21.09428 352.7713
-479.62 3.263808 337.5811
-479.62 3.263808 331.4409
-494.5196 3.263808 337.5811
-494.5196 3.263808 331.4409
-494.5196 2.77263 337.5811
-494.5196 2.77263 331.4409
-479.62 2.77263 337.5811
-479.62 2.77263 331.4409
-479.62 2.77263 331.4409
-494.5196 2.77263 331.4409
-479.62 3.263808 331.4409
-494.5196 3.263808 331.4409
-494.5196 2.77263 337.5811
-479.62 2.77263 337.5811
-494.5196 3.263808 337.5811
-479.62 3.263808 337.5811
-479.62 6.835713 341.5385
-479.62 6.835713 335.9089
-494.5196 6.835713 341.5385
-494.5196 6.835713 335.9089
-494.5196 6.344536 341.5385
-494.5196 6.344536 335.9089
-479.62 6.344536 341.5385
-479.62 6.344536 335.9089
-479.62 6.344536 335.9089
-494.5196 6.344536 335.9089
-479.62 6.835713 335.9089
-494.5196 6.835713 335.9089
-494.5196 6.344536 341.5385
-479.62 6.344536 341.5385
-494.5196 6.835713 341.5385
-479.62 6.835713 341.5385
-479.62 11.11808 345.6338
-479.62 11.11808 339.9413
-494.5196 11.11808 345.6338
-494.5196 11.11808 339.9413
-494.5196 10.62691 345.6338
-494.5196 10.62691 339.9413
-479.62 10.62691 345.6338
-479.62 10.62691 339.9413
-479.62 10.62691 339.9413
-494.5196 10.62691 339.9413
-479.62 11.11808 339.9413
-494.5196 11.11808 339.9413
-494.5196 10.62691 345.6338
-479.62 10.62691 345.6338
-494.5196 11.11808 345.6338
-479.62 11.11808 345.6338
-479.62 18.05015 354.4811
-479.62 18.05015 347.9095
-494.5196 18.05015 354.4811
-494.5196 18.05015 347.9095
-494.5196 17.55898 354.4811
-494.5196 17.55898 347.9095
-479.62 17.55898 354.4811
-479.62 17.55898 347.9095
-479.62 17.55898 347.9095
-494.5196 17.55898 347.9095
-479.62 18.05015 347.9095
-494.5196 18.05015 347.9095
-494.5196 17.55898 354.4811
-479.62 17.55898 354.4811
-494.5196 18.05015 354.4811
-479.62 18.05015 354.4811
-479.62 14.53603 349.5517
-479.62 14.53603 344.0418
-494.5196 14.53603 349.5517
-494.5196 14.53603 344.0418
-494.5196 14.04485 349.5517
-494.5196 14.04485 344.0418
-479.62 14.04485 349.5517
-479.62 14.04485 344.0418
-479.62 14.04485 344.0418
-494.5196 14.04485 344.0418
-479.62 14.53603 344.0418
-494.5196 14.53603 344.0418
-494.5196 14.04485 349.5517
-479.62 14.04485 349.5517
-494.5196 14.53603 349.5517
-479.62 14.53603 349.5517
-479.62 21.58546 358.0838
-479.62 21.58546 352.7713
-494.5196 21.58546 358.0838
-494.5196 21.58546 352.7713
-494.5196 21.09428 358.0838
-494.5196 21.09428 352.7713
-479.62 21.09428 358.0838
-479.62 21.09428 352.7713
-479.62 21.09428 352.7713
-494.5196 21.09428 352.7713
-479.62 21.58546 352.7713
-494.5196 21.58546 352.7713
-494.5196 21.09428 358.0838
-479.62 21.09428 358.0838
-494.5196 21.58546 358.0838
-479.62 21.58546 358.0838
</float_array>
          <technique_common>
            <accessor source="#o_b_koyakaidan00_1-lib-Position-array" count="144" stride="3">
              <param name="X" type="float" />
              <param name="Y" type="float" />
              <param name="Z" type="float" />
            </accessor>
          </technique_common>
        </source>
        <source id="o_b_koyakaidan00_1-lib-Normal0">
          <float_array id="o_b_koyakaidan00_1-lib-Normal0-array" count="432">
1 0.000009999999 0
1 0 0
1 0 0
1 -0.000009999999 0
0 1 0
0 1 0
-1 0 0
-1 0.00007099999 0
1 -0.000017 0
1 0 0
1 0 0
1 0.000017 0
0 1 0
0 1 0
-1 0 0
-1 0.000029 0
1 0.000007999999 0
1 0 0
1 0 0
1 -0.000007999999 0
0 1 0
0 1 0
-1 0 0
-1 0.00006499999 0
1 0.000053 0
1 0 0
1 0 0
1 -0.000053 0
0 1 0
0 1 0
-1 0 0
-1 0.000009 0
1 0.000039 0
1 0 0
1 0 0
1 -0.000039 0
0 1 0
0 1 0
-1 0 0
-1 0.000072 0
1 -0.00008899999 0
1 0 0
1 0 0
1 0.00008899999 0
0 1 0
0 1 0
-1 0 0
-1 0.000056 0
0 1 0
0 1 0
-1 -0.00007099999 0
-1 0 0
0 -1 0
0 -1 0
0 -1 0
0 -1 0
0 0 -1
0 0 -1
0 0 -1
0 0 -1
-0.000001 0 1
-0.000001 0 1
-0.000001 0 1
-0.000001 0 1
0 1 0
0 1 0
-1 -0.000029 0
-1 0 0
0 -1 0
0 -1 0
0 -1 0
0 -1 0
-0.000001 0 -1
-0.000001 0 -1
-0.000001 0 -1
-0.000001 0 -1
-0.000001 0 1
-0.000001 0 1
-0.000001 0 1
-0.000001 0 1
0 1 0
0 1 0
-1 -0.00006499999 0
-1 0 0
0 -1 0
0 -1 0
0 -1 0
0 -1 0
0.000002 0 -1
0.000002 0 -1
0.000002 0 -1
0.000002 0 -1
0.000002 0 1
0.000002 0 1
0.000002 0 1
0.000002 0 1
0 1 0
0 1 0
-1 -0.000009 0
-1 0 0
0 -1 0
0 -1 0
0 -1 0
0 -1 0
0.000001 0 -1
0.000001 0 -1
0.000001 0 -1
0.000001 0 -1
0.000001 0 1
0.000001 0 1
0.000001 0 1
0.000001 0 1
0 1 0
0 1 0
-1 -0.000072 0
-1 0 0
0 -1 0
0 -1 0
0 -1 0
0 -1 0
-0.000001 0 -1
-0.000001 0 -1
-0.000001 0 -1
-0.000001 0 -1
0.000002 0 1
0.000002 0 1
0.000002 0 1
0.000002 0 1
0 1 0
0 1 0
-1 -0.000056 0
-1 0 0
0 -1 0
0 -1 0
0 -1 0
0 -1 0
0 0 -1
0 0 -1
0 0 -1
0 0 -1
0 0 1
0 0 1
0 0 1
0 0 1
</float_array>
          <technique_common>
            <accessor source="#o_b_koyakaidan00_1-lib-Normal0-array" count="144" stride="3">
              <param name="X" type="float" />
              <param name="Y" type="float" />
              <param name="Z" type="float" />
            </accessor>
          </technique_common>
        </source>
        <source id="o_b_koyakaidan00_1-lib-UV0">
          <float_array id="o_b_koyakaidan00_1-lib-UV0-array" count="288">
0.8569759 1.99036
0.8569759 1.746279
0.917922 1.99036
0.917922 1.746279
0.008889 1.984767
0.421024 1.984767
0.92885 1.746274
0.92885 1.990355
0.8569759 1.99036
0.8569759 1.746279
0.917922 1.99036
0.917922 1.746279
0.008889 1.984767
0.421024 1.984767
0.92885 1.746274
0.92885 1.990355
0.8569759 1.99036
0.8569759 1.746279
0.917922 1.99036
0.917922 1.746279
0.008889 1.984767
0.421024 1.984767
0.92885 1.746274
0.92885 1.990355
0.8569759 1.99036
0.8569759 1.746279
0.917922 1.99036
0.917922 1.746279
0.008889 1.984767
0.421024 1.984767
0.92885 1.746274
0.92885 1.990355
0.8569759 1.99036
0.8569759 1.746279
0.917922 1.99036
0.917922 1.746279
0.008889 1.984767
0.421024 1.984767
0.92885 1.746274
0.92885 1.990355
0.8569759 1.99036
0.8569759 1.746279
0.917922 1.99036
0.917922 1.746279
0.008889 1.984767
0.421024 1.984767
0.92885 1.746274
0.92885 1.990355
0.008889 1.015123
0.421024 1.015123
0.989796 1.746274
0.989796 1.990355
0.434387 1.984769
0.846523 1.984769
0.434387 1.015123
0.846523 1.015123
0.856808 1.742539
0.856808 1.005939
0.917922 1.742539
0.917922 1.005939
0.92885 1.742535
0.92885 1.005943
0.989796 1.742535
0.989796 1.005943
0.008889 1.015123
0.421024 1.015123
0.989796 1.746274
0.989796 1.990355
0.434387 1.984769
0.846523 1.984769
0.434387 1.015123
0.846523 1.015123
0.856808 1.742539
0.856808 1.005939
0.917922 1.742539
0.917922 1.005939
0.92885 1.742535
0.92885 1.005943
0.989796 1.742535
0.989796 1.005943
0.008889 1.015123
0.421024 1.015123
0.989796 1.746274
0.989796 1.990355
0.434387 1.984769
0.846523 1.984769
0.434387 1.015123
0.846523 1.015123
0.856808 1.742539
0.856808 1.005939
0.917922 1.742539
0.917922 1.005939
0.92885 1.742535
0.92885 1.005943
0.989796 1.742535
0.989796 1.005943
0.008889 1.015123
0.421024 1.015123
0.989796 1.746274
0.989796 1.990355
0.434387 1.984769
0.846523 1.984769
0.434387 1.015123
0.846523 1.015123
0.856808 1.742539
0.856808 1.005939
0.917922 1.742539
0.917922 1.005939
0.92885 1.742535
0.92885 1.005943
0.989796 1.742535
0.989796 1.005943
0.008889 1.015123
0.421024 1.015123
0.989796 1.746274
0.989796 1.990355
0.434387 1.984769
0.846523 1.984769
0.434387 1.015123
0.846523 1.015123
0.856808 1.742539
0.856808 1.005939
0.917922 1.742539
0.917922 1.005939
0.92885 1.742535
0.92885 1.005943
0.989796 1.742535
0.989796 1.005943
0.008889 1.015123
0.421024 1.015123
0.989796 1.746274
0.989796 1.990355
0.434387 1.984769
0.846523 1.984769
0.434387 1.015123
0.846523 1.015123
0.856808 1.742539
0.856808 1.005939
0.917922 1.742539
0.917922 1.005939
0.92885 1.742535
0.92885 1.005943
0.989796 1.742535
0.989796 1.005943
</float_array>
          <technique_common>
            <accessor source="#o_b_koyakaidan00_1-lib-UV0-array" count="144" stride="2">
              <param name="S" type="float" />
              <param name="T" type="float" />
            </accessor>
          </technique_common>
        </source>
        <vertices id="o_b_koyakaidan00_1-lib-Vertex">
          <input semantic="POSITION" source="#o_b_koyakaidan00_1-lib-Position" />
        </vertices>
        <polygons material="m_b_koyakaidan00" count="72">
          <input semantic="VERTEX" offset="0" source="#o_b_koyakaidan00_1-lib-Vertex" />
          <input semantic="NORMAL" offset="1" source="#o_b_koyakaidan00_1-lib-Normal0" />
          <input semantic="TEXCOORD" offset="2" set="0" source="#o_b_koyakaidan00_1-lib-UV0" />
          <p>0 0 0 1 1 1 2 2 2</p>
          <p>1 1 1 3 3 3 2 2 2</p>
          <p>48 48 48 49 49 49 4 4 4</p>
          <p>49 49 49 5 5 5 4 4 4</p>
          <p>50 50 50 51 51 51 6 6 6</p>
          <p>51 51 51 7 7 7 6 6 6</p>
          <p>52 52 52 53 53 53 54 54 54</p>
          <p>53 53 53 55 55 55 54 54 54</p>
          <p>56 56 56 57 57 57 58 58 58</p>
          <p>57 57 57 59 59 59 58 58 58</p>
          <p>60 60 60 61 61 61 62 62 62</p>
          <p>61 61 61 63 63 63 62 62 62</p>
          <p>8 8 8 9 9 9 10 10 10</p>
          <p>9 9 9 11 11 11 10 10 10</p>
          <p>64 64 64 65 65 65 12 12 12</p>
          <p>65 65 65 13 13 13 12 12 12</p>
          <p>66 66 66 67 67 67 14 14 14</p>
          <p>67 67 67 15 15 15 14 14 14</p>
          <p>68 68 68 69 69 69 70 70 70</p>
          <p>69 69 69 71 71 71 70 70 70</p>
          <p>72 72 72 73 73 73 74 74 74</p>
          <p>73 73 73 75 75 75 74 74 74</p>
          <p>76 76 76 77 77 77 78 78 78</p>
          <p>77 77 77 79 79 79 78 78 78</p>
          <p>16 16 16 17 17 17 18 18 18</p>
          <p>17 17 17 19 19 19 18 18 18</p>
          <p>80 80 80 81 81 81 20 20 20</p>
          <p>81 81 81 21 21 21 20 20 20</p>
          <p>82 82 82 83 83 83 22 22 22</p>
          <p>83 83 83 23 23 23 22 22 22</p>
          <p>84 84 84 85 85 85 86 86 86</p>
          <p>85 85 85 87 87 87 86 86 86</p>
          <p>88 88 88 89 89 89 90 90 90</p>
          <p>89 89 89 91 91 91 90 90 90</p>
          <p>92 92 92 93 93 93 94 94 94</p>
          <p>93 93 93 95 95 95 94 94 94</p>
          <p>24 24 24 25 25 25 26 26 26</p>
          <p>25 25 25 27 27 27 26 26 26</p>
          <p>96 96 96 97 97 97 28 28 28</p>
          <p>97 97 97 29 29 29 28 28 28</p>
          <p>98 98 98 99 99 99 30 30 30</p>
          <p>99 99 99 31 31 31 30 30 30</p>
          <p>100 100 100 101 101 101 102 102 102</p>
          <p>101 101 101 103 103 103 102 102 102</p>
          <p>104 104 104 105 105 105 106 106 106</p>
          <p>105 105 105 107 107 107 106 106 106</p>
          <p>108 108 108 109 109 109 110 110 110</p>
          <p>109 109 109 111 111 111 110 110 110</p>
          <p>32 32 32 33 33 33 34 34 34</p>
          <p>33 33 33 35 35 35 34 34 34</p>
          <p>112 112 112 113 113 113 36 36 36</p>
          <p>113 113 113 37 37 37 36 36 36</p>
          <p>114 114 114 115 115 115 38 38 38</p>
          <p>115 115 115 39 39 39 38 38 38</p>
          <p>116 116 116 117 117 117 118 118 118</p>
          <p>117 117 117 119 119 119 118 118 118</p>
          <p>120 120 120 121 121 121 122 122 122</p>
          <p>121 121 121 123 123 123 122 122 122</p>
          <p>124 124 124 125 125 125 126 126 126</p>
          <p>125 125 125 127 127 127 126 126 126</p>
          <p>40 40 40 41 41 41 42 42 42</p>
          <p>41 41 41 43 43 43 42 42 42</p>
          <p>128 128 128 129 129 129 44 44 44</p>
          <p>129 129 129 45 45 45 44 44 44</p>
          <p>130 130 130 131 131 131 46 46 46</p>
          <p>131 131 131 47 47 47 46 46 46</p>
          <p>132 132 132 133 133 133 134 134 134</p>
          <p>133 133 133 135 135 135 134 134 134</p>
          <p>136 136 136 137 137 137 138 138 138</p>
          <p>137 137 137 139 139 139 138 138 138</p>
          <p>140 140 140 141 141 141 142 142 142</p>
          <p>141 141 141 143 143 143 142 142 142</p>
        </polygons>
      </mesh>
    </geometry>
    <geometry id="o_b_koyahashi_0-lib" name="o_b_koyahashi_0Mesh">
      <mesh>
        <source id="o_b_koyahashi_0-lib-Position">
          <float_array id="o_b_koyahashi_0-lib-Position-array" count="528">
-78.80674 14.47024 127.9634
-78.80676 16.24714 127.9634
-78.80674 14.47024 125.6745
-78.80676 16.24714 125.6745
-91.83538 14.47024 127.9634
-91.83538 16.24714 127.9634
-91.83538 14.47024 125.6745
-91.83538 16.24714 125.6745
-107.7308 14.47024 125.6745
-107.7308 16.24713 125.6745
-107.7308 14.47024 127.9634
-107.7308 16.24713 127.9634
-124.5355 14.47024 127.9634
-124.5355 16.24714 127.9634
-124.5355 14.47024 125.6745
-124.5355 16.24714 125.6745
-141.3403 14.47024 125.6745
-141.3403 16.24713 125.6745
-141.3403 14.47024 127.9634
-141.3403 16.24713 127.9634
-157.2706 14.47024 127.9634
-157.2706 16.24714 127.9634
-157.2706 14.47024 125.6745
-157.2706 16.24714 125.6745
-78.80674 14.47024 146.2052
-78.80676 16.24714 146.2052
-78.80674 14.47024 148.4941
-78.80676 16.24714 148.4941
-91.83538 14.47024 146.2052
-91.83538 16.24714 146.2052
-91.83538 14.47024 148.4941
-91.83538 16.24714 148.4941
-107.7308 14.47024 148.4941
-107.7308 16.24713 148.4941
-107.7308 14.47024 146.2052
-107.7308 16.24713 146.2052
-124.5355 14.47024 146.2052
-124.5355 16.24714 146.2052
-124.5355 14.47024 148.4941
-124.5355 16.24714 148.4941
-141.3403 14.47024 148.4941
-141.3403 16.24713 148.4941
-141.3403 14.47024 146.2052
-141.3403 16.24713 146.2052
-157.2706 14.47024 146.2052
-157.2706 16.24714 146.2052
-157.2706 14.47024 148.4941
-157.2706 16.24714 148.4941
-78.80674 14.47024 127.9634
-78.80676 16.24714 127.9634
-78.80674 14.47024 125.6745
-78.80676 16.24714 125.6745
-78.80676 16.24714 125.6745
-91.83538 16.24714 125.6745
-78.80676 16.24714 127.9634
-91.83538 16.24714 127.9634
-91.83538 14.47024 125.6745
-78.80674 14.47024 125.6745
-91.83538 14.47024 127.9634
-78.80674 14.47024 127.9634
-91.83538 14.47024 127.9634
-91.83538 16.24714 127.9634
-91.83538 14.47024 125.6745
-91.83538 16.24714 125.6745
-107.7308 16.24713 125.6745
-107.7308 16.24713 127.9634
-91.83538 16.24714 125.6745
-91.83538 16.24714 127.9634
-91.83538 14.47024 125.6745
-91.83538 14.47024 127.9634
-107.7308 14.47024 125.6745
-107.7308 14.47024 127.9634
-107.7308 14.47024 127.9634
-107.7308 16.24713 127.9634
-107.7308 14.47024 125.6745
-107.7308 16.24713 125.6745
-107.7308 16.24713 125.6745
-124.5355 16.24714 125.6745
-107.7308 16.24713 127.9634
-124.5355 16.24714 127.9634
-124.5355 14.47024 125.6745
-107.7308 14.47024 125.6745
-124.5355 14.47024 127.9634
-107.7308 14.47024 127.9634
-157.2706 14.47024 127.9634
-157.2706 16.24714 127.9634
-157.2706 14.47024 125.6745
-157.2706 16.24714 125.6745
-141.3403 16.24713 125.6745
-157.2706 16.24714 125.6745
-141.3403 16.24713 127.9634
-157.2706 16.24714 127.9634
-157.2706 14.47024 125.6745
-141.3403 14.47024 125.6745
-157.2706 14.47024 127.9634
-141.3403 14.47024 127.9634
-141.3403 14.47024 127.9634
-124.5355 14.47024 127.9634
-141.3403 16.24713 127.9634
-124.5355 16.24714 127.9634
-124.5355 14.47024 125.6745
-141.3403 14.47024 125.6745
-124.5355 16.24714 125.6745
-141.3403 16.24713 125.6745
-141.3403 16.24713 125.6745
-141.3403 16.24713 127.9634
-124.5355 16.24714 125.6745
-124.5355 16.24714 127.9634
-124.5355 14.47024 125.6745
-124.5355 14.47024 127.9634
-141.3403 14.47024 125.6745
-141.3403 14.47024 127.9634
-78.80674 14.47024 146.2052
-78.80676 16.24714 146.2052
-78.80674 14.47024 148.4941
-78.80676 16.24714 148.4941
-78.80676 16.24714 148.4941
-78.80676 16.24714 146.2052
-91.83538 16.24714 148.4941
-91.83538 16.24714 146.2052
-91.83538 14.47024 148.4941
-91.83538 14.47024 146.2052
-78.80674 14.47024 148.4941
-78.80674 14.47024 146.2052
-91.83538 14.47024 146.2052
-91.83538 16.24714 146.2052
-91.83538 14.47024 148.4941
-91.83538 16.24714 148.4941
-107.7308 16.24713 148.4941
-91.83538 16.24714 148.4941
-107.7308 16.24713 146.2052
-91.83538 16.24714 146.2052
-91.83538 14.47024 148.4941
-107.7308 14.47024 148.4941
-91.83538 14.47024 146.2052
-107.7308 14.47024 146.2052
-107.7308 14.47024 146.2052
-107.7308 16.24713 146.2052
-107.7308 14.47024 148.4941
-107.7308 16.24713 148.4941
-107.7308 16.24713 148.4941
-107.7308 16.24713 146.2052
-124.5355 16.24714 148.4941
-124.5355 16.24714 146.2052
-124.5355 14.47024 148.4941
-124.5355 14.47024 146.2052
-107.7308 14.47024 148.4941
-107.7308 14.47024 146.2052
-157.2706 14.47024 146.2052
-157.2706 16.24714 146.2052
-157.2706 14.47024 148.4941
-157.2706 16.24714 148.4941
-141.3403 16.24713 148.4941
-141.3403 16.24713 146.2052
-157.2706 16.24714 148.4941
-157.2706 16.24714 146.2052
-157.2706 14.47024 148.4941
-157.2706 14.47024 146.2052
-141.3403 14.47024 148.4941
-141.3403 14.47024 146.2052
-141.3403 14.47024 146.2052
-141.3403 16.24713 146.2052
-124.5355 14.47024 146.2052
-124.5355 16.24714 146.2052
-124.5355 14.47024 148.4941
-124.5355 16.24714 148.4941
-141.3403 14.47024 148.4941
-141.3403 16.24713 148.4941
-141.3403 16.24713 148.4941
-124.5355 16.24714 148.4941
-141.3403 16.24713 146.2052
-124.5355 16.24714 146.2052
-124.5355 14.47024 148.4941
-141.3403 14.47024 148.4941
-124.5355 14.47024 146.2052
-141.3403 14.47024 146.2052
</float_array>
          <technique_common>
            <accessor source="#o_b_koyahashi_0-lib-Position-array" count="176" stride="3">
              <param name="X" type="float" />
              <param name="Y" type="float" />
              <param name="Z" type="float" />
            </accessor>
          </technique_common>
        </source>
        <source id="o_b_koyahashi_0-lib-Normal0">
          <float_array id="o_b_koyahashi_0-lib-Normal0-array" count="528">
1 0.000016 0
1 0.000015 0
1 0.000015 0
1 0.000014 0
0 0 1
0 0 1
0 0 -1
0 0 -1
0 0 -1
0 0 -1
0 0 1
0 0 1
0 0 1
0 0 1
0 0 -1
0 0 -1
0 0 -1
0 0 -1
0 0 1
0 0 1
0 0 1
0 0 1
-1 0.000027 0
-1 0.000021 0
1 0.000011 0
1 0.000013 0
1 0.000013 0
1 0.000016 0
0 -0.000009 -1
-0.000001 0 -1
0.000001 0 1
0.000001 0 1
0.000001 0 1
0.000001 0 1
-0.000001 0 -1
-0.000001 0 -1
-0.000001 0 -1
-0.000001 0 -1
0.000001 0 1
0.000001 0 1
0.000001 0 1
0.000002 0 1
-0.000001 0 -1
-0.000001 0 -1
-0.000001 0 -1
-0.000001 0 -1
-1 0.00003 0
-1 0.000031 0
0 0 1
0 0 1
0 0 -1
0 0 -1
0 1 0
0 1 0
0 1 0
0 1 0
0 -1 0
0 -1 0
0 -1 0
0 -1 0
0 0 1
0 0 1
0 0 -1
0 0 -1
0 1 -0.000001
0 1 -0.000001
0 1 -0.000001
0 1 -0.000001
0 -1 0
0 -1 0
0 -1 0
0 -1 0
0 0 1
0 0 1
0 0 -1
0 0 -1
0 1 -0.000001
0 1 0
0 1 0
0 1 0.000001
0 -1 0
0 -1 0
0 -1 0
0 -1 0
-1 0.000032 0
-1 0.000027 0
0 0 -1
0 0 -1
0 1 0.000001
0 1 0
0 1 0
0 1 -0.000001
0 -1 0
0 -1 0
0 -1 0
0 -1 0
0 0 1
0 0 1
0 0 1
0 0 1
0 0 -1
0 0 -1
0 0 -1
0 0 -1
0 1 0
0 1 0
0 1 0
0 1 0
0 -1 0
0 -1 0
0 -1 0
0 -1 0
0.000001 -0.000017 -1
0 -0.000009 -1
0.000001 0 1
0.000001 0 1
0 1 0
0 1 0
0 1 0
0 1 0
0 -1 0
0 -1 0
0 -1 0
0 -1 0
-0.000001 0 -1
-0.000001 0 -1
0.000001 0 1
0.000001 0 1
0 1 -0.000001
0 1 0
0 1 0
0 1 0.000001
0 -1 0
0 -1 0
0 -1 0
0 -1 0
-0.000001 0 -1
-0.000001 0 -1
0.000001 0 1
0.000002 0 1
0 1 -0.000001
0 1 -0.000001
0 1 -0.000001
0 1 -0.000001
0 -1 0
0 -1 0
0 -1 0
0 -1 0
-1 0.000029 0
-1 0.00003 0
0.000001 0 1
0.000001 0 1
0 1 0.000001
0 1 0.000001
0 1 0.000001
0 1 0.000001
0 -1 0
0 -1 0
0 -1 0
0 -1 0
-0.000001 0 -1
-0.000001 0 -1
-0.000001 0 -1
-0.000001 0 -1
0.000001 0 1
0.000001 0 1
0.000001 0 1
0.000001 0 1
0 1 0
0 1 0
0 1 0
0 1 0
0 -1 0
0 -1 0
0 -1 0
0 -1 0
</float_array>
          <technique_common>
            <accessor source="#o_b_koyahashi_0-lib-Normal0-array" count="176" stride="3">
              <param name="X" type="float" />
              <param name="Y" type="float" />
              <param name="Z" type="float" />
            </accessor>
          </technique_common>
        </source>
        <source id="o_b_koyahashi_0-lib-UV0">
          <float_array id="o_b_koyahashi_0-lib-UV0-array" count="352">
0.793026 1.990553
0.793026 1.819327
0.993495 1.990553
0.993495 1.819327
0.123565 1.956385
0.233919 1.956385
0.453171 1.956385
0.34282 1.956385
0.453171 1.007685
0.34282 1.007685
0.123565 1.007685
0.233919 1.007685
0.123565 1.956385
0.233919 1.956385
0.453171 1.956385
0.34282 1.956385
0.453171 1.007685
0.34282 1.007685
0.123565 1.007685
0.233919 1.007685
0.123565 1.994376
0.233919 1.994376
0.993495 1.990553
0.993495 1.819327
0.793026 1.990553
0.793026 1.819327
0.993495 1.990553
0.993495 1.819327
0.123565 1.956385
0.233919 1.956385
0.453171 1.956385
0.34282 1.956385
0.453171 1.007685
0.34282 1.007685
0.123565 1.007685
0.233919 1.007685
0.123565 1.956385
0.233919 1.956385
0.453171 1.956385
0.34282 1.956385
0.453171 1.007685
0.34282 1.007685
0.123565 1.007685
0.233919 1.007685
0.123565 1.994376
0.233919 1.994376
0.993495 1.990553
0.993495 1.819327
0.123565 1.007685
0.233919 1.007685
0.453171 1.007685
0.34282 1.007685
0.34282 1.007685
0.34282 1.956385
0.233919 1.007685
0.233919 1.956385
0.014666 1.956385
0.014666 1.007685
0.123565 1.956385
0.123565 1.007685
0.123565 1.956385
0.233919 1.956385
0.453171 1.956385
0.34282 1.956385
0.34282 1.007685
0.233919 1.007685
0.34282 1.956385
0.233919 1.956385
0.014666 1.956385
0.123565 1.956385
0.014666 1.007685
0.123565 1.007685
0.123565 1.007685
0.233919 1.007685
0.453171 1.007685
0.34282 1.007685
0.34282 1.007685
0.34282 1.956385
0.233919 1.007685
0.233919 1.956385
0.014666 1.956385
0.014666 1.007685
0.123565 1.956385
0.123565 1.007685
0.793026 1.990553
0.793026 1.819327
0.453171 1.994376
0.34282 1.994376
0.34282 1.007685
0.34282 1.994376
0.233919 1.007685
0.233919 1.994376
0.014666 1.994376
0.014666 1.007685
0.123565 1.994376
0.123565 1.007685
0.123565 1.007685
0.123565 1.956385
0.233919 1.007685
0.233919 1.956385
0.453171 1.956385
0.453171 1.007685
0.34282 1.956385
0.34282 1.007685
0.34282 1.007685
0.233919 1.007685
0.34282 1.956385
0.233919 1.956385
0.014666 1.956385
0.123565 1.956385
0.014666 1.007685
0.123565 1.007685
0.123565 1.007685
0.233919 1.007685
0.453171 1.007685
0.34282 1.007685
0.34282 1.007685
0.233919 1.007685
0.34282 1.956385
0.233919 1.956385
0.014666 1.956385
0.123565 1.956385
0.014666 1.007685
0.123565 1.007685
0.123565 1.956385
0.233919 1.956385
0.453171 1.956385
0.34282 1.956385
0.34282 1.007685
0.34282 1.956385
0.233919 1.007685
0.233919 1.956385
0.014666 1.956385
0.014666 1.007685
0.123565 1.956385
0.123565 1.007685
0.123565 1.007685
0.233919 1.007685
0.453171 1.007685
0.34282 1.007685
0.34282 1.007685
0.233919 1.007685
0.34282 1.956385
0.233919 1.956385
0.014666 1.956385
0.123565 1.956385
0.014666 1.007685
0.123565 1.007685
0.793026 1.990553
0.793026 1.819327
0.453171 1.994376
0.34282 1.994376
0.34282 1.007685
0.233919 1.007685
0.34282 1.994376
0.233919 1.994376
0.014666 1.994376
0.123565 1.994376
0.014666 1.007685
0.123565 1.007685
0.123565 1.007685
0.233919 1.007685
0.123565 1.956385
0.233919 1.956385
0.453171 1.956385
0.34282 1.956385
0.453171 1.007685
0.34282 1.007685
0.34282 1.007685
0.34282 1.956385
0.233919 1.007685
0.233919 1.956385
0.014666 1.956385
0.014666 1.007685
0.123565 1.956385
0.123565 1.007685
</float_array>
          <technique_common>
            <accessor source="#o_b_koyahashi_0-lib-UV0-array" count="176" stride="2">
              <param name="S" type="float" />
              <param name="T" type="float" />
            </accessor>
          </technique_common>
        </source>
        <vertices id="o_b_koyahashi_0-lib-Vertex">
          <input semantic="POSITION" source="#o_b_koyahashi_0-lib-Position" />
        </vertices>
        <polygons material="m_b_koyahashira" count="88">
          <input semantic="VERTEX" offset="0" source="#o_b_koyahashi_0-lib-Vertex" />
          <input semantic="NORMAL" offset="1" source="#o_b_koyahashi_0-lib-Normal0" />
          <input semantic="TEXCOORD" offset="2" set="0" source="#o_b_koyahashi_0-lib-UV0" />
          <p>0 0 0 2 2 2 1 1 1</p>
          <p>2 2 2 3 3 3 1 1 1</p>
          <p>48 48 48 49 49 49 4 4 4</p>
          <p>49 49 49 5 5 5 4 4 4</p>
          <p>6 6 6 7 7 7 50 50 50</p>
          <p>7 7 7 51 51 51 50 50 50</p>
          <p>52 52 52 53 53 53 54 54 54</p>
          <p>53 53 53 55 55 55 54 54 54</p>
          <p>56 56 56 57 57 57 58 58 58</p>
          <p>57 57 57 59 59 59 58 58 58</p>
          <p>10 10 10 60 60 60 11 11 11</p>
          <p>60 60 60 61 61 61 11 11 11</p>
          <p>62 62 62 8 8 8 63 63 63</p>
          <p>8 8 8 9 9 9 63 63 63</p>
          <p>64 64 64 65 65 65 66 66 66</p>
          <p>65 65 65 67 67 67 66 66 66</p>
          <p>68 68 68 69 69 69 70 70 70</p>
          <p>69 69 69 71 71 71 70 70 70</p>
          <p>72 72 72 73 73 73 12 12 12</p>
          <p>73 73 73 13 13 13 12 12 12</p>
          <p>14 14 14 15 15 15 74 74 74</p>
          <p>15 15 15 75 75 75 74 74 74</p>
          <p>76 76 76 77 77 77 78 78 78</p>
          <p>77 77 77 79 79 79 78 78 78</p>
          <p>80 80 80 81 81 81 82 82 82</p>
          <p>81 81 81 83 83 83 82 82 82</p>
          <p>18 18 18 19 19 19 20 20 20</p>
          <p>19 19 19 21 21 21 20 20 20</p>
          <p>84 84 84 85 85 85 22 22 22</p>
          <p>85 85 85 23 23 23 22 22 22</p>
          <p>86 86 86 87 87 87 16 16 16</p>
          <p>87 87 87 17 17 17 16 16 16</p>
          <p>88 88 88 89 89 89 90 90 90</p>
          <p>89 89 89 91 91 91 90 90 90</p>
          <p>92 92 92 93 93 93 94 94 94</p>
          <p>93 93 93 95 95 95 94 94 94</p>
          <p>96 96 96 97 97 97 98 98 98</p>
          <p>97 97 97 99 99 99 98 98 98</p>
          <p>100 100 100 101 101 101 102 102 102</p>
          <p>101 101 101 103 103 103 102 102 102</p>
          <p>104 104 104 105 105 105 106 106 106</p>
          <p>105 105 105 107 107 107 106 106 106</p>
          <p>108 108 108 109 109 109 110 110 110</p>
          <p>109 109 109 111 111 111 110 110 110</p>
          <p>24 24 24 25 25 25 26 26 26</p>
          <p>25 25 25 27 27 27 26 26 26</p>
          <p>112 112 112 28 28 28 113 113 113</p>
          <p>28 28 28 29 29 29 113 113 113</p>
          <p>30 30 30 114 114 114 31 31 31</p>
          <p>114 114 114 115 115 115 31 31 31</p>
          <p>116 116 116 117 117 117 118 118 118</p>
          <p>117 117 117 119 119 119 118 118 118</p>
          <p>120 120 120 121 121 121 122 122 122</p>
          <p>121 121 121 123 123 123 122 122 122</p>
          <p>34 34 34 35 35 35 124 124 124</p>
          <p>35 35 35 125 125 125 124 124 124</p>
          <p>126 126 126 127 127 127 32 32 32</p>
          <p>127 127 127 33 33 33 32 32 32</p>
          <p>128 128 128 129 129 129 130 130 130</p>
          <p>129 129 129 131 131 131 130 130 130</p>
          <p>132 132 132 133 133 133 134 134 134</p>
          <p>133 133 133 135 135 135 134 134 134</p>
          <p>136 136 136 36 36 36 137 137 137</p>
          <p>36 36 36 37 37 37 137 137 137</p>
          <p>38 38 38 138 138 138 39 39 39</p>
          <p>138 138 138 139 139 139 39 39 39</p>
          <p>140 140 140 141 141 141 142 142 142</p>
          <p>141 141 141 143 143 143 142 142 142</p>
          <p>144 144 144 145 145 145 146 146 146</p>
          <p>145 145 145 147 147 147 146 146 146</p>
          <p>42 42 42 44 44 44 43 43 43</p>
          <p>44 44 44 45 45 45 43 43 43</p>
          <p>148 148 148 46 46 46 149 149 149</p>
          <p>46 46 46 47 47 47 149 149 149</p>
          <p>150 150 150 40 40 40 151 151 151</p>
          <p>40 40 40 41 41 41 151 151 151</p>
          <p>152 152 152 153 153 153 154 154 154</p>
          <p>153 153 153 155 155 155 154 154 154</p>
          <p>156 156 156 157 157 157 158 158 158</p>
          <p>157 157 157 159 159 159 158 158 158</p>
          <p>160 160 160 161 161 161 162 162 162</p>
          <p>161 161 161 163 163 163 162 162 162</p>
          <p>164 164 164 165 165 165 166 166 166</p>
          <p>165 165 165 167 167 167 166 166 166</p>
          <p>168 168 168 169 169 169 170 170 170</p>
          <p>169 169 169 171 171 171 170 170 170</p>
          <p>172 172 172 173 173 173 174 174 174</p>
          <p>173 173 173 175 175 175 174 174 174</p>
        </polygons>
      </mesh>
    </geometry>
    <geometry id="o_b_koyahashi_1-lib" name="o_b_koyahashi_1Mesh">
      <mesh>
        <source id="o_b_koyahashi_1-lib-Position">
          <float_array id="o_b_koyahashi_1-lib-Position-array" count="576">
-156.7951 -5.145286 126.0086
-155.4837 -5.145286 126.0086
-156.7951 -5.14529 127.3064
-155.4837 -5.14529 127.3064
-156.7951 0.68646 127.3064
-155.4837 0.68646 127.3064
-156.7951 0.68646 126.0086
-155.4837 0.68646 126.0086
-156.7951 15.43686 126.0086
-155.4837 15.43686 126.0086
-156.7951 15.43686 127.3064
-155.4837 15.43686 127.3064
-156.7951 -2.617722 146.8684
-155.4837 -2.617722 146.8684
-156.7951 -2.617727 148.1663
-155.4837 -2.617727 148.1663
-156.7951 -1.310252 148.1663
-155.4837 -1.310252 148.1663
-156.7951 -1.310252 146.8684
-155.4837 -1.310252 146.8684
-156.7951 15.43686 146.8684
-155.4837 15.43686 146.8684
-156.7951 15.43686 148.1663
-155.4837 15.43686 148.1663
-152.5569 -3.017046 144.0361
-150.2968 -3.020344 144.0361
-152.5569 -3.017046 146.6825
-150.2968 -3.020344 146.6825
-152.5569 14.94757 146.6825
-150.2968 14.94757 146.6825
-152.5569 14.94757 144.0361
-150.2968 14.94757 144.0361
-152.5569 -0.308135 146.6825
-150.2968 -0.306344 146.6825
-152.5569 -0.308135 144.0361
-150.2968 -0.306344 144.0361
-150.2968 -4.793879 130.1626
-152.5569 -4.797176 130.1626
-150.2968 -4.793879 127.5163
-152.5569 -4.797176 127.5163
-150.2968 14.94757 127.5163
-152.5569 14.94757 127.5163
-150.2968 14.94757 130.1626
-152.5569 14.94757 130.1626
-150.2968 -0.22467 127.5163
-152.5569 -0.222877 127.5163
-150.2968 -0.22467 130.1626
-152.5569 -0.222877 130.1626
-83.09769 -9.431904 144.0361
-80.83759 -9.298003 144.0361
-83.09769 -9.431904 146.6825
-80.83759 -9.298003 146.6825
-83.09769 14.94757 146.6825
-80.83759 14.94757 146.6825
-83.09769 14.94757 144.0361
-80.83759 14.94757 144.0361
-83.09769 -0.473917 146.6825
-80.83756 -0.472124 146.6825
-83.09769 -0.473917 144.0361
-80.83759 -0.472124 144.0361
-80.83759 -9.294704 130.1626
-83.09769 -9.435203 130.1626
-80.83759 -9.294704 127.5163
-83.09769 -9.435203 127.5163
-80.83759 14.94757 127.5163
-83.09769 14.94757 127.5163
-80.83759 14.94757 130.1626
-83.09769 14.94757 130.1626
-80.83759 -0.473917 127.5163
-83.09772 -0.472124 127.5163
-80.83759 -0.473917 130.1626
-83.09769 -0.472124 130.1626
-155.4837 -5.14529 127.3064
-155.4837 0.68646 127.3064
-156.7951 0.68646 127.3064
-155.4837 0.68646 127.3064
-155.4837 0.68646 126.0086
-155.4837 -5.145286 126.0086
-155.4837 0.68646 127.3064
-155.4837 0.68646 126.0086
-155.4837 15.43686 127.3064
-156.7951 0.68646 127.3064
-156.7951 0.68646 126.0086
-156.7951 -5.14529 127.3064
-156.7951 -5.145286 126.0086
-155.4837 15.43686 126.0086
-156.7951 0.68646 126.0086
-155.4837 0.68646 126.0086
-156.7951 15.43686 127.3064
-156.7951 15.43686 126.0086
-156.7951 0.68646 127.3064
-156.7951 0.68646 126.0086
-155.4837 -2.617727 148.1663
-155.4837 -1.310252 148.1663
-156.7951 -1.310252 148.1663
-155.4837 -1.310252 148.1663
-155.4837 -1.310252 146.8684
-155.4837 -2.617722 146.8684
-155.4837 -1.310252 148.1663
-155.4837 -1.310252 146.8684
-155.4837 15.43686 148.1663
-156.7951 -1.310252 148.1663
-156.7951 -1.310252 146.8684
-156.7951 -2.617727 148.1663
-156.7951 -2.617722 146.8684
-155.4837 15.43686 146.8684
-156.7951 -1.310252 146.8684
-155.4837 -1.310252 146.8684
-156.7951 15.43686 148.1663
-156.7951 15.43686 146.8684
-156.7951 -1.310252 148.1663
-156.7951 -1.310252 146.8684
-150.2968 -0.306344 144.0361
-150.2968 -3.020344 146.6825
-150.2968 -0.306344 146.6825
-152.5569 14.94757 144.0361
-152.5569 -0.308135 144.0361
-152.5569 -0.308135 146.6825
-152.5569 -0.308135 146.6825
-150.2968 -0.306344 146.6825
-152.5569 14.94757 146.6825
-150.2968 -0.306344 144.0361
-150.2968 -3.020344 144.0361
-152.5569 -0.308135 144.0361
-150.2968 -0.306344 146.6825
-150.2968 -0.306344 144.0361
-150.2968 14.94757 146.6825
-150.2968 14.94757 144.0361
-152.5569 -0.308135 146.6825
-152.5569 -0.308135 144.0361
-152.5569 -3.017046 146.6825
-152.5569 -3.017046 144.0361
-152.5569 -0.222877 130.1626
-152.5569 -4.797176 127.5163
-152.5569 -0.222877 127.5163
-150.2968 14.94757 130.1626
-150.2968 -0.22467 130.1626
-150.2968 -0.22467 127.5163
-150.2968 -0.22467 127.5163
-152.5569 -0.222877 127.5163
-150.2968 14.94757 127.5163
-152.5569 -0.222877 130.1626
-152.5569 -4.797176 130.1626
-150.2968 -0.22467 130.1626
-152.5569 -0.222877 127.5163
-152.5569 -0.222877 130.1626
-152.5569 14.94757 127.5163
-152.5569 14.94757 130.1626
-150.2968 -0.22467 127.5163
-150.2968 -0.22467 130.1626
-150.2968 -4.793879 127.5163
-150.2968 -4.793879 130.1626
-80.83759 -0.472124 144.0361
-80.83759 -9.298003 146.6825
-80.83756 -0.472124 146.6825
-83.09769 14.94757 144.0361
-83.09769 -0.473917 144.0361
-83.09769 -0.473917 146.6825
-83.09769 -0.473917 146.6825
-80.83756 -0.472124 146.6825
-83.09769 14.94757 146.6825
-83.09769 -0.473917 144.0361
-80.83759 -9.298003 144.0361
-80.83759 -0.472124 144.0361
-80.83756 -0.472124 146.6825
-80.83759 -0.472124 144.0361
-80.83759 14.94757 146.6825
-80.83759 14.94757 144.0361
-83.09769 -0.473917 146.6825
-83.09769 -0.473917 144.0361
-83.09769 -9.431904 146.6825
-83.09769 -9.431904 144.0361
-83.09769 -0.472124 130.1626
-83.09769 -9.435203 127.5163
-83.09772 -0.472124 127.5163
-80.83759 14.94757 130.1626
-80.83759 -0.473917 130.1626
-80.83759 -0.473917 127.5163
-80.83759 -0.473917 127.5163
-83.09772 -0.472124 127.5163
-80.83759 14.94757 127.5163
-83.09769 -9.435203 130.1626
-83.09769 -0.472124 130.1626
-80.83759 -0.473917 130.1626
-83.09772 -0.472124 127.5163
-83.09769 -0.472124 130.1626
-83.09769 14.94757 127.5163
-83.09769 14.94757 130.1626
-80.83759 -0.473917 127.5163
-80.83759 -0.473917 130.1626
-80.83759 -9.294704 127.5163
-80.83759 -9.294704 130.1626
</float_array>
          <technique_common>
            <accessor source="#o_b_koyahashi_1-lib-Position-array" count="192" stride="3">
              <param name="X" type="float" />
              <param name="Y" type="float" />
              <param name="Z" type="float" />
            </accessor>
          </technique_common>
        </source>
        <source id="o_b_koyahashi_1-lib-Normal0">
          <float_array id="o_b_koyahashi_1-lib-Normal0-array" count="576">
-0.000004999999 0.000004 -1
1 0 0
-0.000007 0 1
-0.000007 0 1
-0.000007 0 1
-0.000007 0 1
-0.000004999999 0.000004 -1
1 0 0
0.000003 0 -1
1 0 0
-0.000001 0 1
-0.000001 0 1
0.000006 0 -1
1 -0.000007 0
0.000003 0 1
0.000003 0 1
0.000003 0 1
0.000003 0 1
0.000006 0 -1
1 -0.000007 0
-0.000009999999 0 -1
1 -0.000001 0
0.000003 0 1
0.000003 0 1
-0.000001 0 -1
1 -0.000002 0
0.000002 0 1
0.000004 0 1
-1 0 0
-0.000002 0 1
0.000004999999 0 -1
0.000004999999 0 -1
0 0 1
0.000002 0 1
0.000004999999 0 -1
0.000004999999 0 -1
-0.000006 0.000007 1
-1 -0.000001 0
-0.000003 0 -1
-0.000004999999 0 -1
1 0 0
0.000002 0 -1
-0.000002 -0.000002 1
0.000001 -0.000002 1
-0.000001 0 -1
-0.000003 0 -1
0.000001 -0.000002 1
0.000004999999 -0.000002 1
0.000004 0 -1
1 0 0
-0.000006 0 1
-0.000006 0 1
-1 0 0
-0.000003 0 1
-0.000007 0 -1
0 0 -1
-0.000006 0 1
-0.000007 0 1
0 0 -1
0.000007 0 -1
-0.000001 0.000003 1
-1 0 0
0.000002 0 -1
0.000003 0 -1
1 0 0
-0.000001 0 -1
-0.000003 -0.000002 1
0.000001 -0.000002 1
0.000001 0 -1
0.000002 0 -1
0.000001 -0.000002 1
0.000004 -0.000002 1
1 0 0
1 0 0
-0.000001 0 1
-0.000001 0 1
-0.000004999999 0.000004 -1
-0.000004999999 0.000004 -1
1 0 0
1 0 0
1 0 0
-1 0 0
-1 0 0
-1 0 0
-1 0 0
0.000003 0 -1
0.000003 0 -1
0.000003 0 -1
-1 0 0
-1 0 0
-1 0 0
-1 0 0
1 -0.000007 0
1 -0.000007 0
0.000003 0 1
0.000003 0 1
0.000006 0 -1
0.000006 0 -1
1 0.000001 0
1 0 0
1 0 0
-1 -0.000003 0
-1 0 0
-1 0 0
-1 0.000003 0
-0.000009999999 0 -1
-0.000009999999 0 -1
-0.000009999999 0 -1
-1 0 0
-1 0 0
-1 0 0
-1 0 0
1 -0.000002 0
1 -0.000002 0
1 -0.000002 0
-1 0 0
-1 0 0
-1 0 0
0.000003 0 1
0 0 1
0 0 1
-0.000002 0 -1
-0.000001 0 -1
-0.000001 0 -1
1 0 0
1 0 0
1 0 0
1 0 0
-1 -0.000002 0
-1 0 0
-1 0 0
-1 0.000002 0
-1 -0.000002 0.000003
-1 -0.000002 0.000003
-1 -0.000004 0.000006
1 0 0
1 0 0
1 0 0
0.000001 0 -1
0.000001 0 -1
0.000001 0 -1
0.000002 0.000007 1
-0.000002 0.000007 1
-0.000002 0.000007 1
-1 0.000001 0.000006
-1 0.000001 0.000003
-1 0.000001 0.000003
-1 0 0
1 0.000001 0
1 0 0
1 0 0
1 -0.000001 0
1 -0.000001 -0.000004
1 -0.000001 -0.000004
1 -0.000003 -0.000009
-1 0 0
-1 0 0
-1 0 0
0 0 1
-0.000001 0 1
-0.000001 0 1
0.000001 0 -1
0.000001 0 -1
-0.000001 0 -1
1 0.000002 -0.000009
1 0.000001 -0.000004
1 0.000001 -0.000004
1 0 0
-1 0 0
-1 0 0
-1 0 0
-1 0 0
-1 -0.000001 0.000004
-1 -0.000001 0.000004
-1 -0.000002 0.000009
1 0 0
1 0 0
1 0 0
-0.000001 0 -1
-0.000001 0 -1
-0.000001 0 -1
-0.000004 0.000003 1
-0.000001 0.000003 1
0.000002 0.000003 1
-1 0.000001 0.000009
-1 0.000001 0.000004
-1 0.000001 0.000004
-1 0 0
1 -0.000001 0
1 0 0
1 0 0
1 0.000001 0
</float_array>
          <technique_common>
            <accessor source="#o_b_koyahashi_1-lib-Normal0-array" count="192" stride="3">
              <param name="X" type="float" />
              <param name="Y" type="float" />
              <param name="Z" type="float" />
            </accessor>
          </technique_common>
        </source>
        <source id="o_b_koyahashi_1-lib-UV0">
          <float_array id="o_b_koyahashi_1-lib-UV0-array" count="384">
0.610606 -0.99449
0.458179 -0.99449
0.155325 -0.994491
0.307755 -0.994491
0.155325 -0.761668
0.307755 -0.761668
0.610608 -0.761668
0.458177 -0.761668
0.610608 -0.006248951
0.458177 -0.006248951
0.155325 -0.006248951
0.307755 -0.006248951
0.613637 -1.996798
0.4600061 -1.996798
0.154757 -1.996798
0.308392 -1.996798
0.154757 -1.882907
0.308392 -1.882907
0.613637 -1.882907
0.4600061 -1.882907
0.613637 -1.002273
0.4600061 -1.002273
0.154757 -1.002273
0.308392 -1.002273
0.610345 1.100821
0.4742 1.100821
0.171649 1.100821
0.307793 1.100821
0.171649 1.745773
0.307793 1.745773
0.610345 1.745773
0.4742 1.745773
0.171649 1.1671
0.307794 1.1671
0.610346 1.1671
0.474199 1.1671
0.610345 1.100821
0.4742 1.100821
0.171649 1.100821
0.307793 1.100821
0.171649 1.745773
0.307793 1.745773
0.610345 1.745773
0.4742 1.745773
0.171649 1.1671
0.307794 1.1671
0.610346 1.1671
0.474199 1.1671
0.610345 1.100821
0.4742 1.100821
0.171649 1.100821
0.307793 1.100821
0.171649 1.745773
0.307793 1.745773
0.610345 1.745773
0.4742 1.745773
0.171649 1.1671
0.307794 1.1671
0.610346 1.1671
0.474199 1.1671
0.610345 1.100821
0.4742 1.100821
0.171649 1.100821
0.307793 1.100821
0.171649 1.745773
0.307793 1.745773
0.610345 1.745773
0.4742 1.745773
0.171649 1.1671
0.307794 1.1671
0.610346 1.1671
0.474199 1.1671
0.307755 -0.994491
0.307755 -0.761668
0.155325 -0.761668
0.307755 -0.761668
0.458177 -0.761668
0.458179 -0.99449
0.307755 -0.761668
0.458177 -0.761668
0.307755 -0.006248951
0.155325 -0.761668
0.004906 -0.761668
0.155325 -0.994491
0.004904 -0.99449
0.458177 -0.006248951
0.610608 -0.761668
0.458177 -0.761668
0.155325 -0.006248951
0.004906 -0.006248951
0.155325 -0.761668
0.004906 -0.761668
0.308392 -1.996798
0.308392 -1.882907
0.154757 -1.882907
0.308392 -1.882907
0.4600061 -1.882907
0.4600061 -1.996798
0.308392 -1.882907
0.4600061 -1.882907
0.308392 -1.002273
0.154757 -1.882907
0.003147 -1.882907
0.154757 -1.996798
0.003147 -1.996798
0.4600061 -1.002273
0.613637 -1.882907
0.4600061 -1.882907
0.154757 -1.002273
0.003147 -1.002273
0.154757 -1.882907
0.003147 -1.882907
0.474199 1.1671
0.307793 1.100821
0.307794 1.1671
0.005242 1.745773
0.005243 1.1671
0.171649 1.1671
0.171649 1.1671
0.307794 1.1671
0.171649 1.745773
0.474199 1.1671
0.4742 1.100821
0.610346 1.1671
0.307794 1.1671
0.474199 1.1671
0.307793 1.745773
0.4742 1.745773
0.171649 1.1671
0.005243 1.1671
0.171649 1.100821
0.005242 1.100821
0.474199 1.1671
0.307793 1.100821
0.307794 1.1671
0.005242 1.745773
0.005243 1.1671
0.171649 1.1671
0.171649 1.1671
0.307794 1.1671
0.171649 1.745773
0.474199 1.1671
0.4742 1.100821
0.610346 1.1671
0.307794 1.1671
0.474199 1.1671
0.307793 1.745773
0.4742 1.745773
0.171649 1.1671
0.005243 1.1671
0.171649 1.100821
0.005242 1.100821
0.474199 1.1671
0.307793 1.100821
0.307794 1.1671
0.005242 1.745773
0.005243 1.1671
0.171649 1.1671
0.171649 1.1671
0.307794 1.1671
0.171649 1.745773
0.610346 1.1671
0.4742 1.100821
0.474199 1.1671
0.307794 1.1671
0.474199 1.1671
0.307793 1.745773
0.4742 1.745773
0.171649 1.1671
0.005243 1.1671
0.171649 1.100821
0.005242 1.100821
0.474199 1.1671
0.307793 1.100821
0.307794 1.1671
0.005242 1.745773
0.005243 1.1671
0.171649 1.1671
0.171649 1.1671
0.307794 1.1671
0.171649 1.745773
0.4742 1.100821
0.474199 1.1671
0.610346 1.1671
0.307794 1.1671
0.474199 1.1671
0.307793 1.745773
0.4742 1.745773
0.171649 1.1671
0.005243 1.1671
0.171649 1.100821
0.005242 1.100821
</float_array>
          <technique_common>
            <accessor source="#o_b_koyahashi_1-lib-UV0-array" count="192" stride="2">
              <param name="S" type="float" />
              <param name="T" type="float" />
            </accessor>
          </technique_common>
        </source>
        <vertices id="o_b_koyahashi_1-lib-Vertex">
          <input semantic="POSITION" source="#o_b_koyahashi_1-lib-Position" />
        </vertices>
        <polygons material="m_b_koyaashi" count="96">
          <input semantic="VERTEX" offset="0" source="#o_b_koyahashi_1-lib-Vertex" />
          <input semantic="NORMAL" offset="1" source="#o_b_koyahashi_1-lib-Normal0" />
          <input semantic="TEXCOORD" offset="2" set="0" source="#o_b_koyahashi_1-lib-UV0" />
          <p>2 2 2 3 3 3 4 4 4</p>
          <p>3 3 3 5 5 5 4 4 4</p>
          <p>1 1 1 7 7 7 72 72 72</p>
          <p>7 7 7 73 73 73 72 72 72</p>
          <p>74 74 74 75 75 75 10 10 10</p>
          <p>75 75 75 11 11 11 10 10 10</p>
          <p>6 6 6 76 76 76 0 0 0</p>
          <p>76 76 76 77 77 77 0 0 0</p>
          <p>78 78 78 79 79 79 80 80 80</p>
          <p>79 79 79 9 9 9 80 80 80</p>
          <p>81 81 81 82 82 82 83 83 83</p>
          <p>82 82 82 84 84 84 83 83 83</p>
          <p>8 8 8 85 85 85 86 86 86</p>
          <p>85 85 85 87 87 87 86 86 86</p>
          <p>88 88 88 89 89 89 90 90 90</p>
          <p>89 89 89 91 91 91 90 90 90</p>
          <p>14 14 14 15 15 15 16 16 16</p>
          <p>15 15 15 17 17 17 16 16 16</p>
          <p>13 13 13 19 19 19 92 92 92</p>
          <p>19 19 19 93 93 93 92 92 92</p>
          <p>94 94 94 95 95 95 22 22 22</p>
          <p>95 95 95 23 23 23 22 22 22</p>
          <p>18 18 18 96 96 96 12 12 12</p>
          <p>96 96 96 97 97 97 12 12 12</p>
          <p>98 98 98 99 99 99 100 100 100</p>
          <p>99 99 99 21 21 21 100 100 100</p>
          <p>101 101 101 102 102 102 103 103 103</p>
          <p>102 102 102 104 104 104 103 103 103</p>
          <p>20 20 20 105 105 105 106 106 106</p>
          <p>105 105 105 107 107 107 106 106 106</p>
          <p>108 108 108 109 109 109 110 110 110</p>
          <p>109 109 109 111 111 111 110 110 110</p>
          <p>27 27 27 33 33 33 26 26 26</p>
          <p>26 26 26 33 33 33 32 32 32</p>
          <p>30 30 30 31 31 31 34 34 34</p>
          <p>31 31 31 35 35 35 34 34 34</p>
          <p>25 25 25 112 112 112 113 113 113</p>
          <p>112 112 112 114 114 114 113 113 113</p>
          <p>115 115 115 116 116 116 28 28 28</p>
          <p>116 116 116 117 117 117 28 28 28</p>
          <p>118 118 118 119 119 119 120 120 120</p>
          <p>119 119 119 29 29 29 120 120 120</p>
          <p>121 121 121 122 122 122 123 123 123</p>
          <p>123 123 123 122 122 122 24 24 24</p>
          <p>124 124 124 125 125 125 126 126 126</p>
          <p>125 125 125 127 127 127 126 126 126</p>
          <p>128 128 128 129 129 129 130 130 130</p>
          <p>129 129 129 131 131 131 130 130 130</p>
          <p>39 39 39 45 45 45 38 38 38</p>
          <p>38 38 38 45 45 45 44 44 44</p>
          <p>42 42 42 43 43 43 46 46 46</p>
          <p>43 43 43 47 47 47 46 46 46</p>
          <p>37 37 37 132 132 132 133 133 133</p>
          <p>132 132 132 134 134 134 133 133 133</p>
          <p>135 135 135 136 136 136 40 40 40</p>
          <p>136 136 136 137 137 137 40 40 40</p>
          <p>138 138 138 139 139 139 140 140 140</p>
          <p>139 139 139 41 41 41 140 140 140</p>
          <p>141 141 141 142 142 142 143 143 143</p>
          <p>143 143 143 142 142 142 36 36 36</p>
          <p>144 144 144 145 145 145 146 146 146</p>
          <p>145 145 145 147 147 147 146 146 146</p>
          <p>148 148 148 149 149 149 150 150 150</p>
          <p>149 149 149 151 151 151 150 150 150</p>
          <p>50 50 50 51 51 51 56 56 56</p>
          <p>51 51 51 57 57 57 56 56 56</p>
          <p>54 54 54 55 55 55 58 58 58</p>
          <p>55 55 55 59 59 59 58 58 58</p>
          <p>49 49 49 152 152 152 153 153 153</p>
          <p>152 152 152 154 154 154 153 153 153</p>
          <p>155 155 155 156 156 156 52 52 52</p>
          <p>156 156 156 157 157 157 52 52 52</p>
          <p>158 158 158 159 159 159 160 160 160</p>
          <p>159 159 159 53 53 53 160 160 160</p>
          <p>48 48 48 161 161 161 162 162 162</p>
          <p>161 161 161 163 163 163 162 162 162</p>
          <p>164 164 164 165 165 165 166 166 166</p>
          <p>165 165 165 167 167 167 166 166 166</p>
          <p>168 168 168 169 169 169 170 170 170</p>
          <p>169 169 169 171 171 171 170 170 170</p>
          <p>63 63 63 69 69 69 62 62 62</p>
          <p>62 62 62 69 69 69 68 68 68</p>
          <p>66 66 66 67 67 67 70 70 70</p>
          <p>67 67 67 71 71 71 70 70 70</p>
          <p>61 61 61 172 172 172 173 173 173</p>
          <p>172 172 172 174 174 174 173 173 173</p>
          <p>175 175 175 176 176 176 64 64 64</p>
          <p>176 176 176 177 177 177 64 64 64</p>
          <p>178 178 178 179 179 179 180 180 180</p>
          <p>179 179 179 65 65 65 180 180 180</p>
          <p>181 181 181 60 60 60 182 182 182</p>
          <p>183 183 183 182 182 182 60 60 60</p>
          <p>184 184 184 185 185 185 186 186 186</p>
          <p>185 185 185 187 187 187 186 186 186</p>
          <p>188 188 188 189 189 189 190 190 190</p>
          <p>189 189 189 191 191 191 190 190 190</p>
        </polygons>
      </mesh>
    </geometry>
    <geometry id="o_b_koyahashi_2-lib" name="o_b_koyahashi_2Mesh">
      <mesh>
        <source id="o_b_koyahashi_2-lib-Position">
          <float_array id="o_b_koyahashi_2-lib-Position-array" count="96">
-64.12691 0.8971861 129.3175
-60.88107 0.912721 129.3175
-64.1269 0.8971901 128.4269
-60.88107 0.912716 128.4269
-81.29084 14.10026 128.4269
-80.2188 15.26148 128.4269
-81.29084 14.10026 129.3175
-80.2188 15.26148 129.3175
-64.12691 0.8971861 144.9118
-60.88107 0.912721 144.9118
-64.1269 0.8971901 145.8024
-60.88107 0.912716 145.8024
-81.29084 14.10026 145.8024
-80.2188 15.26148 145.8024
-81.29084 14.10026 144.9118
-80.2188 15.26148 144.9118
-60.88107 0.912721 129.3175
-60.88107 0.912716 128.4269
-80.2188 15.26148 129.3175
-80.2188 15.26148 128.4269
-81.29084 14.10026 129.3175
-81.29084 14.10026 128.4269
-64.12691 0.8971861 129.3175
-64.1269 0.8971901 128.4269
-60.88107 0.912721 144.9118
-80.2188 15.26148 144.9118
-60.88107 0.912716 145.8024
-80.2188 15.26148 145.8024
-81.29084 14.10026 144.9118
-64.12691 0.8971861 144.9118
-81.29084 14.10026 145.8024
-64.1269 0.8971901 145.8024
</float_array>
          <technique_common>
            <accessor source="#o_b_koyahashi_2-lib-Position-array" count="32" stride="3">
              <param name="X" type="float" />
              <param name="Y" type="float" />
              <param name="Z" type="float" />
            </accessor>
          </technique_common>
        </source>
        <source id="o_b_koyahashi_2-lib-Normal0">
          <float_array id="o_b_koyahashi_2-lib-Normal0-array" count="96">
-0.000001 0 1
0.000002 0 1
-0.000001 0 -1
-0.000002 0 -1
0 0 -1
-0.000001 0 -1
-0.000003 0 1
-0.000001 0 1
0.000001 0 -1
0.000001 0 -1
0 0 1
-0.000003 0 1
0.000002 0 1
0 0 1
0 0 -1
0.000001 0 -1
0.5958861 0.803069 -0.000004
0.595884 0.8030699 -0.000003
0.595884 0.8030699 -0.000003
0.595883 0.803071 -0.000001
-0.6097111 -0.792624 0
-0.609712 -0.7926229 -0.000007
-0.609712 -0.7926229 -0.000007
-0.609713 -0.792622 -0.000015
0.5958871 0.803069 0.000004
0.5958871 0.803069 0.000003
0.5958871 0.803069 0.000003
0.5958871 0.803069 0.000001
-0.609712 -0.7926229 -0.000001
-0.609713 -0.792622 0.000007
-0.609713 -0.792622 0.000007
-0.609714 -0.792621 0.000015
</float_array>
          <technique_common>
            <accessor source="#o_b_koyahashi_2-lib-Normal0-array" count="32" stride="3">
              <param name="X" type="float" />
              <param name="Y" type="float" />
              <param name="Z" type="float" />
            </accessor>
          </technique_common>
        </source>
        <source id="o_b_koyahashi_2-lib-UV0">
          <float_array id="o_b_koyahashi_2-lib-UV0-array" count="64">
0.310409 1.003953
0.213011 1.003953
0.064507 1.003953
0.15581 1.003953
0.064507 1.996729
0.15581 1.996729
0.310409 1.996729
0.213011 1.996729
0.310409 1.003953
0.213011 1.003953
0.064507 1.003953
0.15581 1.003953
0.064507 1.996729
0.15581 1.996729
0.310409 1.996729
0.213011 1.996729
0.213011 1.003953
0.15581 1.003953
0.213011 1.996729
0.15581 1.996729
0.007305001 1.996729
0.064507 1.996729
0.007305001 1.003953
0.064507 1.003953
0.213011 1.003953
0.213011 1.996729
0.15581 1.003953
0.15581 1.996729
0.007305001 1.996729
0.007305001 1.003953
0.064507 1.996729
0.064507 1.003953
</float_array>
          <technique_common>
            <accessor source="#o_b_koyahashi_2-lib-UV0-array" count="32" stride="2">
              <param name="S" type="float" />
              <param name="T" type="float" />
            </accessor>
          </technique_common>
        </source>
        <vertices id="o_b_koyahashi_2-lib-Vertex">
          <input semantic="POSITION" source="#o_b_koyahashi_2-lib-Position" />
        </vertices>
        <polygons material="m_b_koyakaidanhashira" count="16">
          <input semantic="VERTEX" offset="0" source="#o_b_koyahashi_2-lib-Vertex" />
          <input semantic="NORMAL" offset="1" source="#o_b_koyahashi_2-lib-Normal0" />
          <input semantic="TEXCOORD" offset="2" set="0" source="#o_b_koyahashi_2-lib-UV0" />
          <p>3 3 3 2 2 2 5 5 5</p>
          <p>2 2 2 4 4 4 5 5 5</p>
          <p>1 1 1 7 7 7 0 0 0</p>
          <p>6 6 6 0 0 0 7 7 7</p>
          <p>16 16 16 17 17 17 18 18 18</p>
          <p>17 17 17 19 19 19 18 18 18</p>
          <p>20 20 20 21 21 21 22 22 22</p>
          <p>21 21 21 23 23 23 22 22 22</p>
          <p>11 11 11 13 13 13 10 10 10</p>
          <p>10 10 10 13 13 13 12 12 12</p>
          <p>9 9 9 8 8 8 15 15 15</p>
          <p>14 14 14 15 15 15 8 8 8</p>
          <p>24 24 24 25 25 25 26 26 26</p>
          <p>25 25 25 27 27 27 26 26 26</p>
          <p>28 28 28 29 29 29 30 30 30</p>
          <p>29 29 29 31 31 31 30 30 30</p>
        </polygons>
      </mesh>
    </geometry>
    <geometry id="o_b_koyahashi_3-lib" name="o_b_koyahashi_3Mesh">
      <mesh>
        <source id="o_b_koyahashi_3-lib-Position">
          <float_array id="o_b_koyahashi_3-lib-Position-array" count="168">
-156.7966 15.62084 146.2178
-130.2516 15.62084 146.2178
-130.2516 15.62084 127.9371
-156.7966 15.62084 127.9371
-156.7966 14.7923 127.9371
-130.2516 14.7923 127.9371
-130.2516 14.7923 146.2178
-156.7966 14.7923 146.2178
-79.2606 14.7923 146.2178
-79.2606 14.7923 127.9371
-79.2606 15.62084 127.9371
-79.2606 15.62084 146.2178
-91.2406 15.62084 127.9371
-91.2406 15.62084 146.2178
-91.2406 14.7923 146.2178
-91.2406 14.7923 127.9371
-104.1117 15.62084 127.9371
-104.1117 15.62084 146.2178
-104.1117 14.7923 146.2178
-104.1117 14.7923 127.9371
-116.8678 15.62084 127.9371
-116.8678 15.62084 146.2178
-116.8678 14.7923 146.2178
-116.8678 14.7923 127.9371
-141.5764 15.62084 146.2178
-141.5764 15.62084 127.9371
-141.5764 14.7923 127.9371
-141.5764 14.7923 146.2178
-156.7966 14.7923 127.9371
-156.7966 14.7923 146.2178
-156.7966 15.62084 127.9371
-156.7966 15.62084 146.2178
-79.2606 15.62084 127.9371
-79.2606 15.62084 146.2178
-79.2606 14.7923 146.2178
-79.2606 14.7923 127.9371
-91.2406 15.62084 127.9371
-91.2406 15.62084 146.2178
-91.2406 14.7923 146.2178
-91.2406 14.7923 127.9371
-104.1117 15.62084 127.9371
-104.1117 15.62084 146.2178
-104.1117 14.7923 146.2178
-104.1117 14.7923 127.9371
-116.8678 15.62084 127.9371
-116.8678 15.62084 146.2178
-116.8678 14.7923 146.2178
-116.8678 14.7923 127.9371
-141.5764 15.62084 127.9371
-141.5764 15.62084 146.2178
-130.2516 15.62084 127.9371
-130.2516 15.62084 146.2178
-141.5764 14.7923 146.2178
-141.5764 14.7923 127.9371
-130.2516 14.7923 146.2178
-130.2516 14.7923 127.9371
</float_array>
          <technique_common>
            <accessor source="#o_b_koyahashi_3-lib-Position-array" count="56" stride="3">
              <param name="X" type="float" />
              <param name="Y" type="float" />
              <param name="Z" type="float" />
            </accessor>
          </technique_common>
        </source>
        <source id="o_b_koyahashi_3-lib-Normal0">
          <float_array id="o_b_koyahashi_3-lib-Normal0-array" count="168">
0 1 0
0 1 0
0 1 0
0 1 0
0 -1 0
0 -1 0
0 -1 0
0 -1 0
1 -0.000002 0
1 0 0
1 0.000002 0
1 0 0
0 1 0
0 1 0
0 -1 0
0 -1 0
0 1 0
0 1 0
0 -1 0
0 -1 0
0 1 0
0 1 0
0 -1 0
0 -1 0
0 1 0
0 1 0
0 -1 0
0 -1 0
-1 -0.000013 0
-1 0 0
-1 0 0
-1 0.000013 0
0 1 0
0 1 0
0 -1 0
0 -1 0
0 1 0
0 1 0
0 -1 0
0 -1 0
0 1 0
0 1 0
0 -1 0
0 -1 0
0 1 0
0 1 0
0 -1 0
0 -1 0
0 1 0
0 1 0
0 1 0
0 1 0
0 -1 0
0 -1 0
0 -1 0
0 -1 0
</float_array>
          <technique_common>
            <accessor source="#o_b_koyahashi_3-lib-Normal0-array" count="56" stride="3">
              <param name="X" type="float" />
              <param name="Y" type="float" />
              <param name="Z" type="float" />
            </accessor>
          </technique_common>
        </source>
        <source id="o_b_koyahashi_3-lib-UV0">
          <float_array id="o_b_koyahashi_3-lib-UV0-array" count="112">
0.457167 0.009940028
0.003025 0.637351
0.457167 0.637351
0.003025 0.009940028
0.9842799 0.987985
0.9842799 0.615953
0.601633 0.615953
0.601633 0.987985
0.487137 0.992921
0.487135 0.00435704
0.5205399 0.00435704
0.520542 0.992921
0.457167 0.811861
0.003025 0.811861
0.601633 0.987985
0.9842799 0.987985
0.457167 0.637351
0.003025 0.637351
0.601633 0.638202
0.9842799 0.615953
0.457167 0.637351
0.003025 0.637351
0.601633 0.987985
0.9842799 0.987985
0.457166 0.385573
0.003025 0.385573
0.9842799 0.795843
0.601633 0.795842
0.529486 0.00435704
0.529486 0.992921
0.584277 0.00435704
0.584278 0.992921
0.457167 0.637513
0.003025 0.637513
0.601633 0.615953
0.9842799 0.615953
0.457167 0.368751
0.003025 0.368751
0.601633 0.987985
0.9842799 0.987985
0.457167 0.368751
0.003025 0.368751
0.601633 0.638202
0.9842799 0.615953
0.457167 0.368751
0.003025 0.368751
0.601633 0.987985
0.9842799 0.987985
0.003025 0.637351
0.457166 0.637351
0.003025 0.368751
0.457167 0.368751
0.601633 0.795842
0.9842799 0.795843
0.601633 0.615953
0.9842799 0.615953
</float_array>
          <technique_common>
            <accessor source="#o_b_koyahashi_3-lib-UV0-array" count="56" stride="2">
              <param name="S" type="float" />
              <param name="T" type="float" />
            </accessor>
          </technique_common>
        </source>
        <vertices id="o_b_koyahashi_3-lib-Vertex">
          <input semantic="POSITION" source="#o_b_koyahashi_3-lib-Position" />
        </vertices>
        <polygons material="m_b_koyahashi" count="28">
          <input semantic="VERTEX" offset="0" source="#o_b_koyahashi_3-lib-Vertex" />
          <input semantic="NORMAL" offset="1" source="#o_b_koyahashi_3-lib-Normal0" />
          <input semantic="TEXCOORD" offset="2" set="0" source="#o_b_koyahashi_3-lib-UV0" />
          <p>0 0 0 24 24 24 3 3 3</p>
          <p>24 24 24 25 25 25 3 3 3</p>
          <p>4 4 4 26 26 26 7 7 7</p>
          <p>26 26 26 27 27 27 7 7 7</p>
          <p>8 8 8 9 9 9 11 11 11</p>
          <p>9 9 9 10 10 10 11 11 11</p>
          <p>28 28 28 29 29 29 30 30 30</p>
          <p>29 29 29 31 31 31 30 30 30</p>
          <p>12 12 12 13 13 13 32 32 32</p>
          <p>13 13 13 33 33 33 32 32 32</p>
          <p>14 14 14 15 15 15 34 34 34</p>
          <p>15 15 15 35 35 35 34 34 34</p>
          <p>16 16 16 17 17 17 36 36 36</p>
          <p>17 17 17 37 37 37 36 36 36</p>
          <p>18 18 18 19 19 19 38 38 38</p>
          <p>19 19 19 39 39 39 38 38 38</p>
          <p>20 20 20 21 21 21 40 40 40</p>
          <p>21 21 21 41 41 41 40 40 40</p>
          <p>22 22 22 23 23 23 42 42 42</p>
          <p>23 23 23 43 43 43 42 42 42</p>
          <p>2 2 2 1 1 1 44 44 44</p>
          <p>1 1 1 45 45 45 44 44 44</p>
          <p>6 6 6 5 5 5 46 46 46</p>
          <p>5 5 5 47 47 47 46 46 46</p>
          <p>48 48 48 49 49 49 50 50 50</p>
          <p>49 49 49 51 51 51 50 50 50</p>
          <p>52 52 52 53 53 53 54 54 54</p>
          <p>53 53 53 55 55 55 54 54 54</p>
        </polygons>
      </mesh>
    </geometry>
  </library_geometries>
  <library_visual_scenes>
    <visual_scene id="RootNode" name="RootNode">
      <node id="All_Root" name="All_Root">
        <translate sid="translate">0 0 0</translate>
        <rotate sid="rotateZ">0 0 1 0</rotate>
        <rotate sid="rotateY">0 1 0 0</rotate>
        <rotate sid="rotateX">1 0 0 0</rotate>
        <scale sid="scale">1 1 1</scale>
        <node id="SCENE_ROOT" name="SCENE_ROOT">
          <translate sid="translate">0 0 0</translate>
          <rotate sid="rotateZ">0 0 1 0</rotate>
          <rotate sid="rotateY">0 1 0 0</rotate>
          <rotate sid="rotateX">1 0 0 0</rotate>
          <scale sid="scale">1 1 1</scale>
          <node id="o_b_koyamadogara_g" name="o_b_koyamadogara_g">
            <translate sid="translate">186.5526 0.965983 -206.1482</translate>
            <rotate sid="rotateZ">0 0 1 0</rotate>
            <rotate sid="rotateY">0 1 0 0</rotate>
            <rotate sid="rotateX">1 0 0 0</rotate>
            <scale sid="scale">0.8 0.8 0.8</scale>
            <node id="o_b_koyamadogara_g_0" name="o_b_koyamadogara_g_0">
              <instance_geometry url="#o_b_koyamadogara_g_0-lib">
                <bind_material>
                  <technique_common>
                    <instance_material symbol="m_b_koyamado01" target="#m_b_koyamado01" />
                  </technique_common>
                </bind_material>
              </instance_geometry>
            </node>
            <node id="o_b_koyamadogara_g_1" name="o_b_koyamadogara_g_1">
              <instance_geometry url="#o_b_koyamadogara_g_1-lib">
                <bind_material>
                  <technique_common>
                    <instance_material symbol="m_b_koyamado00" target="#m_b_koyamado00" />
                  </technique_common>
                </bind_material>
              </instance_geometry>
            </node>
          </node>
          <node id="o_b_koyayane" name="o_b_koyayane">
            <translate sid="translate">186.5526 0.965983 -206.1482</translate>
            <rotate sid="rotateZ">0 0 1 0</rotate>
            <rotate sid="rotateY">0 1 0 0</rotate>
            <rotate sid="rotateX">1 0 0 0</rotate>
            <scale sid="scale">0.8 0.8 0.8</scale>
            <node id="o_b_koyayane_0" name="o_b_koyayane_0">
              <instance_geometry url="#o_b_koyayane_0-lib">
                <bind_material>
                  <technique_common>
                    <instance_material symbol="m_b_koyaita1" target="#m_b_koyaita1" />
                  </technique_common>
                </bind_material>
              </instance_geometry>
            </node>
            <node id="o_b_koyayane_1" name="o_b_koyayane_1">
              <instance_geometry url="#o_b_koyayane_1-lib">
                <bind_material>
                  <technique_common>
                    <instance_material symbol="m_b_koyahashira1" target="#m_b_koyahashira1" />
                  </technique_common>
                </bind_material>
              </instance_geometry>
            </node>
          </node>
          <node id="o_b_koya" name="o_b_koya">
            <translate sid="translate">186.5526 0.965983 -206.1482</translate>
            <rotate sid="rotateZ">0 0 1 0</rotate>
            <rotate sid="rotateY">0 1 0 0</rotate>
            <rotate sid="rotateX">1 0 0 0</rotate>
            <scale sid="scale">0.8 0.8 0.8</scale>
            <node id="o_b_koya_0" name="o_b_koya_0">
              <instance_geometry url="#o_b_koya_0-lib">
                <bind_material>
                  <technique_common>
                    <instance_material symbol="m_b_koyaita" target="#m_b_koyaita" />
                  </technique_common>
                </bind_material>
              </instance_geometry>
            </node>
            <node id="o_b_koya_1" name="o_b_koya_1">
              <instance_geometry url="#o_b_koya_1-lib">
                <bind_material>
                  <technique_common>
                    <instance_material symbol="m_b_koyahashira" target="#m_b_koyahashira" />
                  </technique_common>
                </bind_material>
              </instance_geometry>
            </node>
          </node>
          <node id="o_b_koyahiroba" name="o_b_koyahiroba">
            <translate sid="translate">186.5526 0.965983 -206.1482</translate>
            <rotate sid="rotateZ">0 0 1 0</rotate>
            <rotate sid="rotateY">0 1 0 0</rotate>
            <rotate sid="rotateX">1 0 0 0</rotate>
            <scale sid="scale">0.8 0.8 0.8</scale>
            <node id="o_b_koyahiroba_0" name="o_b_koyahiroba_0">
              <instance_geometry url="#o_b_koyahiroba_0-lib">
                <bind_material>
                  <technique_common>
                    <instance_material symbol="m_b_koyaita" target="#m_b_koyaita" />
                  </technique_common>
                </bind_material>
              </instance_geometry>
            </node>
            <node id="o_b_koyahiroba_1" name="o_b_koyahiroba_1">
              <instance_geometry url="#o_b_koyahiroba_1-lib">
                <bind_material>
                  <technique_common>
                    <instance_material symbol="m_b_koyahashira" target="#m_b_koyahashira" />
                  </technique_common>
                </bind_material>
              </instance_geometry>
            </node>
            <node id="o_b_koyahiroba_2" name="o_b_koyahiroba_2">
              <instance_geometry url="#o_b_koyahiroba_2-lib">
                <bind_material>
                  <technique_common>
                    <instance_material symbol="m_b_koyaashi" target="#m_b_koyaashi" />
                  </technique_common>
                </bind_material>
              </instance_geometry>
            </node>
            <node id="o_b_koyahiroba_3" name="o_b_koyahiroba_3">
              <instance_geometry url="#o_b_koyahiroba_3-lib">
                <bind_material>
                  <technique_common>
                    <instance_material symbol="m_b_koyakaidanhashira" target="#m_b_koyakaidanhashira" />
                  </technique_common>
                </bind_material>
              </instance_geometry>
            </node>
          </node>
          <node id="o_b_koyasaku02" name="o_b_koyasaku02">
            <translate sid="translate">186.5526 0.965983 -206.1482</translate>
            <rotate sid="rotateZ">0 0 1 0</rotate>
            <rotate sid="rotateY">0 1 0 0</rotate>
            <rotate sid="rotateX">1 0 0 0</rotate>
            <scale sid="scale">0.8 0.8 0.8</scale>
            <node id="o_b_koyasaku02_0" name="o_b_koyasaku02_0">
              <instance_geometry url="#o_b_koyasaku02_0-lib">
                <bind_material>
                  <technique_common>
                    <instance_material symbol="m_b_koyahashira" target="#m_b_koyahashira" />
                  </technique_common>
                </bind_material>
              </instance_geometry>
            </node>
          </node>
          <node id="o_b_koyamadowaku" name="o_b_koyamadowaku">
            <translate sid="translate">186.5526 0.965983 -206.1482</translate>
            <rotate sid="rotateZ">0 0 1 0</rotate>
            <rotate sid="rotateY">0 1 0 0</rotate>
            <rotate sid="rotateX">1 0 0 0</rotate>
            <scale sid="scale">0.8 0.8 0.8</scale>
            <node id="o_b_koyamadowaku_0" name="o_b_koyamadowaku_0">
              <instance_geometry url="#o_b_koyamadowaku_0-lib">
                <bind_material>
                  <technique_common>
                    <instance_material symbol="m_b_koyahashira" target="#m_b_koyahashira" />
                  </technique_common>
                </bind_material>
              </instance_geometry>
            </node>
          </node>
          <node id="o_b_koyakashi02" name="o_b_koyakashi02">
            <translate sid="translate">186.5526 0.965983 -206.1482</translate>
            <rotate sid="rotateZ">0 0 1 0</rotate>
            <rotate sid="rotateY">0 1 0 0</rotate>
            <rotate sid="rotateX">1 0 0 0</rotate>
            <scale sid="scale">0.8 0.8 0.8</scale>
            <node id="o_b_koyakashi02_0" name="o_b_koyakashi02_0">
              <instance_geometry url="#o_b_koyakashi02_0-lib">
                <bind_material>
                  <technique_common>
                    <instance_material symbol="m_b_koyaashi" target="#m_b_koyaashi" />
                  </technique_common>
                </bind_material>
              </instance_geometry>
            </node>
          </node>
          <node id="o_b_koyakaidan" name="o_b_koyakaidan">
            <translate sid="translate">186.5526 0.965983 -206.1482</translate>
            <rotate sid="rotateZ">0 0 1 0</rotate>
            <rotate sid="rotateY">0 1 0 0</rotate>
            <rotate sid="rotateX">1 0 0 0</rotate>
            <scale sid="scale">0.8 0.8 0.8</scale>
            <node id="o_b_koyakaidan_0" name="o_b_koyakaidan_0">
              <instance_geometry url="#o_b_koyakaidan_0-lib">
                <bind_material>
                  <technique_common>
                    <instance_material symbol="m_b_koyahashira" target="#m_b_koyahashira" />
                  </technique_common>
                </bind_material>
              </instance_geometry>
            </node>
            <node id="o_b_koyakaidan_1" name="o_b_koyakaidan_1">
              <instance_geometry url="#o_b_koyakaidan_1-lib">
                <bind_material>
                  <technique_common>
                    <instance_material symbol="m_b_koyakaidan01" target="#m_b_koyakaidan01" />
                  </technique_common>
                </bind_material>
              </instance_geometry>
            </node>
            <node id="o_b_koyakaidan_2" name="o_b_koyakaidan_2">
              <instance_geometry url="#o_b_koyakaidan_2-lib">
                <bind_material>
                  <technique_common>
                    <instance_material symbol="m_b_koyakaidan00" target="#m_b_koyakaidan00" />
                  </technique_common>
                </bind_material>
              </instance_geometry>
            </node>
          </node>
          <node id="o_b_koyasaku" name="o_b_koyasaku">
            <translate sid="translate">186.5526 0.965983 -206.1482</translate>
            <rotate sid="rotateZ">0 0 1 0</rotate>
            <rotate sid="rotateY">0 1 0 0</rotate>
            <rotate sid="rotateX">1 0 0 0</rotate>
            <scale sid="scale">0.8 0.8 0.8</scale>
            <node id="o_b_koyasaku_0" name="o_b_koyasaku_0">
              <instance_geometry url="#o_b_koyasaku_0-lib">
                <bind_material>
                  <technique_common>
                    <instance_material symbol="m_b_koyahashira" target="#m_b_koyahashira" />
                  </technique_common>
                </bind_material>
              </instance_geometry>
            </node>
          </node>
          <node id="o_b_koyaashihoso" name="o_b_koyaashihoso">
            <translate sid="translate">186.5526 0.965983 -206.1482</translate>
            <rotate sid="rotateZ">0 0 1 0</rotate>
            <rotate sid="rotateY">0 1 0 0</rotate>
            <rotate sid="rotateX">1 0 0 0</rotate>
            <scale sid="scale">0.8 0.8 0.8</scale>
            <node id="o_b_koyaashihoso_0" name="o_b_koyaashihoso_0">
              <instance_geometry url="#o_b_koyaashihoso_0-lib">
                <bind_material>
                  <technique_common>
                    <instance_material symbol="m_b_koyaashi" target="#m_b_koyaashi" />
                  </technique_common>
                </bind_material>
              </instance_geometry>
            </node>
          </node>
          <node id="o_b_koyakaidan00" name="o_b_koyakaidan00">
            <translate sid="translate">186.5526 0.965983 -206.1482</translate>
            <rotate sid="rotateZ">0 0 1 0</rotate>
            <rotate sid="rotateY">0 1 0 0</rotate>
            <rotate sid="rotateX">1 0 0 0</rotate>
            <scale sid="scale">0.8 0.8 0.8</scale>
            <node id="o_b_koyakaidan00_0" name="o_b_koyakaidan00_0">
              <instance_geometry url="#o_b_koyakaidan00_0-lib">
                <bind_material>
                  <technique_common>
                    <instance_material symbol="m_b_koyaashi" target="#m_b_koyaashi" />
                  </technique_common>
                </bind_material>
              </instance_geometry>
            </node>
            <node id="o_b_koyakaidan00_1" name="o_b_koyakaidan00_1">
              <instance_geometry url="#o_b_koyakaidan00_1-lib">
                <bind_material>
                  <technique_common>
                    <instance_material symbol="m_b_koyakaidan00" target="#m_b_koyakaidan00" />
                  </technique_common>
                </bind_material>
              </instance_geometry>
            </node>
          </node>
          <node id="o_b_koyahashi" name="o_b_koyahashi">
            <translate sid="translate">0 0 0</translate>
            <rotate sid="rotateZ">0 0 1 0</rotate>
            <rotate sid="rotateY">0 1 0 0</rotate>
            <rotate sid="rotateX">1 0 0 0</rotate>
            <scale sid="scale">1 1 1</scale>
            <node id="o_b_koyahashi_0" name="o_b_koyahashi_0">
              <instance_geometry url="#o_b_koyahashi_0-lib">
                <bind_material>
                  <technique_common>
                    <instance_material symbol="m_b_koyahashira" target="#m_b_koyahashira" />
                  </technique_common>
                </bind_material>
              </instance_geometry>
            </node>
            <node id="o_b_koyahashi_1" name="o_b_koyahashi_1">
              <instance_geometry url="#o_b_koyahashi_1-lib">
                <bind_material>
                  <technique_common>
                    <instance_material symbol="m_b_koyaashi" target="#m_b_koyaashi" />
                  </technique_common>
                </bind_material>
              </instance_geometry>
            </node>
            <node id="o_b_koyahashi_2" name="o_b_koyahashi_2">
              <instance_geometry url="#o_b_koyahashi_2-lib">
                <bind_material>
                  <technique_common>
                    <instance_material symbol="m_b_koyakaidanhashira" target="#m_b_koyakaidanhashira" />
                  </technique_common>
                </bind_material>
              </instance_geometry>
            </node>
            <node id="o_b_koyahashi_3" name="o_b_koyahashi_3">
              <instance_geometry url="#o_b_koyahashi_3-lib">
                <bind_material>
                  <technique_common>
                    <instance_material symbol="m_b_koyahashi" target="#m_b_koyahashi" />
                  </technique_common>
                </bind_material>
              </instance_geometry>
            </node>
          </node>
        </node>
      </node>
    </visual_scene>
  </library_visual_scenes>
  <scene>
    <instance_visual_scene url="#RootNode" />
  </scene>
</COLLADA>